05-Jun-2026 13:25:06.990 INFO [main] org.apache.catalina.startup.VersionLoggerListener.log Server version name:   Apache Tomcat/10.1.55
05-Jun-2026 13:25:06.995 INFO [main] org.apache.catalina.startup.VersionLoggerListener.log Server built:          May 5 2026 13:33:02 UTC
05-Jun-2026 13:25:06.995 INFO [main] org.apache.catalina.startup.VersionLoggerListener.log Server version number: 10.1.55.0
05-Jun-2026 13:25:06.995 INFO [main] org.apache.catalina.startup.VersionLoggerListener.log OS Name:               Windows 11
05-Jun-2026 13:25:06.995 INFO [main] org.apache.catalina.startup.VersionLoggerListener.log OS Version:            10.0
05-Jun-2026 13:25:06.995 INFO [main] org.apache.catalina.startup.VersionLoggerListener.log Architecture:          amd64
05-Jun-2026 13:25:06.997 INFO [main] org.apache.catalina.startup.VersionLoggerListener.log Java Home:             C:\Program Files\JetBrains\IntelliJ IDEA 2026.1.2\jbr
05-Jun-2026 13:25:06.997 INFO [main] org.apache.catalina.startup.VersionLoggerListener.log JVM Version:           25.0.2+1-b329.117
05-Jun-2026 13:25:06.997 INFO [main] org.apache.catalina.startup.VersionLoggerListener.log JVM Vendor:            JetBrains s.r.o.
05-Jun-2026 13:25:06.997 INFO [main] org.apache.catalina.startup.VersionLoggerListener.log CATALINA_BASE:         D:\JAVA_FULL_STACK\RestAPI\restApiSecond\src\main\webapp
05-Jun-2026 13:25:06.997 INFO [main] org.apache.catalina.startup.VersionLoggerListener.log CATALINA_HOME:         C:\Program Files\Apache Software Foundation\Tomcat 10.1
05-Jun-2026 13:25:07.016 INFO [main] org.apache.catalina.startup.VersionLoggerListener.log Command line argument: --add-opens=java.base/java.lang=ALL-UNNAMED
05-Jun-2026 13:25:07.016 INFO [main] org.apache.catalina.startup.VersionLoggerListener.log Command line argument: --add-opens=java.base/java.io=ALL-UNNAMED
05-Jun-2026 13:25:07.016 INFO [main] org.apache.catalina.startup.VersionLoggerListener.log Command line argument: --add-opens=java.base/java.util=ALL-UNNAMED
05-Jun-2026 13:25:07.016 INFO [main] org.apache.catalina.startup.VersionLoggerListener.log Command line argument: --add-opens=java.base/java.util.concurrent=ALL-UNNAMED
05-Jun-2026 13:25:07.016 INFO [main] org.apache.catalina.startup.VersionLoggerListener.log Command line argument: --add-opens=java.rmi/sun.rmi.transport=ALL-UNNAMED
05-Jun-2026 13:25:07.016 INFO [main] org.apache.catalina.startup.VersionLoggerListener.log Command line argument: -Dcatalina.home=C:\Program Files\Apache Software Foundation\Tomcat 10.1
05-Jun-2026 13:25:07.016 INFO [main] org.apache.catalina.startup.VersionLoggerListener.log Command line argument: -Dcatalina.base=D:\JAVA_FULL_STACK\RestAPI\restApiSecond\src\main\webapp
05-Jun-2026 13:25:07.016 INFO [main] org.apache.catalina.startup.VersionLoggerListener.log Command line argument: -Djava.io.tmpdir=D:\JAVA_FULL_STACK\RestAPI\restApiSecond\src\main\webapp\temp
05-Jun-2026 13:25:07.016 INFO [main] org.apache.catalina.startup.VersionLoggerListener.log Command line argument: -Djava.util.logging.config.file=D:\JAVA_FULL_STACK\RestAPI\restApiSecond\src\main\webapp\conf\logging.properties
05-Jun-2026 13:25:07.016 INFO [main] org.apache.catalina.startup.VersionLoggerListener.log Command line argument: -Djava.util.logging.manager=org.apache.juli.ClassLoaderLogManager
05-Jun-2026 13:25:07.017 INFO [main] org.apache.catalina.startup.VersionLoggerListener.log Command line argument: -javaagent:C:\Program Files\JetBrains\IntelliJ IDEA 2026.1.2\lib\idea_rt.jar=58661
05-Jun-2026 13:25:07.017 INFO [main] org.apache.catalina.startup.VersionLoggerListener.log Command line argument: -Dfile.encoding=UTF-8
05-Jun-2026 13:25:07.017 INFO [main] org.apache.catalina.startup.VersionLoggerListener.log Command line argument: -Dsun.stdout.encoding=UTF-8
05-Jun-2026 13:25:07.017 INFO [main] org.apache.catalina.startup.VersionLoggerListener.log Command line argument: -Dsun.stderr.encoding=UTF-8
05-Jun-2026 13:25:07.051 INFO [main] org.apache.catalina.core.AprLifecycleListener.lifecycleEvent The Apache Tomcat Native library which allows using OpenSSL was not found on the java.library.path: [C:\Program Files\JetBrains\IntelliJ IDEA 2026.1.2\jbr\bin;C:\WINDOWS\Sun\Java\bin;C:\WINDOWS\system32;C:\WINDOWS;C:\Program Files\Common Files\Oracle\Java\javapath;C:\WINDOWS\system32;C:\WINDOWS;C:\WINDOWS\System32\Wbem;C:\WINDOWS\System32\WindowsPowerShell\v1.0\;C:\WINDOWS\System32\OpenSSH\;C:\Program Files (x86)\NVIDIA Corporation\PhysX\Common;C:\Program Files\NVIDIA Corporation\NVIDIA NvDLISR;C:\Program Files\MySQL\MySQL Server 8.0\bin;C:\Program Files\nodejs\;C:\Program Files\Git\cmd;C:\Program Files\PuTTY\;C:\Program Files\dotnet\;C:\apache-maven-3.9.16-bin\apache-maven-3.9.16\bin;C:\Program Files\Java\jdk-26\bin;D:\gradle-8.14.5\bin;C:\Program Files\MySQL\MySQL Shell 8.0\bin\;D:\anaconda3;D:\anaconda3\Library\mingw-w64\bin;D:\anaconda3\Library\usr\bin;D:\anaconda3\Library\bin;D:\anaconda3\Scripts;C:\Users\Harsh Khatana\AppData\Local\Programs\Python\Python313\Scripts\;C:\Users\Harsh Khatana\AppData\Local\Programs\Python\Python313\;C:\Users\Harsh Khatana\AppData\Local\Programs\Python\Launcher\;C:\Users\Harsh Khatana\AppData\Local\Microsoft\WindowsApps;C:\Users\Harsh Khatana\AppData\Roaming\npm;D:\vs code setup\Microsoft VS Code\bin;;.]
05-Jun-2026 13:25:07.427 INFO [main] org.apache.coyote.AbstractProtocol.init Initializing ProtocolHandler ["http-nio-8081"]
05-Jun-2026 13:25:07.443 INFO [main] org.apache.catalina.startup.Catalina.load Server initialization in [738] milliseconds
05-Jun-2026 13:25:07.502 INFO [main] org.apache.catalina.core.StandardService.startInternal Starting service [Catalina]
05-Jun-2026 13:25:07.502 INFO [main] org.apache.catalina.core.StandardEngine.startInternal Starting Servlet engine: [Apache Tomcat/10.1.55]
05-Jun-2026 13:25:07.519 INFO [main] org.apache.catalina.startup.HostConfig.deployDescriptor Deploying deployment descriptor [D:\JAVA_FULL_STACK\RestAPI\restApiSecond\src\main\webapp\conf\Catalina\localhost\registrationWebApp.xml]
05-Jun-2026 13:25:08.104 INFO [main] org.apache.catalina.startup.HostConfig.deployDescriptor Deployment of deployment descriptor [D:\JAVA_FULL_STACK\RestAPI\restApiSecond\src\main\webapp\conf\Catalina\localhost\registrationWebApp.xml] has finished in [580] ms
05-Jun-2026 13:25:08.104 INFO [main] org.apache.catalina.startup.HostConfig.deployDescriptor Deploying deployment descriptor [D:\JAVA_FULL_STACK\RestAPI\restApiSecond\src\main\webapp\conf\Catalina\localhost\restApiSecond.xml]
05-Jun-2026 13:25:17.783 INFO [main] org.apache.jasper.servlet.TldScanner.scanJars At least one JAR was scanned for TLDs yet contained no TLDs. Enable debug logging for this logger for a complete list of JARs that were scanned but no TLDs were found in them. Skipping unneeded JARs during scanning can improve startup time and JSP compilation time.
05-Jun-2026 13:25:33.484 INFO [main] org.apache.catalina.startup.HostConfig.deployDescriptor Deployment of deployment descriptor [D:\JAVA_FULL_STACK\RestAPI\restApiSecond\src\main\webapp\conf\Catalina\localhost\restApiSecond.xml] has finished in [25,380] ms
05-Jun-2026 13:25:33.490 INFO [main] org.apache.coyote.AbstractProtocol.start Starting ProtocolHandler ["http-nio-8081"]
05-Jun-2026 13:25:33.520 INFO [main] org.apache.catalina.startup.Catalina.start Server startup in [26075] milliseconds
05-Jun-2026 13:25:54.237 WARNING [http-nio-8081-exec-7] org.glassfish.jersey.server.ServerRuntime$Responder.process An exception mapping did not successfully produce and processed a response. Logging the exception propagated to the default exception mapper.
	java.lang.NullPointerException: Cannot invoke "com.telusko.AlienRepository.getAliens()" because "com.telusko.AlienResources.alienRepository" is null
		at com.telusko.AlienResources.getAlien(AlienResources.java:23)
		at java.base/jdk.internal.reflect.DirectMethodHandleAccessor.invoke(DirectMethodHandleAccessor.java:104)
		at java.base/java.lang.reflect.Method.invoke(Method.java:565)
		at org.glassfish.jersey.server.model.internal.ResourceMethodInvocationHandlerFactory.lambda$static$0(ResourceMethodInvocationHandlerFactory.java:52)
		at org.glassfish.jersey.server.model.internal.AbstractJavaResourceMethodDispatcher$1.run(AbstractJavaResourceMethodDispatcher.java:146)
		at org.glassfish.jersey.server.model.internal.AbstractJavaResourceMethodDispatcher.invoke(AbstractJavaResourceMethodDispatcher.java:189)
		at org.glassfish.jersey.server.model.internal.JavaResourceMethodDispatcherProvider$TypeOutInvoker.doDispatch(JavaResourceMethodDispatcherProvider.java:219)
		at org.glassfish.jersey.server.model.internal.AbstractJavaResourceMethodDispatcher.dispatch(AbstractJavaResourceMethodDispatcher.java:93)
		at org.glassfish.jersey.server.model.ResourceMethodInvoker.invoke(ResourceMethodInvoker.java:478)
		at org.glassfish.jersey.server.model.ResourceMethodInvoker.apply(ResourceMethodInvoker.java:400)
		at org.glassfish.jersey.server.model.ResourceMethodInvoker.apply(ResourceMethodInvoker.java:81)
		at org.glassfish.jersey.server.ServerRuntime$1.run(ServerRuntime.java:263)
		at org.glassfish.jersey.internal.Errors$1.call(Errors.java:248)
		at org.glassfish.jersey.internal.Errors$1.call(Errors.java:244)
		at org.glassfish.jersey.internal.Errors.process(Errors.java:292)
		at org.glassfish.jersey.internal.Errors.process(Errors.java:274)
		at org.glassfish.jersey.internal.Errors.process(Errors.java:244)
		at org.glassfish.jersey.process.internal.RequestScope.runInScope(RequestScope.java:266)
		at org.glassfish.jersey.server.ServerRuntime.process(ServerRuntime.java:242)
		at org.glassfish.jersey.server.ApplicationHandler.handle(ApplicationHandler.java:697)
		at org.glassfish.jersey.servlet.WebComponent.serviceImpl(WebComponent.java:394)
		at org.glassfish.jersey.servlet.WebComponent.service(WebComponent.java:346)
		at org.glassfish.jersey.servlet.ServletContainer.service(ServletContainer.java:358)
		at org.glassfish.jersey.servlet.ServletContainer.service(ServletContainer.java:312)
		at org.glassfish.jersey.servlet.ServletContainer.service(ServletContainer.java:205)
		at org.apache.catalina.core.ApplicationFilterChain.internalDoFilter(ApplicationFilterChain.java:193)
		at org.apache.catalina.core.ApplicationFilterChain.doFilter(ApplicationFilterChain.java:138)
		at org.apache.tomcat.websocket.server.WsFilter.doFilter(WsFilter.java:51)
		at org.apache.catalina.core.ApplicationFilterChain.internalDoFilter(ApplicationFilterChain.java:162)
		at org.apache.catalina.core.ApplicationFilterChain.doFilter(ApplicationFilterChain.java:138)
		at org.apache.catalina.core.StandardWrapperValve.invoke(StandardWrapperValve.java:165)
		at org.apache.catalina.core.StandardContextValve.invoke(StandardContextValve.java:88)
		at org.apache.catalina.authenticator.AuthenticatorBase.invoke(AuthenticatorBase.java:492)
		at org.apache.catalina.core.StandardHostValve.invoke(StandardHostValve.java:113)
		at org.apache.catalina.valves.ErrorReportValve.invoke(ErrorReportValve.java:83)
		at org.apache.catalina.valves.AbstractAccessLogValve.invoke(AbstractAccessLogValve.java:782)
		at org.apache.catalina.core.StandardEngineValve.invoke(StandardEngineValve.java:72)
		at org.apache.catalina.connector.CoyoteAdapter.service(CoyoteAdapter.java:342)
		at org.apache.coyote.http11.Http11Processor.service(Http11Processor.java:399)
		at org.apache.coyote.AbstractProcessorLight.process(AbstractProcessorLight.java:63)
		at org.apache.coyote.AbstractProtocol$ConnectionHandler.process(AbstractProtocol.java:1272)
		at org.apache.tomcat.util.net.NioEndpoint$SocketProcessor.doRun(NioEndpoint.java:1797)
		at org.apache.tomcat.util.net.SocketProcessorBase.run(SocketProcessorBase.java:52)
		at org.apache.tomcat.util.threads.ThreadPoolExecutor.runWorker(ThreadPoolExecutor.java:973)
		at org.apache.tomcat.util.threads.ThreadPoolExecutor$Worker.run(ThreadPoolExecutor.java:491)
		at org.apache.tomcat.util.threads.TaskThread$WrappingRunnable.run(TaskThread.java:63)
		at java.base/java.lang.Thread.run(Thread.java:1474)
05-Jun-2026 13:32:50.063 INFO [Thread-1] org.apache.coyote.AbstractProtocol.pause Pausing ProtocolHandler ["http-nio-8081"]
05-Jun-2026 13:32:50.075 INFO [Thread-1] org.apache.catalina.core.StandardService.stopInternal Stopping service [Catalina]
05-Jun-2026 13:32:50.119 INFO [Thread-1] org.apache.coyote.AbstractProtocol.stop Stopping ProtocolHandler ["http-nio-8081"]
05-Jun-2026 13:32:50.132 INFO [Thread-1] org.apache.coyote.AbstractProtocol.destroy Destroying ProtocolHandler ["http-nio-8081"]
05-Jun-2026 13:33:09.651 INFO [main] org.apache.catalina.startup.VersionLoggerListener.log Server version name:   Apache Tomcat/10.1.55
05-Jun-2026 13:33:09.654 INFO [main] org.apache.catalina.startup.VersionLoggerListener.log Server built:          May 5 2026 13:33:02 UTC
05-Jun-2026 13:33:09.655 INFO [main] org.apache.catalina.startup.VersionLoggerListener.log Server version number: 10.1.55.0
05-Jun-2026 13:33:09.655 INFO [main] org.apache.catalina.startup.VersionLoggerListener.log OS Name:               Windows 11
05-Jun-2026 13:33:09.655 INFO [main] org.apache.catalina.startup.VersionLoggerListener.log OS Version:            10.0
05-Jun-2026 13:33:09.655 INFO [main] org.apache.catalina.startup.VersionLoggerListener.log Architecture:          amd64
05-Jun-2026 13:33:09.655 INFO [main] org.apache.catalina.startup.VersionLoggerListener.log Java Home:             C:\Program Files\JetBrains\IntelliJ IDEA 2026.1.2\jbr
05-Jun-2026 13:33:09.655 INFO [main] org.apache.catalina.startup.VersionLoggerListener.log JVM Version:           25.0.2+1-b329.117
05-Jun-2026 13:33:09.655 INFO [main] org.apache.catalina.startup.VersionLoggerListener.log JVM Vendor:            JetBrains s.r.o.
05-Jun-2026 13:33:09.656 INFO [main] org.apache.catalina.startup.VersionLoggerListener.log CATALINA_BASE:         D:\JAVA_FULL_STACK\RestAPI\restApiSecond\src\main\webapp
05-Jun-2026 13:33:09.656 INFO [main] org.apache.catalina.startup.VersionLoggerListener.log CATALINA_HOME:         C:\Program Files\Apache Software Foundation\Tomcat 10.1
05-Jun-2026 13:33:09.669 INFO [main] org.apache.catalina.startup.VersionLoggerListener.log Command line argument: --add-opens=java.base/java.lang=ALL-UNNAMED
05-Jun-2026 13:33:09.669 INFO [main] org.apache.catalina.startup.VersionLoggerListener.log Command line argument: --add-opens=java.base/java.io=ALL-UNNAMED
05-Jun-2026 13:33:09.669 INFO [main] org.apache.catalina.startup.VersionLoggerListener.log Command line argument: --add-opens=java.base/java.util=ALL-UNNAMED
05-Jun-2026 13:33:09.669 INFO [main] org.apache.catalina.startup.VersionLoggerListener.log Command line argument: --add-opens=java.base/java.util.concurrent=ALL-UNNAMED
05-Jun-2026 13:33:09.670 INFO [main] org.apache.catalina.startup.VersionLoggerListener.log Command line argument: --add-opens=java.rmi/sun.rmi.transport=ALL-UNNAMED
05-Jun-2026 13:33:09.670 INFO [main] org.apache.catalina.startup.VersionLoggerListener.log Command line argument: -Dcatalina.home=C:\Program Files\Apache Software Foundation\Tomcat 10.1
05-Jun-2026 13:33:09.670 INFO [main] org.apache.catalina.startup.VersionLoggerListener.log Command line argument: -Dcatalina.base=D:\JAVA_FULL_STACK\RestAPI\restApiSecond\src\main\webapp
05-Jun-2026 13:33:09.670 INFO [main] org.apache.catalina.startup.VersionLoggerListener.log Command line argument: -Djava.io.tmpdir=D:\JAVA_FULL_STACK\RestAPI\restApiSecond\src\main\webapp\temp
05-Jun-2026 13:33:09.670 INFO [main] org.apache.catalina.startup.VersionLoggerListener.log Command line argument: -Djava.util.logging.config.file=D:\JAVA_FULL_STACK\RestAPI\restApiSecond\src\main\webapp\conf\logging.properties
05-Jun-2026 13:33:09.670 INFO [main] org.apache.catalina.startup.VersionLoggerListener.log Command line argument: -Djava.util.logging.manager=org.apache.juli.ClassLoaderLogManager
05-Jun-2026 13:33:09.670 INFO [main] org.apache.catalina.startup.VersionLoggerListener.log Command line argument: -javaagent:C:\Program Files\JetBrains\IntelliJ IDEA 2026.1.2\lib\idea_rt.jar=50592
05-Jun-2026 13:33:09.670 INFO [main] org.apache.catalina.startup.VersionLoggerListener.log Command line argument: -Dfile.encoding=UTF-8
05-Jun-2026 13:33:09.670 INFO [main] org.apache.catalina.startup.VersionLoggerListener.log Command line argument: -Dsun.stdout.encoding=UTF-8
05-Jun-2026 13:33:09.670 INFO [main] org.apache.catalina.startup.VersionLoggerListener.log Command line argument: -Dsun.stderr.encoding=UTF-8
05-Jun-2026 13:33:09.697 INFO [main] org.apache.catalina.core.AprLifecycleListener.lifecycleEvent The Apache Tomcat Native library which allows using OpenSSL was not found on the java.library.path: [C:\Program Files\JetBrains\IntelliJ IDEA 2026.1.2\jbr\bin;C:\WINDOWS\Sun\Java\bin;C:\WINDOWS\system32;C:\WINDOWS;C:\Program Files\Common Files\Oracle\Java\javapath;C:\WINDOWS\system32;C:\WINDOWS;C:\WINDOWS\System32\Wbem;C:\WINDOWS\System32\WindowsPowerShell\v1.0\;C:\WINDOWS\System32\OpenSSH\;C:\Program Files (x86)\NVIDIA Corporation\PhysX\Common;C:\Program Files\NVIDIA Corporation\NVIDIA NvDLISR;C:\Program Files\MySQL\MySQL Server 8.0\bin;C:\Program Files\nodejs\;C:\Program Files\Git\cmd;C:\Program Files\PuTTY\;C:\Program Files\dotnet\;C:\apache-maven-3.9.16-bin\apache-maven-3.9.16\bin;C:\Program Files\Java\jdk-26\bin;D:\gradle-8.14.5\bin;C:\Program Files\MySQL\MySQL Shell 8.0\bin\;D:\anaconda3;D:\anaconda3\Library\mingw-w64\bin;D:\anaconda3\Library\usr\bin;D:\anaconda3\Library\bin;D:\anaconda3\Scripts;C:\Users\Harsh Khatana\AppData\Local\Programs\Python\Python313\Scripts\;C:\Users\Harsh Khatana\AppData\Local\Programs\Python\Python313\;C:\Users\Harsh Khatana\AppData\Local\Programs\Python\Launcher\;C:\Users\Harsh Khatana\AppData\Local\Microsoft\WindowsApps;C:\Users\Harsh Khatana\AppData\Roaming\npm;D:\vs code setup\Microsoft VS Code\bin;;.]
05-Jun-2026 13:33:10.024 INFO [main] org.apache.coyote.AbstractProtocol.init Initializing ProtocolHandler ["http-nio-8081"]
05-Jun-2026 13:33:10.046 INFO [main] org.apache.catalina.startup.Catalina.load Server initialization in [671] milliseconds
05-Jun-2026 13:33:10.111 INFO [main] org.apache.catalina.core.StandardService.startInternal Starting service [Catalina]
05-Jun-2026 13:33:10.112 INFO [main] org.apache.catalina.core.StandardEngine.startInternal Starting Servlet engine: [Apache Tomcat/10.1.55]
05-Jun-2026 13:33:10.129 INFO [main] org.apache.catalina.startup.HostConfig.deployDescriptor Deploying deployment descriptor [D:\JAVA_FULL_STACK\RestAPI\restApiSecond\src\main\webapp\conf\Catalina\localhost\registrationWebApp.xml]
05-Jun-2026 13:33:10.671 INFO [main] org.apache.catalina.startup.HostConfig.deployDescriptor Deployment of deployment descriptor [D:\JAVA_FULL_STACK\RestAPI\restApiSecond\src\main\webapp\conf\Catalina\localhost\registrationWebApp.xml] has finished in [536] ms
05-Jun-2026 13:33:10.671 INFO [main] org.apache.catalina.startup.HostConfig.deployDescriptor Deploying deployment descriptor [D:\JAVA_FULL_STACK\RestAPI\restApiSecond\src\main\webapp\conf\Catalina\localhost\restApiSecond.xml]
05-Jun-2026 13:33:19.388 INFO [main] org.apache.jasper.servlet.TldScanner.scanJars At least one JAR was scanned for TLDs yet contained no TLDs. Enable debug logging for this logger for a complete list of JARs that were scanned but no TLDs were found in them. Skipping unneeded JARs during scanning can improve startup time and JSP compilation time.
05-Jun-2026 13:34:14.203 INFO [main] org.apache.catalina.startup.HostConfig.deployDescriptor Deployment of deployment descriptor [D:\JAVA_FULL_STACK\RestAPI\restApiSecond\src\main\webapp\conf\Catalina\localhost\restApiSecond.xml] has finished in [63,531] ms
05-Jun-2026 13:34:14.220 INFO [main] org.apache.coyote.AbstractProtocol.start Starting ProtocolHandler ["http-nio-8081"]
05-Jun-2026 13:34:14.319 INFO [main] org.apache.catalina.startup.Catalina.start Server startup in [64270] milliseconds
05-Jun-2026 13:50:52.019 WARNING [http-nio-8081-exec-2] org.glassfish.jersey.server.ServerRuntime$Responder.process An exception mapping did not successfully produce and processed a response. Logging the exception propagated to the default exception mapper.
	java.lang.NullPointerException: Cannot invoke "com.telusko.AlienRepository.createAlien(com.telusko.Alien)" because "com.telusko.AlienResources.alienRepository" is null
		at com.telusko.AlienResources.createAlien(AlienResources.java:40)
		at java.base/jdk.internal.reflect.DirectMethodHandleAccessor.invoke(DirectMethodHandleAccessor.java:104)
		at java.base/java.lang.reflect.Method.invoke(Method.java:565)
		at org.glassfish.jersey.server.model.internal.ResourceMethodInvocationHandlerFactory.lambda$static$0(ResourceMethodInvocationHandlerFactory.java:52)
		at org.glassfish.jersey.server.model.internal.AbstractJavaResourceMethodDispatcher$1.run(AbstractJavaResourceMethodDispatcher.java:146)
		at org.glassfish.jersey.server.model.internal.AbstractJavaResourceMethodDispatcher.invoke(AbstractJavaResourceMethodDispatcher.java:189)
		at org.glassfish.jersey.server.model.internal.JavaResourceMethodDispatcherProvider$TypeOutInvoker.doDispatch(JavaResourceMethodDispatcherProvider.java:219)
		at org.glassfish.jersey.server.model.internal.AbstractJavaResourceMethodDispatcher.dispatch(AbstractJavaResourceMethodDispatcher.java:93)
		at org.glassfish.jersey.server.model.ResourceMethodInvoker.invoke(ResourceMethodInvoker.java:478)
		at org.glassfish.jersey.server.model.ResourceMethodInvoker.apply(ResourceMethodInvoker.java:400)
		at org.glassfish.jersey.server.model.ResourceMethodInvoker.apply(ResourceMethodInvoker.java:81)
		at org.glassfish.jersey.server.ServerRuntime$1.run(ServerRuntime.java:263)
		at org.glassfish.jersey.internal.Errors$1.call(Errors.java:248)
		at org.glassfish.jersey.internal.Errors$1.call(Errors.java:244)
		at org.glassfish.jersey.internal.Errors.process(Errors.java:292)
		at org.glassfish.jersey.internal.Errors.process(Errors.java:274)
		at org.glassfish.jersey.internal.Errors.process(Errors.java:244)
		at org.glassfish.jersey.process.internal.RequestScope.runInScope(RequestScope.java:266)
		at org.glassfish.jersey.server.ServerRuntime.process(ServerRuntime.java:242)
		at org.glassfish.jersey.server.ApplicationHandler.handle(ApplicationHandler.java:697)
		at org.glassfish.jersey.servlet.WebComponent.serviceImpl(WebComponent.java:394)
		at org.glassfish.jersey.servlet.WebComponent.service(WebComponent.java:346)
		at org.glassfish.jersey.servlet.ServletContainer.service(ServletContainer.java:358)
		at org.glassfish.jersey.servlet.ServletContainer.service(ServletContainer.java:312)
		at org.glassfish.jersey.servlet.ServletContainer.service(ServletContainer.java:205)
		at org.apache.catalina.core.ApplicationFilterChain.internalDoFilter(ApplicationFilterChain.java:193)
		at org.apache.catalina.core.ApplicationFilterChain.doFilter(ApplicationFilterChain.java:138)
		at org.apache.tomcat.websocket.server.WsFilter.doFilter(WsFilter.java:51)
		at org.apache.catalina.core.ApplicationFilterChain.internalDoFilter(ApplicationFilterChain.java:162)
		at org.apache.catalina.core.ApplicationFilterChain.doFilter(ApplicationFilterChain.java:138)
		at org.apache.catalina.core.StandardWrapperValve.invoke(StandardWrapperValve.java:165)
		at org.apache.catalina.core.StandardContextValve.invoke(StandardContextValve.java:88)
		at org.apache.catalina.authenticator.AuthenticatorBase.invoke(AuthenticatorBase.java:492)
		at org.apache.catalina.core.StandardHostValve.invoke(StandardHostValve.java:113)
		at org.apache.catalina.valves.ErrorReportValve.invoke(ErrorReportValve.java:83)
		at org.apache.catalina.valves.AbstractAccessLogValve.invoke(AbstractAccessLogValve.java:782)
		at org.apache.catalina.core.StandardEngineValve.invoke(StandardEngineValve.java:72)
		at org.apache.catalina.connector.CoyoteAdapter.service(CoyoteAdapter.java:342)
		at org.apache.coyote.http11.Http11Processor.service(Http11Processor.java:399)
		at org.apache.coyote.AbstractProcessorLight.process(AbstractProcessorLight.java:63)
		at org.apache.coyote.AbstractProtocol$ConnectionHandler.process(AbstractProtocol.java:1272)
		at org.apache.tomcat.util.net.NioEndpoint$SocketProcessor.doRun(NioEndpoint.java:1797)
		at org.apache.tomcat.util.net.SocketProcessorBase.run(SocketProcessorBase.java:52)
		at org.apache.tomcat.util.threads.ThreadPoolExecutor.runWorker(ThreadPoolExecutor.java:973)
		at org.apache.tomcat.util.threads.ThreadPoolExecutor$Worker.run(ThreadPoolExecutor.java:491)
		at org.apache.tomcat.util.threads.TaskThread$WrappingRunnable.run(TaskThread.java:63)
		at java.base/java.lang.Thread.run(Thread.java:1474)
05-Jun-2026 14:01:04.277 INFO [main] org.apache.catalina.startup.VersionLoggerListener.log Server version name:   Apache Tomcat/10.1.55
05-Jun-2026 14:01:04.282 INFO [main] org.apache.catalina.startup.VersionLoggerListener.log Server built:          May 5 2026 13:33:02 UTC
05-Jun-2026 14:01:04.282 INFO [main] org.apache.catalina.startup.VersionLoggerListener.log Server version number: 10.1.55.0
05-Jun-2026 14:01:04.283 INFO [main] org.apache.catalina.startup.VersionLoggerListener.log OS Name:               Windows 11
05-Jun-2026 14:01:04.283 INFO [main] org.apache.catalina.startup.VersionLoggerListener.log OS Version:            10.0
05-Jun-2026 14:01:04.283 INFO [main] org.apache.catalina.startup.VersionLoggerListener.log Architecture:          amd64
05-Jun-2026 14:01:04.283 INFO [main] org.apache.catalina.startup.VersionLoggerListener.log Java Home:             C:\Program Files\JetBrains\IntelliJ IDEA 2026.1.2\jbr
05-Jun-2026 14:01:04.283 INFO [main] org.apache.catalina.startup.VersionLoggerListener.log JVM Version:           25.0.2+1-b329.117
05-Jun-2026 14:01:04.284 INFO [main] org.apache.catalina.startup.VersionLoggerListener.log JVM Vendor:            JetBrains s.r.o.
05-Jun-2026 14:01:04.284 INFO [main] org.apache.catalina.startup.VersionLoggerListener.log CATALINA_BASE:         D:\JAVA_FULL_STACK\RestAPI\restApiSecond\src\main\webapp
05-Jun-2026 14:01:04.284 INFO [main] org.apache.catalina.startup.VersionLoggerListener.log CATALINA_HOME:         C:\Program Files\Apache Software Foundation\Tomcat 10.1
05-Jun-2026 14:01:04.301 INFO [main] org.apache.catalina.startup.VersionLoggerListener.log Command line argument: --add-opens=java.base/java.lang=ALL-UNNAMED
05-Jun-2026 14:01:04.301 INFO [main] org.apache.catalina.startup.VersionLoggerListener.log Command line argument: --add-opens=java.base/java.io=ALL-UNNAMED
05-Jun-2026 14:01:04.301 INFO [main] org.apache.catalina.startup.VersionLoggerListener.log Command line argument: --add-opens=java.base/java.util=ALL-UNNAMED
05-Jun-2026 14:01:04.301 INFO [main] org.apache.catalina.startup.VersionLoggerListener.log Command line argument: --add-opens=java.base/java.util.concurrent=ALL-UNNAMED
05-Jun-2026 14:01:04.302 INFO [main] org.apache.catalina.startup.VersionLoggerListener.log Command line argument: --add-opens=java.rmi/sun.rmi.transport=ALL-UNNAMED
05-Jun-2026 14:01:04.302 INFO [main] org.apache.catalina.startup.VersionLoggerListener.log Command line argument: -Dcatalina.home=C:\Program Files\Apache Software Foundation\Tomcat 10.1
05-Jun-2026 14:01:04.302 INFO [main] org.apache.catalina.startup.VersionLoggerListener.log Command line argument: -Dcatalina.base=D:\JAVA_FULL_STACK\RestAPI\restApiSecond\src\main\webapp
05-Jun-2026 14:01:04.302 INFO [main] org.apache.catalina.startup.VersionLoggerListener.log Command line argument: -Djava.io.tmpdir=D:\JAVA_FULL_STACK\RestAPI\restApiSecond\src\main\webapp\temp
05-Jun-2026 14:01:04.302 INFO [main] org.apache.catalina.startup.VersionLoggerListener.log Command line argument: -Djava.util.logging.config.file=D:\JAVA_FULL_STACK\RestAPI\restApiSecond\src\main\webapp\conf\logging.properties
05-Jun-2026 14:01:04.302 INFO [main] org.apache.catalina.startup.VersionLoggerListener.log Command line argument: -Djava.util.logging.manager=org.apache.juli.ClassLoaderLogManager
05-Jun-2026 14:01:04.303 INFO [main] org.apache.catalina.startup.VersionLoggerListener.log Command line argument: -javaagent:C:\Program Files\JetBrains\IntelliJ IDEA 2026.1.2\lib\idea_rt.jar=51983
05-Jun-2026 14:01:04.303 INFO [main] org.apache.catalina.startup.VersionLoggerListener.log Command line argument: -Dfile.encoding=UTF-8
05-Jun-2026 14:01:04.303 INFO [main] org.apache.catalina.startup.VersionLoggerListener.log Command line argument: -Dsun.stdout.encoding=UTF-8
05-Jun-2026 14:01:04.303 INFO [main] org.apache.catalina.startup.VersionLoggerListener.log Command line argument: -Dsun.stderr.encoding=UTF-8
05-Jun-2026 14:01:04.334 INFO [main] org.apache.catalina.core.AprLifecycleListener.lifecycleEvent The Apache Tomcat Native library which allows using OpenSSL was not found on the java.library.path: [C:\Program Files\JetBrains\IntelliJ IDEA 2026.1.2\jbr\bin;C:\WINDOWS\Sun\Java\bin;C:\WINDOWS\system32;C:\WINDOWS;C:\Program Files\Common Files\Oracle\Java\javapath;C:\WINDOWS\system32;C:\WINDOWS;C:\WINDOWS\System32\Wbem;C:\WINDOWS\System32\WindowsPowerShell\v1.0\;C:\WINDOWS\System32\OpenSSH\;C:\Program Files (x86)\NVIDIA Corporation\PhysX\Common;C:\Program Files\NVIDIA Corporation\NVIDIA NvDLISR;C:\Program Files\MySQL\MySQL Server 8.0\bin;C:\Program Files\nodejs\;C:\Program Files\Git\cmd;C:\Program Files\PuTTY\;C:\Program Files\dotnet\;C:\apache-maven-3.9.16-bin\apache-maven-3.9.16\bin;C:\Program Files\Java\jdk-26\bin;D:\gradle-8.14.5\bin;C:\Program Files\MySQL\MySQL Shell 8.0\bin\;D:\anaconda3;D:\anaconda3\Library\mingw-w64\bin;D:\anaconda3\Library\usr\bin;D:\anaconda3\Library\bin;D:\anaconda3\Scripts;C:\Users\Harsh Khatana\AppData\Local\Programs\Python\Python313\Scripts\;C:\Users\Harsh Khatana\AppData\Local\Programs\Python\Python313\;C:\Users\Harsh Khatana\AppData\Local\Programs\Python\Launcher\;C:\Users\Harsh Khatana\AppData\Local\Microsoft\WindowsApps;C:\Users\Harsh Khatana\AppData\Roaming\npm;D:\vs code setup\Microsoft VS Code\bin;;.]
05-Jun-2026 14:01:04.688 INFO [main] org.apache.coyote.AbstractProtocol.init Initializing ProtocolHandler ["http-nio-8081"]
05-Jun-2026 14:01:04.700 SEVERE [main] org.apache.catalina.util.LifecycleBase.handleSubClassException Failed to initialize component [Connector["http-nio-8081"]]
	org.apache.catalina.LifecycleException: Protocol handler initialization failed
		at org.apache.catalina.connector.Connector.initInternal(Connector.java:1084)
		at org.apache.catalina.util.LifecycleBase.init(LifecycleBase.java:122)
		at org.apache.catalina.core.StandardService.initInternal(StandardService.java:520)
		at org.apache.catalina.util.LifecycleBase.init(LifecycleBase.java:122)
		at org.apache.catalina.core.StandardServer.initInternal(StandardServer.java:955)
		at org.apache.catalina.util.LifecycleBase.init(LifecycleBase.java:122)
		at org.apache.catalina.startup.Catalina.load(Catalina.java:709)
		at org.apache.catalina.startup.Catalina.load(Catalina.java:732)
		at java.base/jdk.internal.reflect.DirectMethodHandleAccessor.invoke(DirectMethodHandleAccessor.java:104)
		at java.base/java.lang.reflect.Method.invoke(Method.java:565)
		at org.apache.catalina.startup.Bootstrap.load(Bootstrap.java:299)
		at org.apache.catalina.startup.Bootstrap.main(Bootstrap.java:472)
	Caused by: java.net.BindException: Address already in use: bind
		at java.base/sun.nio.ch.Net.bind0(Native Method)
		at java.base/sun.nio.ch.Net.bind(Net.java:522)
		at java.base/sun.nio.ch.ServerSocketChannelImpl.netBind(ServerSocketChannelImpl.java:335)
		at java.base/sun.nio.ch.ServerSocketChannelImpl.bind(ServerSocketChannelImpl.java:297)
		at org.apache.tomcat.util.net.NioEndpoint.initServerSocket(NioEndpoint.java:264)
		at org.apache.tomcat.util.net.NioEndpoint.bind(NioEndpoint.java:219)
		at org.apache.tomcat.util.net.AbstractEndpoint.bindWithCleanup(AbstractEndpoint.java:1434)
		at org.apache.tomcat.util.net.AbstractEndpoint.init(AbstractEndpoint.java:1447)
		at org.apache.coyote.AbstractProtocol.init(AbstractProtocol.java:932)
		at org.apache.coyote.http11.AbstractHttp11Protocol.init(AbstractHttp11Protocol.java:82)
		at org.apache.catalina.connector.Connector.initInternal(Connector.java:1082)
		... 11 more
05-Jun-2026 14:01:04.702 INFO [main] org.apache.catalina.startup.Catalina.load Server initialization in [763] milliseconds
05-Jun-2026 14:01:04.759 INFO [main] org.apache.catalina.core.StandardService.startInternal Starting service [Catalina]
05-Jun-2026 14:01:04.760 INFO [main] org.apache.catalina.core.StandardEngine.startInternal Starting Servlet engine: [Apache Tomcat/10.1.55]
05-Jun-2026 14:01:04.778 INFO [main] org.apache.catalina.startup.HostConfig.deployDescriptor Deploying deployment descriptor [D:\JAVA_FULL_STACK\RestAPI\restApiSecond\src\main\webapp\conf\Catalina\localhost\registrationWebApp.xml]
05-Jun-2026 14:01:05.374 INFO [main] org.apache.catalina.startup.HostConfig.deployDescriptor Deployment of deployment descriptor [D:\JAVA_FULL_STACK\RestAPI\restApiSecond\src\main\webapp\conf\Catalina\localhost\registrationWebApp.xml] has finished in [591] ms
05-Jun-2026 14:01:05.375 INFO [main] org.apache.catalina.startup.HostConfig.deployDescriptor Deploying deployment descriptor [D:\JAVA_FULL_STACK\RestAPI\restApiSecond\src\main\webapp\conf\Catalina\localhost\restApiSecond.xml]
05-Jun-2026 14:01:06.210 INFO [Thread-1] org.apache.coyote.AbstractProtocol.pause Pausing ProtocolHandler ["http-nio-8081"]
05-Jun-2026 14:01:06.228 INFO [Thread-1] org.apache.catalina.core.StandardService.stopInternal Stopping service [Catalina]
05-Jun-2026 14:01:06.290 INFO [Thread-1] org.apache.coyote.AbstractProtocol.stop Stopping ProtocolHandler ["http-nio-8081"]
05-Jun-2026 14:01:06.294 INFO [Thread-1] org.apache.coyote.AbstractProtocol.destroy Destroying ProtocolHandler ["http-nio-8081"]
05-Jun-2026 14:01:10.684 INFO [main] org.apache.catalina.startup.VersionLoggerListener.log Server version name:   Apache Tomcat/10.1.55
05-Jun-2026 14:01:10.687 INFO [main] org.apache.catalina.startup.VersionLoggerListener.log Server built:          May 5 2026 13:33:02 UTC
05-Jun-2026 14:01:10.688 INFO [main] org.apache.catalina.startup.VersionLoggerListener.log Server version number: 10.1.55.0
05-Jun-2026 14:01:10.688 INFO [main] org.apache.catalina.startup.VersionLoggerListener.log OS Name:               Windows 11
05-Jun-2026 14:01:10.688 INFO [main] org.apache.catalina.startup.VersionLoggerListener.log OS Version:            10.0
05-Jun-2026 14:01:10.688 INFO [main] org.apache.catalina.startup.VersionLoggerListener.log Architecture:          amd64
05-Jun-2026 14:01:10.688 INFO [main] org.apache.catalina.startup.VersionLoggerListener.log Java Home:             C:\Program Files\JetBrains\IntelliJ IDEA 2026.1.2\jbr
05-Jun-2026 14:01:10.688 INFO [main] org.apache.catalina.startup.VersionLoggerListener.log JVM Version:           25.0.2+1-b329.117
05-Jun-2026 14:01:10.688 INFO [main] org.apache.catalina.startup.VersionLoggerListener.log JVM Vendor:            JetBrains s.r.o.
05-Jun-2026 14:01:10.688 INFO [main] org.apache.catalina.startup.VersionLoggerListener.log CATALINA_BASE:         D:\JAVA_FULL_STACK\RestAPI\restApiSecond\src\main\webapp
05-Jun-2026 14:01:10.688 INFO [main] org.apache.catalina.startup.VersionLoggerListener.log CATALINA_HOME:         C:\Program Files\Apache Software Foundation\Tomcat 10.1
05-Jun-2026 14:01:10.706 INFO [main] org.apache.catalina.startup.VersionLoggerListener.log Command line argument: --add-opens=java.base/java.lang=ALL-UNNAMED
05-Jun-2026 14:01:10.706 INFO [main] org.apache.catalina.startup.VersionLoggerListener.log Command line argument: --add-opens=java.base/java.io=ALL-UNNAMED
05-Jun-2026 14:01:10.706 INFO [main] org.apache.catalina.startup.VersionLoggerListener.log Command line argument: --add-opens=java.base/java.util=ALL-UNNAMED
05-Jun-2026 14:01:10.706 INFO [main] org.apache.catalina.startup.VersionLoggerListener.log Command line argument: --add-opens=java.base/java.util.concurrent=ALL-UNNAMED
05-Jun-2026 14:01:10.706 INFO [main] org.apache.catalina.startup.VersionLoggerListener.log Command line argument: --add-opens=java.rmi/sun.rmi.transport=ALL-UNNAMED
05-Jun-2026 14:01:10.706 INFO [main] org.apache.catalina.startup.VersionLoggerListener.log Command line argument: -Dcatalina.home=C:\Program Files\Apache Software Foundation\Tomcat 10.1
05-Jun-2026 14:01:10.706 INFO [main] org.apache.catalina.startup.VersionLoggerListener.log Command line argument: -Dcatalina.base=D:\JAVA_FULL_STACK\RestAPI\restApiSecond\src\main\webapp
05-Jun-2026 14:01:10.706 INFO [main] org.apache.catalina.startup.VersionLoggerListener.log Command line argument: -Djava.io.tmpdir=D:\JAVA_FULL_STACK\RestAPI\restApiSecond\src\main\webapp\temp
05-Jun-2026 14:01:10.707 INFO [main] org.apache.catalina.startup.VersionLoggerListener.log Command line argument: -Djava.util.logging.config.file=D:\JAVA_FULL_STACK\RestAPI\restApiSecond\src\main\webapp\conf\logging.properties
05-Jun-2026 14:01:10.707 INFO [main] org.apache.catalina.startup.VersionLoggerListener.log Command line argument: -Djava.util.logging.manager=org.apache.juli.ClassLoaderLogManager
05-Jun-2026 14:01:10.707 INFO [main] org.apache.catalina.startup.VersionLoggerListener.log Command line argument: -javaagent:C:\Program Files\JetBrains\IntelliJ IDEA 2026.1.2\lib\idea_rt.jar=51997
05-Jun-2026 14:01:10.707 INFO [main] org.apache.catalina.startup.VersionLoggerListener.log Command line argument: -Dfile.encoding=UTF-8
05-Jun-2026 14:01:10.707 INFO [main] org.apache.catalina.startup.VersionLoggerListener.log Command line argument: -Dsun.stdout.encoding=UTF-8
05-Jun-2026 14:01:10.707 INFO [main] org.apache.catalina.startup.VersionLoggerListener.log Command line argument: -Dsun.stderr.encoding=UTF-8
05-Jun-2026 14:01:10.740 INFO [main] org.apache.catalina.core.AprLifecycleListener.lifecycleEvent The Apache Tomcat Native library which allows using OpenSSL was not found on the java.library.path: [C:\Program Files\JetBrains\IntelliJ IDEA 2026.1.2\jbr\bin;C:\WINDOWS\Sun\Java\bin;C:\WINDOWS\system32;C:\WINDOWS;C:\Program Files\Common Files\Oracle\Java\javapath;C:\WINDOWS\system32;C:\WINDOWS;C:\WINDOWS\System32\Wbem;C:\WINDOWS\System32\WindowsPowerShell\v1.0\;C:\WINDOWS\System32\OpenSSH\;C:\Program Files (x86)\NVIDIA Corporation\PhysX\Common;C:\Program Files\NVIDIA Corporation\NVIDIA NvDLISR;C:\Program Files\MySQL\MySQL Server 8.0\bin;C:\Program Files\nodejs\;C:\Program Files\Git\cmd;C:\Program Files\PuTTY\;C:\Program Files\dotnet\;C:\apache-maven-3.9.16-bin\apache-maven-3.9.16\bin;C:\Program Files\Java\jdk-26\bin;D:\gradle-8.14.5\bin;C:\Program Files\MySQL\MySQL Shell 8.0\bin\;D:\anaconda3;D:\anaconda3\Library\mingw-w64\bin;D:\anaconda3\Library\usr\bin;D:\anaconda3\Library\bin;D:\anaconda3\Scripts;C:\Users\Harsh Khatana\AppData\Local\Programs\Python\Python313\Scripts\;C:\Users\Harsh Khatana\AppData\Local\Programs\Python\Python313\;C:\Users\Harsh Khatana\AppData\Local\Programs\Python\Launcher\;C:\Users\Harsh Khatana\AppData\Local\Microsoft\WindowsApps;C:\Users\Harsh Khatana\AppData\Roaming\npm;D:\vs code setup\Microsoft VS Code\bin;;.]
05-Jun-2026 14:01:11.083 INFO [main] org.apache.coyote.AbstractProtocol.init Initializing ProtocolHandler ["http-nio-8081"]
05-Jun-2026 14:01:11.104 INFO [main] org.apache.catalina.startup.Catalina.load Server initialization in [702] milliseconds
05-Jun-2026 14:01:11.161 INFO [main] org.apache.catalina.core.StandardService.startInternal Starting service [Catalina]
05-Jun-2026 14:01:11.162 INFO [main] org.apache.catalina.core.StandardEngine.startInternal Starting Servlet engine: [Apache Tomcat/10.1.55]
05-Jun-2026 14:01:11.181 INFO [main] org.apache.catalina.startup.HostConfig.deployDescriptor Deploying deployment descriptor [D:\JAVA_FULL_STACK\RestAPI\restApiSecond\src\main\webapp\conf\Catalina\localhost\registrationWebApp.xml]
05-Jun-2026 14:01:11.734 INFO [main] org.apache.catalina.startup.HostConfig.deployDescriptor Deployment of deployment descriptor [D:\JAVA_FULL_STACK\RestAPI\restApiSecond\src\main\webapp\conf\Catalina\localhost\registrationWebApp.xml] has finished in [548] ms
05-Jun-2026 14:01:11.735 INFO [main] org.apache.catalina.startup.HostConfig.deployDescriptor Deploying deployment descriptor [D:\JAVA_FULL_STACK\RestAPI\restApiSecond\src\main\webapp\conf\Catalina\localhost\restApiSecond.xml]
05-Jun-2026 14:01:20.619 INFO [main] org.apache.jasper.servlet.TldScanner.scanJars At least one JAR was scanned for TLDs yet contained no TLDs. Enable debug logging for this logger for a complete list of JARs that were scanned but no TLDs were found in them. Skipping unneeded JARs during scanning can improve startup time and JSP compilation time.
05-Jun-2026 14:01:36.205 INFO [main] org.apache.catalina.startup.HostConfig.deployDescriptor Deployment of deployment descriptor [D:\JAVA_FULL_STACK\RestAPI\restApiSecond\src\main\webapp\conf\Catalina\localhost\restApiSecond.xml] has finished in [24,470] ms
05-Jun-2026 14:01:36.214 INFO [main] org.apache.coyote.AbstractProtocol.start Starting ProtocolHandler ["http-nio-8081"]
05-Jun-2026 14:01:36.266 INFO [main] org.apache.catalina.startup.Catalina.start Server startup in [25159] milliseconds
05-Jun-2026 14:01:47.644 WARNING [http-nio-8081-exec-2] org.glassfish.jersey.server.ServerRuntime$Responder.process An exception mapping did not successfully produce and processed a response. Logging the exception propagated to the default exception mapper.
	java.lang.NullPointerException: Cannot invoke "com.telusko.AlienRepository.createAlien(com.telusko.Alien)" because "com.telusko.AlienResources.alienRepository" is null
		at com.telusko.AlienResources.createAlien(AlienResources.java:40)
		at java.base/jdk.internal.reflect.DirectMethodHandleAccessor.invoke(DirectMethodHandleAccessor.java:104)
		at java.base/java.lang.reflect.Method.invoke(Method.java:565)
		at org.glassfish.jersey.server.model.internal.ResourceMethodInvocationHandlerFactory.lambda$static$0(ResourceMethodInvocationHandlerFactory.java:52)
		at org.glassfish.jersey.server.model.internal.AbstractJavaResourceMethodDispatcher$1.run(AbstractJavaResourceMethodDispatcher.java:146)
		at org.glassfish.jersey.server.model.internal.AbstractJavaResourceMethodDispatcher.invoke(AbstractJavaResourceMethodDispatcher.java:189)
		at org.glassfish.jersey.server.model.internal.JavaResourceMethodDispatcherProvider$TypeOutInvoker.doDispatch(JavaResourceMethodDispatcherProvider.java:219)
		at org.glassfish.jersey.server.model.internal.AbstractJavaResourceMethodDispatcher.dispatch(AbstractJavaResourceMethodDispatcher.java:93)
		at org.glassfish.jersey.server.model.ResourceMethodInvoker.invoke(ResourceMethodInvoker.java:478)
		at org.glassfish.jersey.server.model.ResourceMethodInvoker.apply(ResourceMethodInvoker.java:400)
		at org.glassfish.jersey.server.model.ResourceMethodInvoker.apply(ResourceMethodInvoker.java:81)
		at org.glassfish.jersey.server.ServerRuntime$1.run(ServerRuntime.java:263)
		at org.glassfish.jersey.internal.Errors$1.call(Errors.java:248)
		at org.glassfish.jersey.internal.Errors$1.call(Errors.java:244)
		at org.glassfish.jersey.internal.Errors.process(Errors.java:292)
		at org.glassfish.jersey.internal.Errors.process(Errors.java:274)
		at org.glassfish.jersey.internal.Errors.process(Errors.java:244)
		at org.glassfish.jersey.process.internal.RequestScope.runInScope(RequestScope.java:266)
		at org.glassfish.jersey.server.ServerRuntime.process(ServerRuntime.java:242)
		at org.glassfish.jersey.server.ApplicationHandler.handle(ApplicationHandler.java:697)
		at org.glassfish.jersey.servlet.WebComponent.serviceImpl(WebComponent.java:394)
		at org.glassfish.jersey.servlet.WebComponent.service(WebComponent.java:346)
		at org.glassfish.jersey.servlet.ServletContainer.service(ServletContainer.java:358)
		at org.glassfish.jersey.servlet.ServletContainer.service(ServletContainer.java:312)
		at org.glassfish.jersey.servlet.ServletContainer.service(ServletContainer.java:205)
		at org.apache.catalina.core.ApplicationFilterChain.internalDoFilter(ApplicationFilterChain.java:193)
		at org.apache.catalina.core.ApplicationFilterChain.doFilter(ApplicationFilterChain.java:138)
		at org.apache.tomcat.websocket.server.WsFilter.doFilter(WsFilter.java:51)
		at org.apache.catalina.core.ApplicationFilterChain.internalDoFilter(ApplicationFilterChain.java:162)
		at org.apache.catalina.core.ApplicationFilterChain.doFilter(ApplicationFilterChain.java:138)
		at org.apache.catalina.core.StandardWrapperValve.invoke(StandardWrapperValve.java:165)
		at org.apache.catalina.core.StandardContextValve.invoke(StandardContextValve.java:88)
		at org.apache.catalina.authenticator.AuthenticatorBase.invoke(AuthenticatorBase.java:492)
		at org.apache.catalina.core.StandardHostValve.invoke(StandardHostValve.java:113)
		at org.apache.catalina.valves.ErrorReportValve.invoke(ErrorReportValve.java:83)
		at org.apache.catalina.valves.AbstractAccessLogValve.invoke(AbstractAccessLogValve.java:782)
		at org.apache.catalina.core.StandardEngineValve.invoke(StandardEngineValve.java:72)
		at org.apache.catalina.connector.CoyoteAdapter.service(CoyoteAdapter.java:342)
		at org.apache.coyote.http11.Http11Processor.service(Http11Processor.java:399)
		at org.apache.coyote.AbstractProcessorLight.process(AbstractProcessorLight.java:63)
		at org.apache.coyote.AbstractProtocol$ConnectionHandler.process(AbstractProtocol.java:1272)
		at org.apache.tomcat.util.net.NioEndpoint$SocketProcessor.doRun(NioEndpoint.java:1797)
		at org.apache.tomcat.util.net.SocketProcessorBase.run(SocketProcessorBase.java:52)
		at org.apache.tomcat.util.threads.ThreadPoolExecutor.runWorker(ThreadPoolExecutor.java:973)
		at org.apache.tomcat.util.threads.ThreadPoolExecutor$Worker.run(ThreadPoolExecutor.java:491)
		at org.apache.tomcat.util.threads.TaskThread$WrappingRunnable.run(TaskThread.java:63)
		at java.base/java.lang.Thread.run(Thread.java:1474)
05-Jun-2026 14:02:40.907 INFO [Thread-1] org.apache.coyote.AbstractProtocol.pause Pausing ProtocolHandler ["http-nio-8081"]
05-Jun-2026 14:02:40.917 INFO [Thread-1] org.apache.catalina.core.StandardService.stopInternal Stopping service [Catalina]
05-Jun-2026 14:02:40.962 INFO [Thread-1] org.apache.coyote.AbstractProtocol.stop Stopping ProtocolHandler ["http-nio-8081"]
05-Jun-2026 14:02:40.974 INFO [Thread-1] org.apache.coyote.AbstractProtocol.destroy Destroying ProtocolHandler ["http-nio-8081"]
05-Jun-2026 14:02:44.202 INFO [main] org.apache.catalina.startup.VersionLoggerListener.log Server version name:   Apache Tomcat/10.1.55
05-Jun-2026 14:02:44.205 INFO [main] org.apache.catalina.startup.VersionLoggerListener.log Server built:          May 5 2026 13:33:02 UTC
05-Jun-2026 14:02:44.206 INFO [main] org.apache.catalina.startup.VersionLoggerListener.log Server version number: 10.1.55.0
05-Jun-2026 14:02:44.206 INFO [main] org.apache.catalina.startup.VersionLoggerListener.log OS Name:               Windows 11
05-Jun-2026 14:02:44.206 INFO [main] org.apache.catalina.startup.VersionLoggerListener.log OS Version:            10.0
05-Jun-2026 14:02:44.206 INFO [main] org.apache.catalina.startup.VersionLoggerListener.log Architecture:          amd64
05-Jun-2026 14:02:44.206 INFO [main] org.apache.catalina.startup.VersionLoggerListener.log Java Home:             C:\Program Files\JetBrains\IntelliJ IDEA 2026.1.2\jbr
05-Jun-2026 14:02:44.207 INFO [main] org.apache.catalina.startup.VersionLoggerListener.log JVM Version:           25.0.2+1-b329.117
05-Jun-2026 14:02:44.207 INFO [main] org.apache.catalina.startup.VersionLoggerListener.log JVM Vendor:            JetBrains s.r.o.
05-Jun-2026 14:02:44.207 INFO [main] org.apache.catalina.startup.VersionLoggerListener.log CATALINA_BASE:         D:\JAVA_FULL_STACK\RestAPI\restApiSecond\src\main\webapp
05-Jun-2026 14:02:44.207 INFO [main] org.apache.catalina.startup.VersionLoggerListener.log CATALINA_HOME:         C:\Program Files\Apache Software Foundation\Tomcat 10.1
05-Jun-2026 14:02:44.219 INFO [main] org.apache.catalina.startup.VersionLoggerListener.log Command line argument: --add-opens=java.base/java.lang=ALL-UNNAMED
05-Jun-2026 14:02:44.219 INFO [main] org.apache.catalina.startup.VersionLoggerListener.log Command line argument: --add-opens=java.base/java.io=ALL-UNNAMED
05-Jun-2026 14:02:44.220 INFO [main] org.apache.catalina.startup.VersionLoggerListener.log Command line argument: --add-opens=java.base/java.util=ALL-UNNAMED
05-Jun-2026 14:02:44.220 INFO [main] org.apache.catalina.startup.VersionLoggerListener.log Command line argument: --add-opens=java.base/java.util.concurrent=ALL-UNNAMED
05-Jun-2026 14:02:44.220 INFO [main] org.apache.catalina.startup.VersionLoggerListener.log Command line argument: --add-opens=java.rmi/sun.rmi.transport=ALL-UNNAMED
05-Jun-2026 14:02:44.220 INFO [main] org.apache.catalina.startup.VersionLoggerListener.log Command line argument: -Dcatalina.home=C:\Program Files\Apache Software Foundation\Tomcat 10.1
05-Jun-2026 14:02:44.220 INFO [main] org.apache.catalina.startup.VersionLoggerListener.log Command line argument: -Dcatalina.base=D:\JAVA_FULL_STACK\RestAPI\restApiSecond\src\main\webapp
05-Jun-2026 14:02:44.220 INFO [main] org.apache.catalina.startup.VersionLoggerListener.log Command line argument: -Djava.io.tmpdir=D:\JAVA_FULL_STACK\RestAPI\restApiSecond\src\main\webapp\temp
05-Jun-2026 14:02:44.220 INFO [main] org.apache.catalina.startup.VersionLoggerListener.log Command line argument: -Djava.util.logging.config.file=D:\JAVA_FULL_STACK\RestAPI\restApiSecond\src\main\webapp\conf\logging.properties
05-Jun-2026 14:02:44.220 INFO [main] org.apache.catalina.startup.VersionLoggerListener.log Command line argument: -Djava.util.logging.manager=org.apache.juli.ClassLoaderLogManager
05-Jun-2026 14:02:44.220 INFO [main] org.apache.catalina.startup.VersionLoggerListener.log Command line argument: -javaagent:C:\Program Files\JetBrains\IntelliJ IDEA 2026.1.2\lib\idea_rt.jar=52308
05-Jun-2026 14:02:44.220 INFO [main] org.apache.catalina.startup.VersionLoggerListener.log Command line argument: -Dfile.encoding=UTF-8
05-Jun-2026 14:02:44.220 INFO [main] org.apache.catalina.startup.VersionLoggerListener.log Command line argument: -Dsun.stdout.encoding=UTF-8
05-Jun-2026 14:02:44.220 INFO [main] org.apache.catalina.startup.VersionLoggerListener.log Command line argument: -Dsun.stderr.encoding=UTF-8
05-Jun-2026 14:02:44.247 INFO [main] org.apache.catalina.core.AprLifecycleListener.lifecycleEvent The Apache Tomcat Native library which allows using OpenSSL was not found on the java.library.path: [C:\Program Files\JetBrains\IntelliJ IDEA 2026.1.2\jbr\bin;C:\WINDOWS\Sun\Java\bin;C:\WINDOWS\system32;C:\WINDOWS;C:\Program Files\Common Files\Oracle\Java\javapath;C:\WINDOWS\system32;C:\WINDOWS;C:\WINDOWS\System32\Wbem;C:\WINDOWS\System32\WindowsPowerShell\v1.0\;C:\WINDOWS\System32\OpenSSH\;C:\Program Files (x86)\NVIDIA Corporation\PhysX\Common;C:\Program Files\NVIDIA Corporation\NVIDIA NvDLISR;C:\Program Files\MySQL\MySQL Server 8.0\bin;C:\Program Files\nodejs\;C:\Program Files\Git\cmd;C:\Program Files\PuTTY\;C:\Program Files\dotnet\;C:\apache-maven-3.9.16-bin\apache-maven-3.9.16\bin;C:\Program Files\Java\jdk-26\bin;D:\gradle-8.14.5\bin;C:\Program Files\MySQL\MySQL Shell 8.0\bin\;D:\anaconda3;D:\anaconda3\Library\mingw-w64\bin;D:\anaconda3\Library\usr\bin;D:\anaconda3\Library\bin;D:\anaconda3\Scripts;C:\Users\Harsh Khatana\AppData\Local\Programs\Python\Python313\Scripts\;C:\Users\Harsh Khatana\AppData\Local\Programs\Python\Python313\;C:\Users\Harsh Khatana\AppData\Local\Programs\Python\Launcher\;C:\Users\Harsh Khatana\AppData\Local\Microsoft\WindowsApps;C:\Users\Harsh Khatana\AppData\Roaming\npm;D:\vs code setup\Microsoft VS Code\bin;;.]
05-Jun-2026 14:02:44.592 INFO [main] org.apache.coyote.AbstractProtocol.init Initializing ProtocolHandler ["http-nio-8081"]
05-Jun-2026 14:02:44.610 INFO [main] org.apache.catalina.startup.Catalina.load Server initialization in [654] milliseconds
05-Jun-2026 14:02:44.666 INFO [main] org.apache.catalina.core.StandardService.startInternal Starting service [Catalina]
05-Jun-2026 14:02:44.666 INFO [main] org.apache.catalina.core.StandardEngine.startInternal Starting Servlet engine: [Apache Tomcat/10.1.55]
05-Jun-2026 14:02:44.685 INFO [main] org.apache.catalina.startup.HostConfig.deployDescriptor Deploying deployment descriptor [D:\JAVA_FULL_STACK\RestAPI\restApiSecond\src\main\webapp\conf\Catalina\localhost\registrationWebApp.xml]
05-Jun-2026 14:02:45.186 INFO [main] org.apache.catalina.startup.HostConfig.deployDescriptor Deployment of deployment descriptor [D:\JAVA_FULL_STACK\RestAPI\restApiSecond\src\main\webapp\conf\Catalina\localhost\registrationWebApp.xml] has finished in [495] ms
05-Jun-2026 14:02:45.187 INFO [main] org.apache.catalina.startup.HostConfig.deployDescriptor Deploying deployment descriptor [D:\JAVA_FULL_STACK\RestAPI\restApiSecond\src\main\webapp\conf\Catalina\localhost\restApiSecond.xml]
05-Jun-2026 14:02:53.207 INFO [main] org.apache.jasper.servlet.TldScanner.scanJars At least one JAR was scanned for TLDs yet contained no TLDs. Enable debug logging for this logger for a complete list of JARs that were scanned but no TLDs were found in them. Skipping unneeded JARs during scanning can improve startup time and JSP compilation time.
05-Jun-2026 14:03:07.239 INFO [main] org.apache.catalina.startup.HostConfig.deployDescriptor Deployment of deployment descriptor [D:\JAVA_FULL_STACK\RestAPI\restApiSecond\src\main\webapp\conf\Catalina\localhost\restApiSecond.xml] has finished in [22,053] ms
05-Jun-2026 14:03:07.246 INFO [main] org.apache.coyote.AbstractProtocol.start Starting ProtocolHandler ["http-nio-8081"]
05-Jun-2026 14:03:07.293 INFO [main] org.apache.catalina.startup.Catalina.start Server startup in [22680] milliseconds
05-Jun-2026 14:05:31.502 INFO [Thread-1] org.apache.coyote.AbstractProtocol.pause Pausing ProtocolHandler ["http-nio-8081"]
05-Jun-2026 14:05:31.513 INFO [Thread-1] org.apache.catalina.core.StandardService.stopInternal Stopping service [Catalina]
05-Jun-2026 14:05:31.567 WARNING [Thread-1] org.apache.catalina.loader.WebappClassLoaderBase.clearReferencesJdbc The web application [restApiSecond] registered the JDBC driver [com.mysql.cj.jdbc.Driver] but failed to unregister it when the web application was stopped. To prevent a memory leak, the JDBC Driver has been forcibly unregistered.
05-Jun-2026 14:05:31.568 WARNING [Thread-1] org.apache.catalina.loader.WebappClassLoaderBase.clearReferencesThreads The web application [restApiSecond] appears to have started a thread named [mysql-cj-abandoned-connection-cleanup] but has failed to stop it. This is very likely to create a memory leak. Stack trace of thread:
 java.base/java.lang.Object.wait0(Native Method)
 java.base/java.lang.Object.wait(Object.java:389)
 java.base/java.lang.ref.ReferenceQueue.remove0(ReferenceQueue.java:123)
 java.base/java.lang.ref.ReferenceQueue.remove(ReferenceQueue.java:201)
 com.mysql.cj.jdbc.AbandonedConnectionCleanupThread.run(AbandonedConnectionCleanupThread.java:84)
 java.base/java.util.concurrent.ThreadPoolExecutor.runWorker(ThreadPoolExecutor.java:1090)
 java.base/java.util.concurrent.ThreadPoolExecutor$Worker.run(ThreadPoolExecutor.java:614)
 java.base/java.lang.Thread.run(Thread.java:1474)
05-Jun-2026 14:05:31.571 INFO [Thread-1] org.apache.coyote.AbstractProtocol.stop Stopping ProtocolHandler ["http-nio-8081"]
05-Jun-2026 14:05:31.581 INFO [Thread-1] org.apache.coyote.AbstractProtocol.destroy Destroying ProtocolHandler ["http-nio-8081"]
05-Jun-2026 14:05:34.946 INFO [main] org.apache.catalina.startup.VersionLoggerListener.log Server version name:   Apache Tomcat/10.1.55
05-Jun-2026 14:05:34.949 INFO [main] org.apache.catalina.startup.VersionLoggerListener.log Server built:          May 5 2026 13:33:02 UTC
05-Jun-2026 14:05:34.949 INFO [main] org.apache.catalina.startup.VersionLoggerListener.log Server version number: 10.1.55.0
05-Jun-2026 14:05:34.949 INFO [main] org.apache.catalina.startup.VersionLoggerListener.log OS Name:               Windows 11
05-Jun-2026 14:05:34.950 INFO [main] org.apache.catalina.startup.VersionLoggerListener.log OS Version:            10.0
05-Jun-2026 14:05:34.950 INFO [main] org.apache.catalina.startup.VersionLoggerListener.log Architecture:          amd64
05-Jun-2026 14:05:34.950 INFO [main] org.apache.catalina.startup.VersionLoggerListener.log Java Home:             C:\Program Files\JetBrains\IntelliJ IDEA 2026.1.2\jbr
05-Jun-2026 14:05:34.950 INFO [main] org.apache.catalina.startup.VersionLoggerListener.log JVM Version:           25.0.2+1-b329.117
05-Jun-2026 14:05:34.950 INFO [main] org.apache.catalina.startup.VersionLoggerListener.log JVM Vendor:            JetBrains s.r.o.
05-Jun-2026 14:05:34.950 INFO [main] org.apache.catalina.startup.VersionLoggerListener.log CATALINA_BASE:         D:\JAVA_FULL_STACK\RestAPI\restApiSecond\src\main\webapp
05-Jun-2026 14:05:34.951 INFO [main] org.apache.catalina.startup.VersionLoggerListener.log CATALINA_HOME:         C:\Program Files\Apache Software Foundation\Tomcat 10.1
05-Jun-2026 14:05:34.962 INFO [main] org.apache.catalina.startup.VersionLoggerListener.log Command line argument: --add-opens=java.base/java.lang=ALL-UNNAMED
05-Jun-2026 14:05:34.963 INFO [main] org.apache.catalina.startup.VersionLoggerListener.log Command line argument: --add-opens=java.base/java.io=ALL-UNNAMED
05-Jun-2026 14:05:34.963 INFO [main] org.apache.catalina.startup.VersionLoggerListener.log Command line argument: --add-opens=java.base/java.util=ALL-UNNAMED
05-Jun-2026 14:05:34.963 INFO [main] org.apache.catalina.startup.VersionLoggerListener.log Command line argument: --add-opens=java.base/java.util.concurrent=ALL-UNNAMED
05-Jun-2026 14:05:34.963 INFO [main] org.apache.catalina.startup.VersionLoggerListener.log Command line argument: --add-opens=java.rmi/sun.rmi.transport=ALL-UNNAMED
05-Jun-2026 14:05:34.963 INFO [main] org.apache.catalina.startup.VersionLoggerListener.log Command line argument: -Dcatalina.home=C:\Program Files\Apache Software Foundation\Tomcat 10.1
05-Jun-2026 14:05:34.963 INFO [main] org.apache.catalina.startup.VersionLoggerListener.log Command line argument: -Dcatalina.base=D:\JAVA_FULL_STACK\RestAPI\restApiSecond\src\main\webapp
05-Jun-2026 14:05:34.963 INFO [main] org.apache.catalina.startup.VersionLoggerListener.log Command line argument: -Djava.io.tmpdir=D:\JAVA_FULL_STACK\RestAPI\restApiSecond\src\main\webapp\temp
05-Jun-2026 14:05:34.963 INFO [main] org.apache.catalina.startup.VersionLoggerListener.log Command line argument: -Djava.util.logging.config.file=D:\JAVA_FULL_STACK\RestAPI\restApiSecond\src\main\webapp\conf\logging.properties
05-Jun-2026 14:05:34.963 INFO [main] org.apache.catalina.startup.VersionLoggerListener.log Command line argument: -Djava.util.logging.manager=org.apache.juli.ClassLoaderLogManager
05-Jun-2026 14:05:34.963 INFO [main] org.apache.catalina.startup.VersionLoggerListener.log Command line argument: -javaagent:C:\Program Files\JetBrains\IntelliJ IDEA 2026.1.2\lib\idea_rt.jar=52324
05-Jun-2026 14:05:34.963 INFO [main] org.apache.catalina.startup.VersionLoggerListener.log Command line argument: -Dfile.encoding=UTF-8
05-Jun-2026 14:05:34.963 INFO [main] org.apache.catalina.startup.VersionLoggerListener.log Command line argument: -Dsun.stdout.encoding=UTF-8
05-Jun-2026 14:05:34.963 INFO [main] org.apache.catalina.startup.VersionLoggerListener.log Command line argument: -Dsun.stderr.encoding=UTF-8
05-Jun-2026 14:05:34.997 INFO [main] org.apache.catalina.core.AprLifecycleListener.lifecycleEvent The Apache Tomcat Native library which allows using OpenSSL was not found on the java.library.path: [C:\Program Files\JetBrains\IntelliJ IDEA 2026.1.2\jbr\bin;C:\WINDOWS\Sun\Java\bin;C:\WINDOWS\system32;C:\WINDOWS;C:\Program Files\Common Files\Oracle\Java\javapath;C:\WINDOWS\system32;C:\WINDOWS;C:\WINDOWS\System32\Wbem;C:\WINDOWS\System32\WindowsPowerShell\v1.0\;C:\WINDOWS\System32\OpenSSH\;C:\Program Files (x86)\NVIDIA Corporation\PhysX\Common;C:\Program Files\NVIDIA Corporation\NVIDIA NvDLISR;C:\Program Files\MySQL\MySQL Server 8.0\bin;C:\Program Files\nodejs\;C:\Program Files\Git\cmd;C:\Program Files\PuTTY\;C:\Program Files\dotnet\;C:\apache-maven-3.9.16-bin\apache-maven-3.9.16\bin;C:\Program Files\Java\jdk-26\bin;D:\gradle-8.14.5\bin;C:\Program Files\MySQL\MySQL Shell 8.0\bin\;D:\anaconda3;D:\anaconda3\Library\mingw-w64\bin;D:\anaconda3\Library\usr\bin;D:\anaconda3\Library\bin;D:\anaconda3\Scripts;C:\Users\Harsh Khatana\AppData\Local\Programs\Python\Python313\Scripts\;C:\Users\Harsh Khatana\AppData\Local\Programs\Python\Python313\;C:\Users\Harsh Khatana\AppData\Local\Programs\Python\Launcher\;C:\Users\Harsh Khatana\AppData\Local\Microsoft\WindowsApps;C:\Users\Harsh Khatana\AppData\Roaming\npm;D:\vs code setup\Microsoft VS Code\bin;;.]
05-Jun-2026 14:05:35.342 INFO [main] org.apache.coyote.AbstractProtocol.init Initializing ProtocolHandler ["http-nio-8081"]
05-Jun-2026 14:05:35.357 INFO [main] org.apache.catalina.startup.Catalina.load Server initialization in [658] milliseconds
05-Jun-2026 14:05:35.410 INFO [main] org.apache.catalina.core.StandardService.startInternal Starting service [Catalina]
05-Jun-2026 14:05:35.410 INFO [main] org.apache.catalina.core.StandardEngine.startInternal Starting Servlet engine: [Apache Tomcat/10.1.55]
05-Jun-2026 14:05:35.430 INFO [main] org.apache.catalina.startup.HostConfig.deployDescriptor Deploying deployment descriptor [D:\JAVA_FULL_STACK\RestAPI\restApiSecond\src\main\webapp\conf\Catalina\localhost\registrationWebApp.xml]
05-Jun-2026 14:05:35.915 INFO [main] org.apache.catalina.startup.HostConfig.deployDescriptor Deployment of deployment descriptor [D:\JAVA_FULL_STACK\RestAPI\restApiSecond\src\main\webapp\conf\Catalina\localhost\registrationWebApp.xml] has finished in [481] ms
05-Jun-2026 14:05:35.915 INFO [main] org.apache.catalina.startup.HostConfig.deployDescriptor Deploying deployment descriptor [D:\JAVA_FULL_STACK\RestAPI\restApiSecond\src\main\webapp\conf\Catalina\localhost\restApiSecond.xml]
05-Jun-2026 14:05:43.876 INFO [main] org.apache.jasper.servlet.TldScanner.scanJars At least one JAR was scanned for TLDs yet contained no TLDs. Enable debug logging for this logger for a complete list of JARs that were scanned but no TLDs were found in them. Skipping unneeded JARs during scanning can improve startup time and JSP compilation time.
05-Jun-2026 14:05:57.087 INFO [main] org.apache.catalina.startup.HostConfig.deployDescriptor Deployment of deployment descriptor [D:\JAVA_FULL_STACK\RestAPI\restApiSecond\src\main\webapp\conf\Catalina\localhost\restApiSecond.xml] has finished in [21,172] ms
05-Jun-2026 14:05:57.095 INFO [main] org.apache.coyote.AbstractProtocol.start Starting ProtocolHandler ["http-nio-8081"]
05-Jun-2026 14:05:57.144 INFO [main] org.apache.catalina.startup.Catalina.start Server startup in [21786] milliseconds
05-Jun-2026 14:08:20.718 INFO [Thread-1] org.apache.coyote.AbstractProtocol.pause Pausing ProtocolHandler ["http-nio-8081"]
05-Jun-2026 14:08:20.732 INFO [Thread-1] org.apache.catalina.core.StandardService.stopInternal Stopping service [Catalina]
05-Jun-2026 14:08:20.782 WARNING [Thread-1] org.apache.catalina.loader.WebappClassLoaderBase.clearReferencesJdbc The web application [restApiSecond] registered the JDBC driver [com.mysql.cj.jdbc.Driver] but failed to unregister it when the web application was stopped. To prevent a memory leak, the JDBC Driver has been forcibly unregistered.
05-Jun-2026 14:08:20.783 WARNING [Thread-1] org.apache.catalina.loader.WebappClassLoaderBase.clearReferencesThreads The web application [restApiSecond] appears to have started a thread named [mysql-cj-abandoned-connection-cleanup] but has failed to stop it. This is very likely to create a memory leak. Stack trace of thread:
 java.base/java.lang.Object.wait0(Native Method)
 java.base/java.lang.Object.wait(Object.java:389)
 java.base/java.lang.ref.ReferenceQueue.remove0(ReferenceQueue.java:123)
 java.base/java.lang.ref.ReferenceQueue.remove(ReferenceQueue.java:201)
 com.mysql.cj.jdbc.AbandonedConnectionCleanupThread.run(AbandonedConnectionCleanupThread.java:84)
 java.base/java.util.concurrent.ThreadPoolExecutor.runWorker(ThreadPoolExecutor.java:1090)
 java.base/java.util.concurrent.ThreadPoolExecutor$Worker.run(ThreadPoolExecutor.java:614)
 java.base/java.lang.Thread.run(Thread.java:1474)
05-Jun-2026 14:08:20.784 INFO [Thread-1] org.apache.coyote.AbstractProtocol.stop Stopping ProtocolHandler ["http-nio-8081"]
05-Jun-2026 14:08:20.788 INFO [Thread-1] org.apache.coyote.AbstractProtocol.destroy Destroying ProtocolHandler ["http-nio-8081"]
05-Jun-2026 14:08:24.673 INFO [main] org.apache.catalina.startup.VersionLoggerListener.log Server version name:   Apache Tomcat/10.1.55
05-Jun-2026 14:08:24.676 INFO [main] org.apache.catalina.startup.VersionLoggerListener.log Server built:          May 5 2026 13:33:02 UTC
05-Jun-2026 14:08:24.676 INFO [main] org.apache.catalina.startup.VersionLoggerListener.log Server version number: 10.1.55.0
05-Jun-2026 14:08:24.677 INFO [main] org.apache.catalina.startup.VersionLoggerListener.log OS Name:               Windows 11
05-Jun-2026 14:08:24.677 INFO [main] org.apache.catalina.startup.VersionLoggerListener.log OS Version:            10.0
05-Jun-2026 14:08:24.677 INFO [main] org.apache.catalina.startup.VersionLoggerListener.log Architecture:          amd64
05-Jun-2026 14:08:24.677 INFO [main] org.apache.catalina.startup.VersionLoggerListener.log Java Home:             C:\Program Files\JetBrains\IntelliJ IDEA 2026.1.2\jbr
05-Jun-2026 14:08:24.677 INFO [main] org.apache.catalina.startup.VersionLoggerListener.log JVM Version:           25.0.2+1-b329.117
05-Jun-2026 14:08:24.677 INFO [main] org.apache.catalina.startup.VersionLoggerListener.log JVM Vendor:            JetBrains s.r.o.
05-Jun-2026 14:08:24.677 INFO [main] org.apache.catalina.startup.VersionLoggerListener.log CATALINA_BASE:         D:\JAVA_FULL_STACK\RestAPI\restApiSecond\src\main\webapp
05-Jun-2026 14:08:24.677 INFO [main] org.apache.catalina.startup.VersionLoggerListener.log CATALINA_HOME:         C:\Program Files\Apache Software Foundation\Tomcat 10.1
05-Jun-2026 14:08:24.693 INFO [main] org.apache.catalina.startup.VersionLoggerListener.log Command line argument: --add-opens=java.base/java.lang=ALL-UNNAMED
05-Jun-2026 14:08:24.693 INFO [main] org.apache.catalina.startup.VersionLoggerListener.log Command line argument: --add-opens=java.base/java.io=ALL-UNNAMED
05-Jun-2026 14:08:24.693 INFO [main] org.apache.catalina.startup.VersionLoggerListener.log Command line argument: --add-opens=java.base/java.util=ALL-UNNAMED
05-Jun-2026 14:08:24.693 INFO [main] org.apache.catalina.startup.VersionLoggerListener.log Command line argument: --add-opens=java.base/java.util.concurrent=ALL-UNNAMED
05-Jun-2026 14:08:24.693 INFO [main] org.apache.catalina.startup.VersionLoggerListener.log Command line argument: --add-opens=java.rmi/sun.rmi.transport=ALL-UNNAMED
05-Jun-2026 14:08:24.693 INFO [main] org.apache.catalina.startup.VersionLoggerListener.log Command line argument: -Dcatalina.home=C:\Program Files\Apache Software Foundation\Tomcat 10.1
05-Jun-2026 14:08:24.693 INFO [main] org.apache.catalina.startup.VersionLoggerListener.log Command line argument: -Dcatalina.base=D:\JAVA_FULL_STACK\RestAPI\restApiSecond\src\main\webapp
05-Jun-2026 14:08:24.693 INFO [main] org.apache.catalina.startup.VersionLoggerListener.log Command line argument: -Djava.io.tmpdir=D:\JAVA_FULL_STACK\RestAPI\restApiSecond\src\main\webapp\temp
05-Jun-2026 14:08:24.693 INFO [main] org.apache.catalina.startup.VersionLoggerListener.log Command line argument: -Djava.util.logging.config.file=D:\JAVA_FULL_STACK\RestAPI\restApiSecond\src\main\webapp\conf\logging.properties
05-Jun-2026 14:08:24.694 INFO [main] org.apache.catalina.startup.VersionLoggerListener.log Command line argument: -Djava.util.logging.manager=org.apache.juli.ClassLoaderLogManager
05-Jun-2026 14:08:24.694 INFO [main] org.apache.catalina.startup.VersionLoggerListener.log Command line argument: -javaagent:C:\Program Files\JetBrains\IntelliJ IDEA 2026.1.2\lib\idea_rt.jar=65442
05-Jun-2026 14:08:24.694 INFO [main] org.apache.catalina.startup.VersionLoggerListener.log Command line argument: -Dfile.encoding=UTF-8
05-Jun-2026 14:08:24.694 INFO [main] org.apache.catalina.startup.VersionLoggerListener.log Command line argument: -Dsun.stdout.encoding=UTF-8
05-Jun-2026 14:08:24.694 INFO [main] org.apache.catalina.startup.VersionLoggerListener.log Command line argument: -Dsun.stderr.encoding=UTF-8
05-Jun-2026 14:08:24.720 INFO [main] org.apache.catalina.core.AprLifecycleListener.lifecycleEvent The Apache Tomcat Native library which allows using OpenSSL was not found on the java.library.path: [C:\Program Files\JetBrains\IntelliJ IDEA 2026.1.2\jbr\bin;C:\WINDOWS\Sun\Java\bin;C:\WINDOWS\system32;C:\WINDOWS;C:\Program Files\Common Files\Oracle\Java\javapath;C:\WINDOWS\system32;C:\WINDOWS;C:\WINDOWS\System32\Wbem;C:\WINDOWS\System32\WindowsPowerShell\v1.0\;C:\WINDOWS\System32\OpenSSH\;C:\Program Files (x86)\NVIDIA Corporation\PhysX\Common;C:\Program Files\NVIDIA Corporation\NVIDIA NvDLISR;C:\Program Files\MySQL\MySQL Server 8.0\bin;C:\Program Files\nodejs\;C:\Program Files\Git\cmd;C:\Program Files\PuTTY\;C:\Program Files\dotnet\;C:\apache-maven-3.9.16-bin\apache-maven-3.9.16\bin;C:\Program Files\Java\jdk-26\bin;D:\gradle-8.14.5\bin;C:\Program Files\MySQL\MySQL Shell 8.0\bin\;D:\anaconda3;D:\anaconda3\Library\mingw-w64\bin;D:\anaconda3\Library\usr\bin;D:\anaconda3\Library\bin;D:\anaconda3\Scripts;C:\Users\Harsh Khatana\AppData\Local\Programs\Python\Python313\Scripts\;C:\Users\Harsh Khatana\AppData\Local\Programs\Python\Python313\;C:\Users\Harsh Khatana\AppData\Local\Programs\Python\Launcher\;C:\Users\Harsh Khatana\AppData\Local\Microsoft\WindowsApps;C:\Users\Harsh Khatana\AppData\Roaming\npm;D:\vs code setup\Microsoft VS Code\bin;;.]
05-Jun-2026 14:08:25.059 INFO [main] org.apache.coyote.AbstractProtocol.init Initializing ProtocolHandler ["http-nio-8081"]
05-Jun-2026 14:08:25.077 INFO [main] org.apache.catalina.startup.Catalina.load Server initialization in [668] milliseconds
05-Jun-2026 14:08:25.132 INFO [main] org.apache.catalina.core.StandardService.startInternal Starting service [Catalina]
05-Jun-2026 14:08:25.132 INFO [main] org.apache.catalina.core.StandardEngine.startInternal Starting Servlet engine: [Apache Tomcat/10.1.55]
05-Jun-2026 14:08:25.146 INFO [main] org.apache.catalina.startup.HostConfig.deployDescriptor Deploying deployment descriptor [D:\JAVA_FULL_STACK\RestAPI\restApiSecond\src\main\webapp\conf\Catalina\localhost\registrationWebApp.xml]
05-Jun-2026 14:08:25.632 INFO [main] org.apache.catalina.startup.HostConfig.deployDescriptor Deployment of deployment descriptor [D:\JAVA_FULL_STACK\RestAPI\restApiSecond\src\main\webapp\conf\Catalina\localhost\registrationWebApp.xml] has finished in [479] ms
05-Jun-2026 14:08:25.633 INFO [main] org.apache.catalina.startup.HostConfig.deployDescriptor Deploying deployment descriptor [D:\JAVA_FULL_STACK\RestAPI\restApiSecond\src\main\webapp\conf\Catalina\localhost\restApiSecond.xml]
05-Jun-2026 14:08:35.385 INFO [main] org.apache.jasper.servlet.TldScanner.scanJars At least one JAR was scanned for TLDs yet contained no TLDs. Enable debug logging for this logger for a complete list of JARs that were scanned but no TLDs were found in them. Skipping unneeded JARs during scanning can improve startup time and JSP compilation time.
05-Jun-2026 14:08:49.799 INFO [main] org.apache.catalina.startup.HostConfig.deployDescriptor Deployment of deployment descriptor [D:\JAVA_FULL_STACK\RestAPI\restApiSecond\src\main\webapp\conf\Catalina\localhost\restApiSecond.xml] has finished in [24,166] ms
05-Jun-2026 14:08:49.808 INFO [main] org.apache.coyote.AbstractProtocol.start Starting ProtocolHandler ["http-nio-8081"]
05-Jun-2026 14:08:49.857 INFO [main] org.apache.catalina.startup.Catalina.start Server startup in [24777] milliseconds
05-Jun-2026 14:10:37.769 INFO [Thread-1] org.apache.coyote.AbstractProtocol.pause Pausing ProtocolHandler ["http-nio-8081"]
05-Jun-2026 14:10:37.784 INFO [Thread-1] org.apache.catalina.core.StandardService.stopInternal Stopping service [Catalina]
05-Jun-2026 14:10:37.857 WARNING [Thread-1] org.apache.catalina.loader.WebappClassLoaderBase.clearReferencesJdbc The web application [restApiSecond] registered the JDBC driver [com.mysql.cj.jdbc.Driver] but failed to unregister it when the web application was stopped. To prevent a memory leak, the JDBC Driver has been forcibly unregistered.
05-Jun-2026 14:10:37.858 WARNING [Thread-1] org.apache.catalina.loader.WebappClassLoaderBase.clearReferencesThreads The web application [restApiSecond] appears to have started a thread named [mysql-cj-abandoned-connection-cleanup] but has failed to stop it. This is very likely to create a memory leak. Stack trace of thread:
 java.base/java.lang.Object.wait0(Native Method)
 java.base/java.lang.Object.wait(Object.java:389)
 java.base/java.lang.ref.ReferenceQueue.remove0(ReferenceQueue.java:123)
 java.base/java.lang.ref.ReferenceQueue.remove(ReferenceQueue.java:201)
 com.mysql.cj.jdbc.AbandonedConnectionCleanupThread.run(AbandonedConnectionCleanupThread.java:84)
 java.base/java.util.concurrent.ThreadPoolExecutor.runWorker(ThreadPoolExecutor.java:1090)
 java.base/java.util.concurrent.ThreadPoolExecutor$Worker.run(ThreadPoolExecutor.java:614)
 java.base/java.lang.Thread.run(Thread.java:1474)
05-Jun-2026 14:10:37.861 INFO [Thread-1] org.apache.coyote.AbstractProtocol.stop Stopping ProtocolHandler ["http-nio-8081"]
05-Jun-2026 14:10:37.873 INFO [Thread-1] org.apache.coyote.AbstractProtocol.destroy Destroying ProtocolHandler ["http-nio-8081"]
05-Jun-2026 14:10:41.360 INFO [main] org.apache.catalina.startup.VersionLoggerListener.log Server version name:   Apache Tomcat/10.1.55
05-Jun-2026 14:10:41.362 INFO [main] org.apache.catalina.startup.VersionLoggerListener.log Server built:          May 5 2026 13:33:02 UTC
05-Jun-2026 14:10:41.363 INFO [main] org.apache.catalina.startup.VersionLoggerListener.log Server version number: 10.1.55.0
05-Jun-2026 14:10:41.363 INFO [main] org.apache.catalina.startup.VersionLoggerListener.log OS Name:               Windows 11
05-Jun-2026 14:10:41.363 INFO [main] org.apache.catalina.startup.VersionLoggerListener.log OS Version:            10.0
05-Jun-2026 14:10:41.363 INFO [main] org.apache.catalina.startup.VersionLoggerListener.log Architecture:          amd64
05-Jun-2026 14:10:41.363 INFO [main] org.apache.catalina.startup.VersionLoggerListener.log Java Home:             C:\Program Files\JetBrains\IntelliJ IDEA 2026.1.2\jbr
05-Jun-2026 14:10:41.363 INFO [main] org.apache.catalina.startup.VersionLoggerListener.log JVM Version:           25.0.2+1-b329.117
05-Jun-2026 14:10:41.363 INFO [main] org.apache.catalina.startup.VersionLoggerListener.log JVM Vendor:            JetBrains s.r.o.
05-Jun-2026 14:10:41.363 INFO [main] org.apache.catalina.startup.VersionLoggerListener.log CATALINA_BASE:         D:\JAVA_FULL_STACK\RestAPI\restApiSecond\src\main\webapp
05-Jun-2026 14:10:41.363 INFO [main] org.apache.catalina.startup.VersionLoggerListener.log CATALINA_HOME:         C:\Program Files\Apache Software Foundation\Tomcat 10.1
05-Jun-2026 14:10:41.376 INFO [main] org.apache.catalina.startup.VersionLoggerListener.log Command line argument: --add-opens=java.base/java.lang=ALL-UNNAMED
05-Jun-2026 14:10:41.376 INFO [main] org.apache.catalina.startup.VersionLoggerListener.log Command line argument: --add-opens=java.base/java.io=ALL-UNNAMED
05-Jun-2026 14:10:41.376 INFO [main] org.apache.catalina.startup.VersionLoggerListener.log Command line argument: --add-opens=java.base/java.util=ALL-UNNAMED
05-Jun-2026 14:10:41.376 INFO [main] org.apache.catalina.startup.VersionLoggerListener.log Command line argument: --add-opens=java.base/java.util.concurrent=ALL-UNNAMED
05-Jun-2026 14:10:41.376 INFO [main] org.apache.catalina.startup.VersionLoggerListener.log Command line argument: --add-opens=java.rmi/sun.rmi.transport=ALL-UNNAMED
05-Jun-2026 14:10:41.376 INFO [main] org.apache.catalina.startup.VersionLoggerListener.log Command line argument: -Dcatalina.home=C:\Program Files\Apache Software Foundation\Tomcat 10.1
05-Jun-2026 14:10:41.376 INFO [main] org.apache.catalina.startup.VersionLoggerListener.log Command line argument: -Dcatalina.base=D:\JAVA_FULL_STACK\RestAPI\restApiSecond\src\main\webapp
05-Jun-2026 14:10:41.377 INFO [main] org.apache.catalina.startup.VersionLoggerListener.log Command line argument: -Djava.io.tmpdir=D:\JAVA_FULL_STACK\RestAPI\restApiSecond\src\main\webapp\temp
05-Jun-2026 14:10:41.377 INFO [main] org.apache.catalina.startup.VersionLoggerListener.log Command line argument: -Djava.util.logging.config.file=D:\JAVA_FULL_STACK\RestAPI\restApiSecond\src\main\webapp\conf\logging.properties
05-Jun-2026 14:10:41.377 INFO [main] org.apache.catalina.startup.VersionLoggerListener.log Command line argument: -Djava.util.logging.manager=org.apache.juli.ClassLoaderLogManager
05-Jun-2026 14:10:41.377 INFO [main] org.apache.catalina.startup.VersionLoggerListener.log Command line argument: -javaagent:C:\Program Files\JetBrains\IntelliJ IDEA 2026.1.2\lib\idea_rt.jar=65218
05-Jun-2026 14:10:41.377 INFO [main] org.apache.catalina.startup.VersionLoggerListener.log Command line argument: -Dfile.encoding=UTF-8
05-Jun-2026 14:10:41.377 INFO [main] org.apache.catalina.startup.VersionLoggerListener.log Command line argument: -Dsun.stdout.encoding=UTF-8
05-Jun-2026 14:10:41.377 INFO [main] org.apache.catalina.startup.VersionLoggerListener.log Command line argument: -Dsun.stderr.encoding=UTF-8
05-Jun-2026 14:10:41.405 INFO [main] org.apache.catalina.core.AprLifecycleListener.lifecycleEvent The Apache Tomcat Native library which allows using OpenSSL was not found on the java.library.path: [C:\Program Files\JetBrains\IntelliJ IDEA 2026.1.2\jbr\bin;C:\WINDOWS\Sun\Java\bin;C:\WINDOWS\system32;C:\WINDOWS;C:\Program Files\Common Files\Oracle\Java\javapath;C:\WINDOWS\system32;C:\WINDOWS;C:\WINDOWS\System32\Wbem;C:\WINDOWS\System32\WindowsPowerShell\v1.0\;C:\WINDOWS\System32\OpenSSH\;C:\Program Files (x86)\NVIDIA Corporation\PhysX\Common;C:\Program Files\NVIDIA Corporation\NVIDIA NvDLISR;C:\Program Files\MySQL\MySQL Server 8.0\bin;C:\Program Files\nodejs\;C:\Program Files\Git\cmd;C:\Program Files\PuTTY\;C:\Program Files\dotnet\;C:\apache-maven-3.9.16-bin\apache-maven-3.9.16\bin;C:\Program Files\Java\jdk-26\bin;D:\gradle-8.14.5\bin;C:\Program Files\MySQL\MySQL Shell 8.0\bin\;D:\anaconda3;D:\anaconda3\Library\mingw-w64\bin;D:\anaconda3\Library\usr\bin;D:\anaconda3\Library\bin;D:\anaconda3\Scripts;C:\Users\Harsh Khatana\AppData\Local\Programs\Python\Python313\Scripts\;C:\Users\Harsh Khatana\AppData\Local\Programs\Python\Python313\;C:\Users\Harsh Khatana\AppData\Local\Programs\Python\Launcher\;C:\Users\Harsh Khatana\AppData\Local\Microsoft\WindowsApps;C:\Users\Harsh Khatana\AppData\Roaming\npm;D:\vs code setup\Microsoft VS Code\bin;;.]
05-Jun-2026 14:10:41.729 INFO [main] org.apache.coyote.AbstractProtocol.init Initializing ProtocolHandler ["http-nio-8081"]
05-Jun-2026 14:10:41.746 INFO [main] org.apache.catalina.startup.Catalina.load Server initialization in [651] milliseconds
05-Jun-2026 14:10:41.803 INFO [main] org.apache.catalina.core.StandardService.startInternal Starting service [Catalina]
05-Jun-2026 14:10:41.803 INFO [main] org.apache.catalina.core.StandardEngine.startInternal Starting Servlet engine: [Apache Tomcat/10.1.55]
05-Jun-2026 14:10:41.817 INFO [main] org.apache.catalina.startup.HostConfig.deployDescriptor Deploying deployment descriptor [D:\JAVA_FULL_STACK\RestAPI\restApiSecond\src\main\webapp\conf\Catalina\localhost\registrationWebApp.xml]
05-Jun-2026 14:10:42.295 INFO [main] org.apache.catalina.startup.HostConfig.deployDescriptor Deployment of deployment descriptor [D:\JAVA_FULL_STACK\RestAPI\restApiSecond\src\main\webapp\conf\Catalina\localhost\registrationWebApp.xml] has finished in [475] ms
05-Jun-2026 14:10:42.296 INFO [main] org.apache.catalina.startup.HostConfig.deployDescriptor Deploying deployment descriptor [D:\JAVA_FULL_STACK\RestAPI\restApiSecond\src\main\webapp\conf\Catalina\localhost\restApiSecond.xml]
05-Jun-2026 14:10:50.254 INFO [main] org.apache.jasper.servlet.TldScanner.scanJars At least one JAR was scanned for TLDs yet contained no TLDs. Enable debug logging for this logger for a complete list of JARs that were scanned but no TLDs were found in them. Skipping unneeded JARs during scanning can improve startup time and JSP compilation time.
05-Jun-2026 14:11:03.267 INFO [main] org.apache.catalina.startup.HostConfig.deployDescriptor Deployment of deployment descriptor [D:\JAVA_FULL_STACK\RestAPI\restApiSecond\src\main\webapp\conf\Catalina\localhost\restApiSecond.xml] has finished in [20,970] ms
05-Jun-2026 14:11:03.273 INFO [main] org.apache.coyote.AbstractProtocol.start Starting ProtocolHandler ["http-nio-8081"]
05-Jun-2026 14:11:03.306 INFO [main] org.apache.catalina.startup.Catalina.start Server startup in [21558] milliseconds
05-Jun-2026 14:19:25.927 INFO [Thread-1] org.apache.coyote.AbstractProtocol.pause Pausing ProtocolHandler ["http-nio-8081"]
05-Jun-2026 14:19:25.935 INFO [Thread-1] org.apache.catalina.core.StandardService.stopInternal Stopping service [Catalina]
05-Jun-2026 14:19:25.984 WARNING [Thread-1] org.apache.catalina.loader.WebappClassLoaderBase.clearReferencesJdbc The web application [restApiSecond] registered the JDBC driver [com.mysql.cj.jdbc.Driver] but failed to unregister it when the web application was stopped. To prevent a memory leak, the JDBC Driver has been forcibly unregistered.
05-Jun-2026 14:19:25.984 WARNING [Thread-1] org.apache.catalina.loader.WebappClassLoaderBase.clearReferencesThreads The web application [restApiSecond] appears to have started a thread named [mysql-cj-abandoned-connection-cleanup] but has failed to stop it. This is very likely to create a memory leak. Stack trace of thread:
 java.base/java.lang.Object.wait0(Native Method)
 java.base/java.lang.Object.wait(Object.java:389)
 java.base/java.lang.ref.ReferenceQueue.remove0(ReferenceQueue.java:123)
 java.base/java.lang.ref.ReferenceQueue.remove(ReferenceQueue.java:201)
 com.mysql.cj.jdbc.AbandonedConnectionCleanupThread.run(AbandonedConnectionCleanupThread.java:84)
 java.base/java.util.concurrent.ThreadPoolExecutor.runWorker(ThreadPoolExecutor.java:1090)
 java.base/java.util.concurrent.ThreadPoolExecutor$Worker.run(ThreadPoolExecutor.java:614)
 java.base/java.lang.Thread.run(Thread.java:1474)
05-Jun-2026 14:19:25.987 INFO [Thread-1] org.apache.coyote.AbstractProtocol.stop Stopping ProtocolHandler ["http-nio-8081"]
05-Jun-2026 14:19:25.994 INFO [Thread-1] org.apache.coyote.AbstractProtocol.destroy Destroying ProtocolHandler ["http-nio-8081"]
05-Jun-2026 14:19:29.189 INFO [main] org.apache.catalina.startup.VersionLoggerListener.log Server version name:   Apache Tomcat/10.1.55
05-Jun-2026 14:19:29.193 INFO [main] org.apache.catalina.startup.VersionLoggerListener.log Server built:          May 5 2026 13:33:02 UTC
05-Jun-2026 14:19:29.193 INFO [main] org.apache.catalina.startup.VersionLoggerListener.log Server version number: 10.1.55.0
05-Jun-2026 14:19:29.193 INFO [main] org.apache.catalina.startup.VersionLoggerListener.log OS Name:               Windows 11
05-Jun-2026 14:19:29.193 INFO [main] org.apache.catalina.startup.VersionLoggerListener.log OS Version:            10.0
05-Jun-2026 14:19:29.194 INFO [main] org.apache.catalina.startup.VersionLoggerListener.log Architecture:          amd64
05-Jun-2026 14:19:29.194 INFO [main] org.apache.catalina.startup.VersionLoggerListener.log Java Home:             C:\Program Files\JetBrains\IntelliJ IDEA 2026.1.2\jbr
05-Jun-2026 14:19:29.194 INFO [main] org.apache.catalina.startup.VersionLoggerListener.log JVM Version:           25.0.2+1-b329.117
05-Jun-2026 14:19:29.194 INFO [main] org.apache.catalina.startup.VersionLoggerListener.log JVM Vendor:            JetBrains s.r.o.
05-Jun-2026 14:19:29.194 INFO [main] org.apache.catalina.startup.VersionLoggerListener.log CATALINA_BASE:         D:\JAVA_FULL_STACK\RestAPI\restApiSecond\src\main\webapp
05-Jun-2026 14:19:29.195 INFO [main] org.apache.catalina.startup.VersionLoggerListener.log CATALINA_HOME:         C:\Program Files\Apache Software Foundation\Tomcat 10.1
05-Jun-2026 14:19:29.207 INFO [main] org.apache.catalina.startup.VersionLoggerListener.log Command line argument: --add-opens=java.base/java.lang=ALL-UNNAMED
05-Jun-2026 14:19:29.207 INFO [main] org.apache.catalina.startup.VersionLoggerListener.log Command line argument: --add-opens=java.base/java.io=ALL-UNNAMED
05-Jun-2026 14:19:29.207 INFO [main] org.apache.catalina.startup.VersionLoggerListener.log Command line argument: --add-opens=java.base/java.util=ALL-UNNAMED
05-Jun-2026 14:19:29.208 INFO [main] org.apache.catalina.startup.VersionLoggerListener.log Command line argument: --add-opens=java.base/java.util.concurrent=ALL-UNNAMED
05-Jun-2026 14:19:29.208 INFO [main] org.apache.catalina.startup.VersionLoggerListener.log Command line argument: --add-opens=java.rmi/sun.rmi.transport=ALL-UNNAMED
05-Jun-2026 14:19:29.208 INFO [main] org.apache.catalina.startup.VersionLoggerListener.log Command line argument: -Dcatalina.home=C:\Program Files\Apache Software Foundation\Tomcat 10.1
05-Jun-2026 14:19:29.208 INFO [main] org.apache.catalina.startup.VersionLoggerListener.log Command line argument: -Dcatalina.base=D:\JAVA_FULL_STACK\RestAPI\restApiSecond\src\main\webapp
05-Jun-2026 14:19:29.208 INFO [main] org.apache.catalina.startup.VersionLoggerListener.log Command line argument: -Djava.io.tmpdir=D:\JAVA_FULL_STACK\RestAPI\restApiSecond\src\main\webapp\temp
05-Jun-2026 14:19:29.208 INFO [main] org.apache.catalina.startup.VersionLoggerListener.log Command line argument: -Djava.util.logging.config.file=D:\JAVA_FULL_STACK\RestAPI\restApiSecond\src\main\webapp\conf\logging.properties
05-Jun-2026 14:19:29.208 INFO [main] org.apache.catalina.startup.VersionLoggerListener.log Command line argument: -Djava.util.logging.manager=org.apache.juli.ClassLoaderLogManager
05-Jun-2026 14:19:29.208 INFO [main] org.apache.catalina.startup.VersionLoggerListener.log Command line argument: -javaagent:C:\Program Files\JetBrains\IntelliJ IDEA 2026.1.2\lib\idea_rt.jar=53609
05-Jun-2026 14:19:29.208 INFO [main] org.apache.catalina.startup.VersionLoggerListener.log Command line argument: -Dfile.encoding=UTF-8
05-Jun-2026 14:19:29.209 INFO [main] org.apache.catalina.startup.VersionLoggerListener.log Command line argument: -Dsun.stdout.encoding=UTF-8
05-Jun-2026 14:19:29.209 INFO [main] org.apache.catalina.startup.VersionLoggerListener.log Command line argument: -Dsun.stderr.encoding=UTF-8
05-Jun-2026 14:19:29.235 INFO [main] org.apache.catalina.core.AprLifecycleListener.lifecycleEvent The Apache Tomcat Native library which allows using OpenSSL was not found on the java.library.path: [C:\Program Files\JetBrains\IntelliJ IDEA 2026.1.2\jbr\bin;C:\WINDOWS\Sun\Java\bin;C:\WINDOWS\system32;C:\WINDOWS;C:\Program Files\Common Files\Oracle\Java\javapath;C:\WINDOWS\system32;C:\WINDOWS;C:\WINDOWS\System32\Wbem;C:\WINDOWS\System32\WindowsPowerShell\v1.0\;C:\WINDOWS\System32\OpenSSH\;C:\Program Files (x86)\NVIDIA Corporation\PhysX\Common;C:\Program Files\NVIDIA Corporation\NVIDIA NvDLISR;C:\Program Files\MySQL\MySQL Server 8.0\bin;C:\Program Files\nodejs\;C:\Program Files\Git\cmd;C:\Program Files\PuTTY\;C:\Program Files\dotnet\;C:\apache-maven-3.9.16-bin\apache-maven-3.9.16\bin;C:\Program Files\Java\jdk-26\bin;D:\gradle-8.14.5\bin;C:\Program Files\MySQL\MySQL Shell 8.0\bin\;D:\anaconda3;D:\anaconda3\Library\mingw-w64\bin;D:\anaconda3\Library\usr\bin;D:\anaconda3\Library\bin;D:\anaconda3\Scripts;C:\Users\Harsh Khatana\AppData\Local\Programs\Python\Python313\Scripts\;C:\Users\Harsh Khatana\AppData\Local\Programs\Python\Python313\;C:\Users\Harsh Khatana\AppData\Local\Programs\Python\Launcher\;C:\Users\Harsh Khatana\AppData\Local\Microsoft\WindowsApps;C:\Users\Harsh Khatana\AppData\Roaming\npm;D:\vs code setup\Microsoft VS Code\bin;;.]
05-Jun-2026 14:19:29.551 INFO [main] org.apache.coyote.AbstractProtocol.init Initializing ProtocolHandler ["http-nio-8081"]
05-Jun-2026 14:19:29.570 INFO [main] org.apache.catalina.startup.Catalina.load Server initialization in [616] milliseconds
05-Jun-2026 14:19:29.627 INFO [main] org.apache.catalina.core.StandardService.startInternal Starting service [Catalina]
05-Jun-2026 14:19:29.627 INFO [main] org.apache.catalina.core.StandardEngine.startInternal Starting Servlet engine: [Apache Tomcat/10.1.55]
05-Jun-2026 14:19:29.642 INFO [main] org.apache.catalina.startup.HostConfig.deployDescriptor Deploying deployment descriptor [D:\JAVA_FULL_STACK\RestAPI\restApiSecond\src\main\webapp\conf\Catalina\localhost\registrationWebApp.xml]
05-Jun-2026 14:19:30.095 INFO [main] org.apache.catalina.startup.HostConfig.deployDescriptor Deployment of deployment descriptor [D:\JAVA_FULL_STACK\RestAPI\restApiSecond\src\main\webapp\conf\Catalina\localhost\registrationWebApp.xml] has finished in [450] ms
05-Jun-2026 14:19:30.095 INFO [main] org.apache.catalina.startup.HostConfig.deployDescriptor Deploying deployment descriptor [D:\JAVA_FULL_STACK\RestAPI\restApiSecond\src\main\webapp\conf\Catalina\localhost\restApiSecond.xml]
05-Jun-2026 14:19:37.094 INFO [main] org.apache.jasper.servlet.TldScanner.scanJars At least one JAR was scanned for TLDs yet contained no TLDs. Enable debug logging for this logger for a complete list of JARs that were scanned but no TLDs were found in them. Skipping unneeded JARs during scanning can improve startup time and JSP compilation time.
05-Jun-2026 14:19:50.265 INFO [main] org.apache.catalina.startup.HostConfig.deployDescriptor Deployment of deployment descriptor [D:\JAVA_FULL_STACK\RestAPI\restApiSecond\src\main\webapp\conf\Catalina\localhost\restApiSecond.xml] has finished in [20,169] ms
05-Jun-2026 14:19:50.270 INFO [main] org.apache.coyote.AbstractProtocol.start Starting ProtocolHandler ["http-nio-8081"]
05-Jun-2026 14:19:50.301 INFO [main] org.apache.catalina.startup.Catalina.start Server startup in [20728] milliseconds
05-Jun-2026 14:21:29.451 INFO [Thread-1] org.apache.coyote.AbstractProtocol.pause Pausing ProtocolHandler ["http-nio-8081"]
05-Jun-2026 14:21:29.464 INFO [Thread-1] org.apache.catalina.core.StandardService.stopInternal Stopping service [Catalina]
05-Jun-2026 14:21:29.517 WARNING [Thread-1] org.apache.catalina.loader.WebappClassLoaderBase.clearReferencesJdbc The web application [restApiSecond] registered the JDBC driver [com.mysql.cj.jdbc.Driver] but failed to unregister it when the web application was stopped. To prevent a memory leak, the JDBC Driver has been forcibly unregistered.
05-Jun-2026 14:21:29.518 WARNING [Thread-1] org.apache.catalina.loader.WebappClassLoaderBase.clearReferencesThreads The web application [restApiSecond] appears to have started a thread named [mysql-cj-abandoned-connection-cleanup] but has failed to stop it. This is very likely to create a memory leak. Stack trace of thread:
 java.base/java.lang.Object.wait0(Native Method)
 java.base/java.lang.Object.wait(Object.java:389)
 java.base/java.lang.ref.ReferenceQueue.remove0(ReferenceQueue.java:123)
 java.base/java.lang.ref.ReferenceQueue.remove(ReferenceQueue.java:201)
 com.mysql.cj.jdbc.AbandonedConnectionCleanupThread.run(AbandonedConnectionCleanupThread.java:84)
 java.base/java.util.concurrent.ThreadPoolExecutor.runWorker(ThreadPoolExecutor.java:1090)
 java.base/java.util.concurrent.ThreadPoolExecutor$Worker.run(ThreadPoolExecutor.java:614)
 java.base/java.lang.Thread.run(Thread.java:1474)
05-Jun-2026 14:21:29.519 INFO [Thread-1] org.apache.coyote.AbstractProtocol.stop Stopping ProtocolHandler ["http-nio-8081"]
05-Jun-2026 14:21:29.531 INFO [Thread-1] org.apache.coyote.AbstractProtocol.destroy Destroying ProtocolHandler ["http-nio-8081"]
05-Jun-2026 14:21:32.385 INFO [main] org.apache.catalina.startup.VersionLoggerListener.log Server version name:   Apache Tomcat/10.1.55
05-Jun-2026 14:21:32.389 INFO [main] org.apache.catalina.startup.VersionLoggerListener.log Server built:          May 5 2026 13:33:02 UTC
05-Jun-2026 14:21:32.389 INFO [main] org.apache.catalina.startup.VersionLoggerListener.log Server version number: 10.1.55.0
05-Jun-2026 14:21:32.389 INFO [main] org.apache.catalina.startup.VersionLoggerListener.log OS Name:               Windows 11
05-Jun-2026 14:21:32.389 INFO [main] org.apache.catalina.startup.VersionLoggerListener.log OS Version:            10.0
05-Jun-2026 14:21:32.389 INFO [main] org.apache.catalina.startup.VersionLoggerListener.log Architecture:          amd64
05-Jun-2026 14:21:32.390 INFO [main] org.apache.catalina.startup.VersionLoggerListener.log Java Home:             C:\Program Files\JetBrains\IntelliJ IDEA 2026.1.2\jbr
05-Jun-2026 14:21:32.390 INFO [main] org.apache.catalina.startup.VersionLoggerListener.log JVM Version:           25.0.2+1-b329.117
05-Jun-2026 14:21:32.390 INFO [main] org.apache.catalina.startup.VersionLoggerListener.log JVM Vendor:            JetBrains s.r.o.
05-Jun-2026 14:21:32.390 INFO [main] org.apache.catalina.startup.VersionLoggerListener.log CATALINA_BASE:         D:\JAVA_FULL_STACK\RestAPI\restApiSecond\src\main\webapp
05-Jun-2026 14:21:32.390 INFO [main] org.apache.catalina.startup.VersionLoggerListener.log CATALINA_HOME:         C:\Program Files\Apache Software Foundation\Tomcat 10.1
05-Jun-2026 14:21:32.401 INFO [main] org.apache.catalina.startup.VersionLoggerListener.log Command line argument: --add-opens=java.base/java.lang=ALL-UNNAMED
05-Jun-2026 14:21:32.401 INFO [main] org.apache.catalina.startup.VersionLoggerListener.log Command line argument: --add-opens=java.base/java.io=ALL-UNNAMED
05-Jun-2026 14:21:32.401 INFO [main] org.apache.catalina.startup.VersionLoggerListener.log Command line argument: --add-opens=java.base/java.util=ALL-UNNAMED
05-Jun-2026 14:21:32.401 INFO [main] org.apache.catalina.startup.VersionLoggerListener.log Command line argument: --add-opens=java.base/java.util.concurrent=ALL-UNNAMED
05-Jun-2026 14:21:32.401 INFO [main] org.apache.catalina.startup.VersionLoggerListener.log Command line argument: --add-opens=java.rmi/sun.rmi.transport=ALL-UNNAMED
05-Jun-2026 14:21:32.401 INFO [main] org.apache.catalina.startup.VersionLoggerListener.log Command line argument: -Dcatalina.home=C:\Program Files\Apache Software Foundation\Tomcat 10.1
05-Jun-2026 14:21:32.401 INFO [main] org.apache.catalina.startup.VersionLoggerListener.log Command line argument: -Dcatalina.base=D:\JAVA_FULL_STACK\RestAPI\restApiSecond\src\main\webapp
05-Jun-2026 14:21:32.402 INFO [main] org.apache.catalina.startup.VersionLoggerListener.log Command line argument: -Djava.io.tmpdir=D:\JAVA_FULL_STACK\RestAPI\restApiSecond\src\main\webapp\temp
05-Jun-2026 14:21:32.402 INFO [main] org.apache.catalina.startup.VersionLoggerListener.log Command line argument: -Djava.util.logging.config.file=D:\JAVA_FULL_STACK\RestAPI\restApiSecond\src\main\webapp\conf\logging.properties
05-Jun-2026 14:21:32.402 INFO [main] org.apache.catalina.startup.VersionLoggerListener.log Command line argument: -Djava.util.logging.manager=org.apache.juli.ClassLoaderLogManager
05-Jun-2026 14:21:32.402 INFO [main] org.apache.catalina.startup.VersionLoggerListener.log Command line argument: -javaagent:C:\Program Files\JetBrains\IntelliJ IDEA 2026.1.2\lib\idea_rt.jar=53638
05-Jun-2026 14:21:32.402 INFO [main] org.apache.catalina.startup.VersionLoggerListener.log Command line argument: -Dfile.encoding=UTF-8
05-Jun-2026 14:21:32.402 INFO [main] org.apache.catalina.startup.VersionLoggerListener.log Command line argument: -Dsun.stdout.encoding=UTF-8
05-Jun-2026 14:21:32.402 INFO [main] org.apache.catalina.startup.VersionLoggerListener.log Command line argument: -Dsun.stderr.encoding=UTF-8
05-Jun-2026 14:21:32.425 INFO [main] org.apache.catalina.core.AprLifecycleListener.lifecycleEvent The Apache Tomcat Native library which allows using OpenSSL was not found on the java.library.path: [C:\Program Files\JetBrains\IntelliJ IDEA 2026.1.2\jbr\bin;C:\WINDOWS\Sun\Java\bin;C:\WINDOWS\system32;C:\WINDOWS;C:\Program Files\Common Files\Oracle\Java\javapath;C:\WINDOWS\system32;C:\WINDOWS;C:\WINDOWS\System32\Wbem;C:\WINDOWS\System32\WindowsPowerShell\v1.0\;C:\WINDOWS\System32\OpenSSH\;C:\Program Files (x86)\NVIDIA Corporation\PhysX\Common;C:\Program Files\NVIDIA Corporation\NVIDIA NvDLISR;C:\Program Files\MySQL\MySQL Server 8.0\bin;C:\Program Files\nodejs\;C:\Program Files\Git\cmd;C:\Program Files\PuTTY\;C:\Program Files\dotnet\;C:\apache-maven-3.9.16-bin\apache-maven-3.9.16\bin;C:\Program Files\Java\jdk-26\bin;D:\gradle-8.14.5\bin;C:\Program Files\MySQL\MySQL Shell 8.0\bin\;D:\anaconda3;D:\anaconda3\Library\mingw-w64\bin;D:\anaconda3\Library\usr\bin;D:\anaconda3\Library\bin;D:\anaconda3\Scripts;C:\Users\Harsh Khatana\AppData\Local\Programs\Python\Python313\Scripts\;C:\Users\Harsh Khatana\AppData\Local\Programs\Python\Python313\;C:\Users\Harsh Khatana\AppData\Local\Programs\Python\Launcher\;C:\Users\Harsh Khatana\AppData\Local\Microsoft\WindowsApps;C:\Users\Harsh Khatana\AppData\Roaming\npm;D:\vs code setup\Microsoft VS Code\bin;;.]
05-Jun-2026 14:21:32.725 INFO [main] org.apache.coyote.AbstractProtocol.init Initializing ProtocolHandler ["http-nio-8081"]
05-Jun-2026 14:21:32.738 INFO [main] org.apache.catalina.startup.Catalina.load Server initialization in [580] milliseconds
05-Jun-2026 14:21:32.789 INFO [main] org.apache.catalina.core.StandardService.startInternal Starting service [Catalina]
05-Jun-2026 14:21:32.789 INFO [main] org.apache.catalina.core.StandardEngine.startInternal Starting Servlet engine: [Apache Tomcat/10.1.55]
05-Jun-2026 14:21:32.803 INFO [main] org.apache.catalina.startup.HostConfig.deployDescriptor Deploying deployment descriptor [D:\JAVA_FULL_STACK\RestAPI\restApiSecond\src\main\webapp\conf\Catalina\localhost\registrationWebApp.xml]
05-Jun-2026 14:21:33.219 INFO [main] org.apache.catalina.startup.HostConfig.deployDescriptor Deployment of deployment descriptor [D:\JAVA_FULL_STACK\RestAPI\restApiSecond\src\main\webapp\conf\Catalina\localhost\registrationWebApp.xml] has finished in [414] ms
05-Jun-2026 14:21:33.220 INFO [main] org.apache.catalina.startup.HostConfig.deployDescriptor Deploying deployment descriptor [D:\JAVA_FULL_STACK\RestAPI\restApiSecond\src\main\webapp\conf\Catalina\localhost\restApiSecond.xml]
05-Jun-2026 14:21:39.225 INFO [main] org.apache.jasper.servlet.TldScanner.scanJars At least one JAR was scanned for TLDs yet contained no TLDs. Enable debug logging for this logger for a complete list of JARs that were scanned but no TLDs were found in them. Skipping unneeded JARs during scanning can improve startup time and JSP compilation time.
05-Jun-2026 14:21:49.347 INFO [main] org.apache.catalina.startup.HostConfig.deployDescriptor Deployment of deployment descriptor [D:\JAVA_FULL_STACK\RestAPI\restApiSecond\src\main\webapp\conf\Catalina\localhost\restApiSecond.xml] has finished in [16,127] ms
05-Jun-2026 14:21:49.352 INFO [main] org.apache.coyote.AbstractProtocol.start Starting ProtocolHandler ["http-nio-8081"]
05-Jun-2026 14:21:49.384 INFO [main] org.apache.catalina.startup.Catalina.start Server startup in [16644] milliseconds
05-Jun-2026 14:30:40.941 INFO [Thread-1] org.apache.coyote.AbstractProtocol.pause Pausing ProtocolHandler ["http-nio-8081"]
05-Jun-2026 14:30:40.955 INFO [Thread-1] org.apache.catalina.core.StandardService.stopInternal Stopping service [Catalina]
05-Jun-2026 14:30:40.999 WARNING [Thread-1] org.apache.catalina.loader.WebappClassLoaderBase.clearReferencesJdbc The web application [restApiSecond] registered the JDBC driver [com.mysql.cj.jdbc.Driver] but failed to unregister it when the web application was stopped. To prevent a memory leak, the JDBC Driver has been forcibly unregistered.
05-Jun-2026 14:30:41.000 WARNING [Thread-1] org.apache.catalina.loader.WebappClassLoaderBase.clearReferencesThreads The web application [restApiSecond] appears to have started a thread named [mysql-cj-abandoned-connection-cleanup] but has failed to stop it. This is very likely to create a memory leak. Stack trace of thread:
 java.base/java.lang.Object.wait0(Native Method)
 java.base/java.lang.Object.wait(Object.java:389)
 java.base/java.lang.ref.ReferenceQueue.remove0(ReferenceQueue.java:123)
 java.base/java.lang.ref.ReferenceQueue.remove(ReferenceQueue.java:201)
 com.mysql.cj.jdbc.AbandonedConnectionCleanupThread.run(AbandonedConnectionCleanupThread.java:84)
 java.base/java.util.concurrent.ThreadPoolExecutor.runWorker(ThreadPoolExecutor.java:1090)
 java.base/java.util.concurrent.ThreadPoolExecutor$Worker.run(ThreadPoolExecutor.java:614)
 java.base/java.lang.Thread.run(Thread.java:1474)
05-Jun-2026 14:30:41.002 INFO [Thread-1] org.apache.coyote.AbstractProtocol.stop Stopping ProtocolHandler ["http-nio-8081"]
05-Jun-2026 14:30:41.012 INFO [Thread-1] org.apache.coyote.AbstractProtocol.destroy Destroying ProtocolHandler ["http-nio-8081"]
05-Jun-2026 14:30:44.233 INFO [main] org.apache.catalina.startup.VersionLoggerListener.log Server version name:   Apache Tomcat/10.1.55
05-Jun-2026 14:30:44.236 INFO [main] org.apache.catalina.startup.VersionLoggerListener.log Server built:          May 5 2026 13:33:02 UTC
05-Jun-2026 14:30:44.237 INFO [main] org.apache.catalina.startup.VersionLoggerListener.log Server version number: 10.1.55.0
05-Jun-2026 14:30:44.237 INFO [main] org.apache.catalina.startup.VersionLoggerListener.log OS Name:               Windows 11
05-Jun-2026 14:30:44.237 INFO [main] org.apache.catalina.startup.VersionLoggerListener.log OS Version:            10.0
05-Jun-2026 14:30:44.237 INFO [main] org.apache.catalina.startup.VersionLoggerListener.log Architecture:          amd64
05-Jun-2026 14:30:44.237 INFO [main] org.apache.catalina.startup.VersionLoggerListener.log Java Home:             C:\Program Files\JetBrains\IntelliJ IDEA 2026.1.2\jbr
05-Jun-2026 14:30:44.237 INFO [main] org.apache.catalina.startup.VersionLoggerListener.log JVM Version:           25.0.2+1-b329.117
05-Jun-2026 14:30:44.237 INFO [main] org.apache.catalina.startup.VersionLoggerListener.log JVM Vendor:            JetBrains s.r.o.
05-Jun-2026 14:30:44.237 INFO [main] org.apache.catalina.startup.VersionLoggerListener.log CATALINA_BASE:         D:\JAVA_FULL_STACK\RestAPI\restApiSecond\src\main\webapp
05-Jun-2026 14:30:44.237 INFO [main] org.apache.catalina.startup.VersionLoggerListener.log CATALINA_HOME:         C:\Program Files\Apache Software Foundation\Tomcat 10.1
05-Jun-2026 14:30:44.248 INFO [main] org.apache.catalina.startup.VersionLoggerListener.log Command line argument: --add-opens=java.base/java.lang=ALL-UNNAMED
05-Jun-2026 14:30:44.248 INFO [main] org.apache.catalina.startup.VersionLoggerListener.log Command line argument: --add-opens=java.base/java.io=ALL-UNNAMED
05-Jun-2026 14:30:44.248 INFO [main] org.apache.catalina.startup.VersionLoggerListener.log Command line argument: --add-opens=java.base/java.util=ALL-UNNAMED
05-Jun-2026 14:30:44.248 INFO [main] org.apache.catalina.startup.VersionLoggerListener.log Command line argument: --add-opens=java.base/java.util.concurrent=ALL-UNNAMED
05-Jun-2026 14:30:44.248 INFO [main] org.apache.catalina.startup.VersionLoggerListener.log Command line argument: --add-opens=java.rmi/sun.rmi.transport=ALL-UNNAMED
05-Jun-2026 14:30:44.248 INFO [main] org.apache.catalina.startup.VersionLoggerListener.log Command line argument: -Dcatalina.home=C:\Program Files\Apache Software Foundation\Tomcat 10.1
05-Jun-2026 14:30:44.248 INFO [main] org.apache.catalina.startup.VersionLoggerListener.log Command line argument: -Dcatalina.base=D:\JAVA_FULL_STACK\RestAPI\restApiSecond\src\main\webapp
05-Jun-2026 14:30:44.248 INFO [main] org.apache.catalina.startup.VersionLoggerListener.log Command line argument: -Djava.io.tmpdir=D:\JAVA_FULL_STACK\RestAPI\restApiSecond\src\main\webapp\temp
05-Jun-2026 14:30:44.248 INFO [main] org.apache.catalina.startup.VersionLoggerListener.log Command line argument: -Djava.util.logging.config.file=D:\JAVA_FULL_STACK\RestAPI\restApiSecond\src\main\webapp\conf\logging.properties
05-Jun-2026 14:30:44.248 INFO [main] org.apache.catalina.startup.VersionLoggerListener.log Command line argument: -Djava.util.logging.manager=org.apache.juli.ClassLoaderLogManager
05-Jun-2026 14:30:44.249 INFO [main] org.apache.catalina.startup.VersionLoggerListener.log Command line argument: -javaagent:C:\Program Files\JetBrains\IntelliJ IDEA 2026.1.2\lib\idea_rt.jar=63238
05-Jun-2026 14:30:44.249 INFO [main] org.apache.catalina.startup.VersionLoggerListener.log Command line argument: -Dfile.encoding=UTF-8
05-Jun-2026 14:30:44.249 INFO [main] org.apache.catalina.startup.VersionLoggerListener.log Command line argument: -Dsun.stdout.encoding=UTF-8
05-Jun-2026 14:30:44.249 INFO [main] org.apache.catalina.startup.VersionLoggerListener.log Command line argument: -Dsun.stderr.encoding=UTF-8
05-Jun-2026 14:30:44.273 INFO [main] org.apache.catalina.core.AprLifecycleListener.lifecycleEvent The Apache Tomcat Native library which allows using OpenSSL was not found on the java.library.path: [C:\Program Files\JetBrains\IntelliJ IDEA 2026.1.2\jbr\bin;C:\WINDOWS\Sun\Java\bin;C:\WINDOWS\system32;C:\WINDOWS;C:\Program Files\Common Files\Oracle\Java\javapath;C:\WINDOWS\system32;C:\WINDOWS;C:\WINDOWS\System32\Wbem;C:\WINDOWS\System32\WindowsPowerShell\v1.0\;C:\WINDOWS\System32\OpenSSH\;C:\Program Files (x86)\NVIDIA Corporation\PhysX\Common;C:\Program Files\NVIDIA Corporation\NVIDIA NvDLISR;C:\Program Files\MySQL\MySQL Server 8.0\bin;C:\Program Files\nodejs\;C:\Program Files\Git\cmd;C:\Program Files\PuTTY\;C:\Program Files\dotnet\;C:\apache-maven-3.9.16-bin\apache-maven-3.9.16\bin;C:\Program Files\Java\jdk-26\bin;D:\gradle-8.14.5\bin;C:\Program Files\MySQL\MySQL Shell 8.0\bin\;D:\anaconda3;D:\anaconda3\Library\mingw-w64\bin;D:\anaconda3\Library\usr\bin;D:\anaconda3\Library\bin;D:\anaconda3\Scripts;C:\Users\Harsh Khatana\AppData\Local\Programs\Python\Python313\Scripts\;C:\Users\Harsh Khatana\AppData\Local\Programs\Python\Python313\;C:\Users\Harsh Khatana\AppData\Local\Programs\Python\Launcher\;C:\Users\Harsh Khatana\AppData\Local\Microsoft\WindowsApps;C:\Users\Harsh Khatana\AppData\Roaming\npm;D:\vs code setup\Microsoft VS Code\bin;;.]
05-Jun-2026 14:30:44.555 INFO [main] org.apache.coyote.AbstractProtocol.init Initializing ProtocolHandler ["http-nio-8081"]
05-Jun-2026 14:30:44.572 INFO [main] org.apache.catalina.startup.Catalina.load Server initialization in [564] milliseconds
05-Jun-2026 14:30:44.623 INFO [main] org.apache.catalina.core.StandardService.startInternal Starting service [Catalina]
05-Jun-2026 14:30:44.623 INFO [main] org.apache.catalina.core.StandardEngine.startInternal Starting Servlet engine: [Apache Tomcat/10.1.55]
05-Jun-2026 14:30:44.636 INFO [main] org.apache.catalina.startup.HostConfig.deployDescriptor Deploying deployment descriptor [D:\JAVA_FULL_STACK\RestAPI\restApiSecond\src\main\webapp\conf\Catalina\localhost\registrationWebApp.xml]
05-Jun-2026 14:30:45.051 INFO [main] org.apache.catalina.startup.HostConfig.deployDescriptor Deployment of deployment descriptor [D:\JAVA_FULL_STACK\RestAPI\restApiSecond\src\main\webapp\conf\Catalina\localhost\registrationWebApp.xml] has finished in [412] ms
05-Jun-2026 14:30:45.052 INFO [main] org.apache.catalina.startup.HostConfig.deployDescriptor Deploying deployment descriptor [D:\JAVA_FULL_STACK\RestAPI\restApiSecond\src\main\webapp\conf\Catalina\localhost\restApiSecond.xml]
05-Jun-2026 14:30:53.186 INFO [main] org.apache.jasper.servlet.TldScanner.scanJars At least one JAR was scanned for TLDs yet contained no TLDs. Enable debug logging for this logger for a complete list of JARs that were scanned but no TLDs were found in them. Skipping unneeded JARs during scanning can improve startup time and JSP compilation time.
05-Jun-2026 14:31:08.093 INFO [main] org.apache.catalina.startup.HostConfig.deployDescriptor Deployment of deployment descriptor [D:\JAVA_FULL_STACK\RestAPI\restApiSecond\src\main\webapp\conf\Catalina\localhost\restApiSecond.xml] has finished in [23,042] ms
05-Jun-2026 14:31:08.097 INFO [main] org.apache.coyote.AbstractProtocol.start Starting ProtocolHandler ["http-nio-8081"]
05-Jun-2026 14:31:08.133 INFO [main] org.apache.catalina.startup.Catalina.start Server startup in [23558] milliseconds
05-Jun-2026 14:37:26.450 INFO [Thread-1] org.apache.coyote.AbstractProtocol.pause Pausing ProtocolHandler ["http-nio-8081"]
05-Jun-2026 14:37:26.473 INFO [Thread-1] org.apache.catalina.core.StandardService.stopInternal Stopping service [Catalina]
05-Jun-2026 14:37:26.524 WARNING [Thread-1] org.apache.catalina.loader.WebappClassLoaderBase.clearReferencesJdbc The web application [restApiSecond] registered the JDBC driver [com.mysql.cj.jdbc.Driver] but failed to unregister it when the web application was stopped. To prevent a memory leak, the JDBC Driver has been forcibly unregistered.
05-Jun-2026 14:37:26.524 WARNING [Thread-1] org.apache.catalina.loader.WebappClassLoaderBase.clearReferencesThreads The web application [restApiSecond] appears to have started a thread named [mysql-cj-abandoned-connection-cleanup] but has failed to stop it. This is very likely to create a memory leak. Stack trace of thread:
 java.base/java.lang.Object.wait0(Native Method)
 java.base/java.lang.Object.wait(Object.java:389)
 java.base/java.lang.ref.ReferenceQueue.remove0(ReferenceQueue.java:123)
 java.base/java.lang.ref.ReferenceQueue.remove(ReferenceQueue.java:201)
 com.mysql.cj.jdbc.AbandonedConnectionCleanupThread.run(AbandonedConnectionCleanupThread.java:84)
 java.base/java.util.concurrent.ThreadPoolExecutor.runWorker(ThreadPoolExecutor.java:1090)
 java.base/java.util.concurrent.ThreadPoolExecutor$Worker.run(ThreadPoolExecutor.java:614)
 java.base/java.lang.Thread.run(Thread.java:1474)
05-Jun-2026 14:37:26.527 INFO [Thread-1] org.apache.coyote.AbstractProtocol.stop Stopping ProtocolHandler ["http-nio-8081"]
05-Jun-2026 14:37:26.540 INFO [Thread-1] org.apache.coyote.AbstractProtocol.destroy Destroying ProtocolHandler ["http-nio-8081"]
05-Jun-2026 14:37:30.117 INFO [main] org.apache.catalina.startup.VersionLoggerListener.log Server version name:   Apache Tomcat/10.1.55
05-Jun-2026 14:37:30.121 INFO [main] org.apache.catalina.startup.VersionLoggerListener.log Server built:          May 5 2026 13:33:02 UTC
05-Jun-2026 14:37:30.122 INFO [main] org.apache.catalina.startup.VersionLoggerListener.log Server version number: 10.1.55.0
05-Jun-2026 14:37:30.122 INFO [main] org.apache.catalina.startup.VersionLoggerListener.log OS Name:               Windows 11
05-Jun-2026 14:37:30.122 INFO [main] org.apache.catalina.startup.VersionLoggerListener.log OS Version:            10.0
05-Jun-2026 14:37:30.122 INFO [main] org.apache.catalina.startup.VersionLoggerListener.log Architecture:          amd64
05-Jun-2026 14:37:30.122 INFO [main] org.apache.catalina.startup.VersionLoggerListener.log Java Home:             C:\Program Files\JetBrains\IntelliJ IDEA 2026.1.2\jbr
05-Jun-2026 14:37:30.122 INFO [main] org.apache.catalina.startup.VersionLoggerListener.log JVM Version:           25.0.2+1-b329.117
05-Jun-2026 14:37:30.122 INFO [main] org.apache.catalina.startup.VersionLoggerListener.log JVM Vendor:            JetBrains s.r.o.
05-Jun-2026 14:37:30.122 INFO [main] org.apache.catalina.startup.VersionLoggerListener.log CATALINA_BASE:         D:\JAVA_FULL_STACK\RestAPI\restApiSecond\src\main\webapp
05-Jun-2026 14:37:30.122 INFO [main] org.apache.catalina.startup.VersionLoggerListener.log CATALINA_HOME:         C:\Program Files\Apache Software Foundation\Tomcat 10.1
05-Jun-2026 14:37:30.135 INFO [main] org.apache.catalina.startup.VersionLoggerListener.log Command line argument: --add-opens=java.base/java.lang=ALL-UNNAMED
05-Jun-2026 14:37:30.135 INFO [main] org.apache.catalina.startup.VersionLoggerListener.log Command line argument: --add-opens=java.base/java.io=ALL-UNNAMED
05-Jun-2026 14:37:30.136 INFO [main] org.apache.catalina.startup.VersionLoggerListener.log Command line argument: --add-opens=java.base/java.util=ALL-UNNAMED
05-Jun-2026 14:37:30.136 INFO [main] org.apache.catalina.startup.VersionLoggerListener.log Command line argument: --add-opens=java.base/java.util.concurrent=ALL-UNNAMED
05-Jun-2026 14:37:30.136 INFO [main] org.apache.catalina.startup.VersionLoggerListener.log Command line argument: --add-opens=java.rmi/sun.rmi.transport=ALL-UNNAMED
05-Jun-2026 14:37:30.136 INFO [main] org.apache.catalina.startup.VersionLoggerListener.log Command line argument: -Dcatalina.home=C:\Program Files\Apache Software Foundation\Tomcat 10.1
05-Jun-2026 14:37:30.136 INFO [main] org.apache.catalina.startup.VersionLoggerListener.log Command line argument: -Dcatalina.base=D:\JAVA_FULL_STACK\RestAPI\restApiSecond\src\main\webapp
05-Jun-2026 14:37:30.136 INFO [main] org.apache.catalina.startup.VersionLoggerListener.log Command line argument: -Djava.io.tmpdir=D:\JAVA_FULL_STACK\RestAPI\restApiSecond\src\main\webapp\temp
05-Jun-2026 14:37:30.136 INFO [main] org.apache.catalina.startup.VersionLoggerListener.log Command line argument: -Djava.util.logging.config.file=D:\JAVA_FULL_STACK\RestAPI\restApiSecond\src\main\webapp\conf\logging.properties
05-Jun-2026 14:37:30.137 INFO [main] org.apache.catalina.startup.VersionLoggerListener.log Command line argument: -Djava.util.logging.manager=org.apache.juli.ClassLoaderLogManager
05-Jun-2026 14:37:30.137 INFO [main] org.apache.catalina.startup.VersionLoggerListener.log Command line argument: -javaagent:C:\Program Files\JetBrains\IntelliJ IDEA 2026.1.2\lib\idea_rt.jar=50448
05-Jun-2026 14:37:30.137 INFO [main] org.apache.catalina.startup.VersionLoggerListener.log Command line argument: -Dfile.encoding=UTF-8
05-Jun-2026 14:37:30.137 INFO [main] org.apache.catalina.startup.VersionLoggerListener.log Command line argument: -Dsun.stdout.encoding=UTF-8
05-Jun-2026 14:37:30.137 INFO [main] org.apache.catalina.startup.VersionLoggerListener.log Command line argument: -Dsun.stderr.encoding=UTF-8
05-Jun-2026 14:37:30.168 INFO [main] org.apache.catalina.core.AprLifecycleListener.lifecycleEvent The Apache Tomcat Native library which allows using OpenSSL was not found on the java.library.path: [C:\Program Files\JetBrains\IntelliJ IDEA 2026.1.2\jbr\bin;C:\WINDOWS\Sun\Java\bin;C:\WINDOWS\system32;C:\WINDOWS;C:\Program Files\Common Files\Oracle\Java\javapath;C:\WINDOWS\system32;C:\WINDOWS;C:\WINDOWS\System32\Wbem;C:\WINDOWS\System32\WindowsPowerShell\v1.0\;C:\WINDOWS\System32\OpenSSH\;C:\Program Files (x86)\NVIDIA Corporation\PhysX\Common;C:\Program Files\NVIDIA Corporation\NVIDIA NvDLISR;C:\Program Files\MySQL\MySQL Server 8.0\bin;C:\Program Files\nodejs\;C:\Program Files\Git\cmd;C:\Program Files\PuTTY\;C:\Program Files\dotnet\;C:\apache-maven-3.9.16-bin\apache-maven-3.9.16\bin;C:\Program Files\Java\jdk-26\bin;D:\gradle-8.14.5\bin;C:\Program Files\MySQL\MySQL Shell 8.0\bin\;D:\anaconda3;D:\anaconda3\Library\mingw-w64\bin;D:\anaconda3\Library\usr\bin;D:\anaconda3\Library\bin;D:\anaconda3\Scripts;C:\Users\Harsh Khatana\AppData\Local\Programs\Python\Python313\Scripts\;C:\Users\Harsh Khatana\AppData\Local\Programs\Python\Python313\;C:\Users\Harsh Khatana\AppData\Local\Programs\Python\Launcher\;C:\Users\Harsh Khatana\AppData\Local\Microsoft\WindowsApps;C:\Users\Harsh Khatana\AppData\Roaming\npm;D:\vs code setup\Microsoft VS Code\bin;;.]
05-Jun-2026 14:37:30.511 INFO [main] org.apache.coyote.AbstractProtocol.init Initializing ProtocolHandler ["http-nio-8081"]
05-Jun-2026 14:37:30.529 INFO [main] org.apache.catalina.startup.Catalina.load Server initialization in [685] milliseconds
05-Jun-2026 14:37:30.596 INFO [main] org.apache.catalina.core.StandardService.startInternal Starting service [Catalina]
05-Jun-2026 14:37:30.596 INFO [main] org.apache.catalina.core.StandardEngine.startInternal Starting Servlet engine: [Apache Tomcat/10.1.55]
05-Jun-2026 14:37:30.613 INFO [main] org.apache.catalina.startup.HostConfig.deployDescriptor Deploying deployment descriptor [D:\JAVA_FULL_STACK\RestAPI\restApiSecond\src\main\webapp\conf\Catalina\localhost\registrationWebApp.xml]
05-Jun-2026 14:37:31.157 INFO [main] org.apache.catalina.startup.HostConfig.deployDescriptor Deployment of deployment descriptor [D:\JAVA_FULL_STACK\RestAPI\restApiSecond\src\main\webapp\conf\Catalina\localhost\registrationWebApp.xml] has finished in [539] ms
05-Jun-2026 14:37:31.158 INFO [main] org.apache.catalina.startup.HostConfig.deployDescriptor Deploying deployment descriptor [D:\JAVA_FULL_STACK\RestAPI\restApiSecond\src\main\webapp\conf\Catalina\localhost\restApiSecond.xml]
05-Jun-2026 14:37:44.486 INFO [main] org.apache.jasper.servlet.TldScanner.scanJars At least one JAR was scanned for TLDs yet contained no TLDs. Enable debug logging for this logger for a complete list of JARs that were scanned but no TLDs were found in them. Skipping unneeded JARs during scanning can improve startup time and JSP compilation time.
05-Jun-2026 14:37:58.537 INFO [main] org.apache.catalina.startup.HostConfig.deployDescriptor Deployment of deployment descriptor [D:\JAVA_FULL_STACK\RestAPI\restApiSecond\src\main\webapp\conf\Catalina\localhost\restApiSecond.xml] has finished in [27,379] ms
05-Jun-2026 14:37:58.544 INFO [main] org.apache.coyote.AbstractProtocol.start Starting ProtocolHandler ["http-nio-8081"]
05-Jun-2026 14:37:58.616 INFO [main] org.apache.catalina.startup.Catalina.start Server startup in [28086] milliseconds
05-Jun-2026 14:38:59.176 INFO [Thread-1] org.apache.coyote.AbstractProtocol.pause Pausing ProtocolHandler ["http-nio-8081"]
05-Jun-2026 14:38:59.191 INFO [Thread-1] org.apache.catalina.core.StandardService.stopInternal Stopping service [Catalina]
05-Jun-2026 14:38:59.229 INFO [Thread-1] org.apache.coyote.AbstractProtocol.stop Stopping ProtocolHandler ["http-nio-8081"]
05-Jun-2026 14:38:59.235 INFO [Thread-1] org.apache.coyote.AbstractProtocol.destroy Destroying ProtocolHandler ["http-nio-8081"]
05-Jun-2026 14:39:02.246 INFO [main] org.apache.catalina.startup.VersionLoggerListener.log Server version name:   Apache Tomcat/10.1.55
05-Jun-2026 14:39:02.249 INFO [main] org.apache.catalina.startup.VersionLoggerListener.log Server built:          May 5 2026 13:33:02 UTC
05-Jun-2026 14:39:02.249 INFO [main] org.apache.catalina.startup.VersionLoggerListener.log Server version number: 10.1.55.0
05-Jun-2026 14:39:02.249 INFO [main] org.apache.catalina.startup.VersionLoggerListener.log OS Name:               Windows 11
05-Jun-2026 14:39:02.249 INFO [main] org.apache.catalina.startup.VersionLoggerListener.log OS Version:            10.0
05-Jun-2026 14:39:02.249 INFO [main] org.apache.catalina.startup.VersionLoggerListener.log Architecture:          amd64
05-Jun-2026 14:39:02.249 INFO [main] org.apache.catalina.startup.VersionLoggerListener.log Java Home:             C:\Program Files\JetBrains\IntelliJ IDEA 2026.1.2\jbr
05-Jun-2026 14:39:02.249 INFO [main] org.apache.catalina.startup.VersionLoggerListener.log JVM Version:           25.0.2+1-b329.117
05-Jun-2026 14:39:02.249 INFO [main] org.apache.catalina.startup.VersionLoggerListener.log JVM Vendor:            JetBrains s.r.o.
05-Jun-2026 14:39:02.250 INFO [main] org.apache.catalina.startup.VersionLoggerListener.log CATALINA_BASE:         D:\JAVA_FULL_STACK\RestAPI\restApiSecond\src\main\webapp
05-Jun-2026 14:39:02.250 INFO [main] org.apache.catalina.startup.VersionLoggerListener.log CATALINA_HOME:         C:\Program Files\Apache Software Foundation\Tomcat 10.1
05-Jun-2026 14:39:02.259 INFO [main] org.apache.catalina.startup.VersionLoggerListener.log Command line argument: --add-opens=java.base/java.lang=ALL-UNNAMED
05-Jun-2026 14:39:02.260 INFO [main] org.apache.catalina.startup.VersionLoggerListener.log Command line argument: --add-opens=java.base/java.io=ALL-UNNAMED
05-Jun-2026 14:39:02.260 INFO [main] org.apache.catalina.startup.VersionLoggerListener.log Command line argument: --add-opens=java.base/java.util=ALL-UNNAMED
05-Jun-2026 14:39:02.260 INFO [main] org.apache.catalina.startup.VersionLoggerListener.log Command line argument: --add-opens=java.base/java.util.concurrent=ALL-UNNAMED
05-Jun-2026 14:39:02.260 INFO [main] org.apache.catalina.startup.VersionLoggerListener.log Command line argument: --add-opens=java.rmi/sun.rmi.transport=ALL-UNNAMED
05-Jun-2026 14:39:02.260 INFO [main] org.apache.catalina.startup.VersionLoggerListener.log Command line argument: -Dcatalina.home=C:\Program Files\Apache Software Foundation\Tomcat 10.1
05-Jun-2026 14:39:02.260 INFO [main] org.apache.catalina.startup.VersionLoggerListener.log Command line argument: -Dcatalina.base=D:\JAVA_FULL_STACK\RestAPI\restApiSecond\src\main\webapp
05-Jun-2026 14:39:02.260 INFO [main] org.apache.catalina.startup.VersionLoggerListener.log Command line argument: -Djava.io.tmpdir=D:\JAVA_FULL_STACK\RestAPI\restApiSecond\src\main\webapp\temp
05-Jun-2026 14:39:02.260 INFO [main] org.apache.catalina.startup.VersionLoggerListener.log Command line argument: -Djava.util.logging.config.file=D:\JAVA_FULL_STACK\RestAPI\restApiSecond\src\main\webapp\conf\logging.properties
05-Jun-2026 14:39:02.260 INFO [main] org.apache.catalina.startup.VersionLoggerListener.log Command line argument: -Djava.util.logging.manager=org.apache.juli.ClassLoaderLogManager
05-Jun-2026 14:39:02.260 INFO [main] org.apache.catalina.startup.VersionLoggerListener.log Command line argument: -javaagent:C:\Program Files\JetBrains\IntelliJ IDEA 2026.1.2\lib\idea_rt.jar=50469
05-Jun-2026 14:39:02.260 INFO [main] org.apache.catalina.startup.VersionLoggerListener.log Command line argument: -Dfile.encoding=UTF-8
05-Jun-2026 14:39:02.260 INFO [main] org.apache.catalina.startup.VersionLoggerListener.log Command line argument: -Dsun.stdout.encoding=UTF-8
05-Jun-2026 14:39:02.260 INFO [main] org.apache.catalina.startup.VersionLoggerListener.log Command line argument: -Dsun.stderr.encoding=UTF-8
05-Jun-2026 14:39:02.282 INFO [main] org.apache.catalina.core.AprLifecycleListener.lifecycleEvent The Apache Tomcat Native library which allows using OpenSSL was not found on the java.library.path: [C:\Program Files\JetBrains\IntelliJ IDEA 2026.1.2\jbr\bin;C:\WINDOWS\Sun\Java\bin;C:\WINDOWS\system32;C:\WINDOWS;C:\Program Files\Common Files\Oracle\Java\javapath;C:\WINDOWS\system32;C:\WINDOWS;C:\WINDOWS\System32\Wbem;C:\WINDOWS\System32\WindowsPowerShell\v1.0\;C:\WINDOWS\System32\OpenSSH\;C:\Program Files (x86)\NVIDIA Corporation\PhysX\Common;C:\Program Files\NVIDIA Corporation\NVIDIA NvDLISR;C:\Program Files\MySQL\MySQL Server 8.0\bin;C:\Program Files\nodejs\;C:\Program Files\Git\cmd;C:\Program Files\PuTTY\;C:\Program Files\dotnet\;C:\apache-maven-3.9.16-bin\apache-maven-3.9.16\bin;C:\Program Files\Java\jdk-26\bin;D:\gradle-8.14.5\bin;C:\Program Files\MySQL\MySQL Shell 8.0\bin\;D:\anaconda3;D:\anaconda3\Library\mingw-w64\bin;D:\anaconda3\Library\usr\bin;D:\anaconda3\Library\bin;D:\anaconda3\Scripts;C:\Users\Harsh Khatana\AppData\Local\Programs\Python\Python313\Scripts\;C:\Users\Harsh Khatana\AppData\Local\Programs\Python\Python313\;C:\Users\Harsh Khatana\AppData\Local\Programs\Python\Launcher\;C:\Users\Harsh Khatana\AppData\Local\Microsoft\WindowsApps;C:\Users\Harsh Khatana\AppData\Roaming\npm;D:\vs code setup\Microsoft VS Code\bin;;.]
05-Jun-2026 14:39:02.564 INFO [main] org.apache.coyote.AbstractProtocol.init Initializing ProtocolHandler ["http-nio-8081"]
05-Jun-2026 14:39:02.582 INFO [main] org.apache.catalina.startup.Catalina.load Server initialization in [544] milliseconds
05-Jun-2026 14:39:02.625 INFO [main] org.apache.catalina.core.StandardService.startInternal Starting service [Catalina]
05-Jun-2026 14:39:02.625 INFO [main] org.apache.catalina.core.StandardEngine.startInternal Starting Servlet engine: [Apache Tomcat/10.1.55]
05-Jun-2026 14:39:02.638 INFO [main] org.apache.catalina.startup.HostConfig.deployDescriptor Deploying deployment descriptor [D:\JAVA_FULL_STACK\RestAPI\restApiSecond\src\main\webapp\conf\Catalina\localhost\registrationWebApp.xml]
05-Jun-2026 14:39:03.058 INFO [main] org.apache.catalina.startup.HostConfig.deployDescriptor Deployment of deployment descriptor [D:\JAVA_FULL_STACK\RestAPI\restApiSecond\src\main\webapp\conf\Catalina\localhost\registrationWebApp.xml] has finished in [415] ms
05-Jun-2026 14:39:03.058 INFO [main] org.apache.catalina.startup.HostConfig.deployDescriptor Deploying deployment descriptor [D:\JAVA_FULL_STACK\RestAPI\restApiSecond\src\main\webapp\conf\Catalina\localhost\restApiSecond.xml]
05-Jun-2026 14:39:09.025 INFO [main] org.apache.jasper.servlet.TldScanner.scanJars At least one JAR was scanned for TLDs yet contained no TLDs. Enable debug logging for this logger for a complete list of JARs that were scanned but no TLDs were found in them. Skipping unneeded JARs during scanning can improve startup time and JSP compilation time.
05-Jun-2026 14:39:20.290 INFO [main] org.apache.catalina.startup.HostConfig.deployDescriptor Deployment of deployment descriptor [D:\JAVA_FULL_STACK\RestAPI\restApiSecond\src\main\webapp\conf\Catalina\localhost\restApiSecond.xml] has finished in [17,232] ms
05-Jun-2026 14:39:20.295 INFO [main] org.apache.coyote.AbstractProtocol.start Starting ProtocolHandler ["http-nio-8081"]
05-Jun-2026 14:39:20.320 INFO [main] org.apache.catalina.startup.Catalina.start Server startup in [17736] milliseconds
05-Jun-2026 14:45:20.613 INFO [Thread-1] org.apache.coyote.AbstractProtocol.pause Pausing ProtocolHandler ["http-nio-8081"]
05-Jun-2026 14:45:20.627 INFO [Thread-1] org.apache.catalina.core.StandardService.stopInternal Stopping service [Catalina]
05-Jun-2026 14:45:20.667 WARNING [Thread-1] org.apache.catalina.loader.WebappClassLoaderBase.clearReferencesJdbc The web application [restApiSecond] registered the JDBC driver [com.mysql.cj.jdbc.Driver] but failed to unregister it when the web application was stopped. To prevent a memory leak, the JDBC Driver has been forcibly unregistered.
05-Jun-2026 14:45:20.668 WARNING [Thread-1] org.apache.catalina.loader.WebappClassLoaderBase.clearReferencesThreads The web application [restApiSecond] appears to have started a thread named [mysql-cj-abandoned-connection-cleanup] but has failed to stop it. This is very likely to create a memory leak. Stack trace of thread:
 java.base/java.lang.Object.wait0(Native Method)
 java.base/java.lang.Object.wait(Object.java:389)
 java.base/java.lang.ref.ReferenceQueue.remove0(ReferenceQueue.java:123)
 java.base/java.lang.ref.ReferenceQueue.remove(ReferenceQueue.java:201)
 com.mysql.cj.jdbc.AbandonedConnectionCleanupThread.run(AbandonedConnectionCleanupThread.java:84)
 java.base/java.util.concurrent.ThreadPoolExecutor.runWorker(ThreadPoolExecutor.java:1090)
 java.base/java.util.concurrent.ThreadPoolExecutor$Worker.run(ThreadPoolExecutor.java:614)
 java.base/java.lang.Thread.run(Thread.java:1474)
05-Jun-2026 14:45:20.669 INFO [Thread-1] org.apache.coyote.AbstractProtocol.stop Stopping ProtocolHandler ["http-nio-8081"]
05-Jun-2026 14:45:20.683 INFO [Thread-1] org.apache.coyote.AbstractProtocol.destroy Destroying ProtocolHandler ["http-nio-8081"]
05-Jun-2026 14:45:23.570 INFO [main] org.apache.catalina.startup.VersionLoggerListener.log Server version name:   Apache Tomcat/10.1.55
05-Jun-2026 14:45:23.573 INFO [main] org.apache.catalina.startup.VersionLoggerListener.log Server built:          May 5 2026 13:33:02 UTC
05-Jun-2026 14:45:23.574 INFO [main] org.apache.catalina.startup.VersionLoggerListener.log Server version number: 10.1.55.0
05-Jun-2026 14:45:23.574 INFO [main] org.apache.catalina.startup.VersionLoggerListener.log OS Name:               Windows 11
05-Jun-2026 14:45:23.574 INFO [main] org.apache.catalina.startup.VersionLoggerListener.log OS Version:            10.0
05-Jun-2026 14:45:23.574 INFO [main] org.apache.catalina.startup.VersionLoggerListener.log Architecture:          amd64
05-Jun-2026 14:45:23.574 INFO [main] org.apache.catalina.startup.VersionLoggerListener.log Java Home:             C:\Program Files\JetBrains\IntelliJ IDEA 2026.1.2\jbr
05-Jun-2026 14:45:23.574 INFO [main] org.apache.catalina.startup.VersionLoggerListener.log JVM Version:           25.0.2+1-b329.117
05-Jun-2026 14:45:23.574 INFO [main] org.apache.catalina.startup.VersionLoggerListener.log JVM Vendor:            JetBrains s.r.o.
05-Jun-2026 14:45:23.574 INFO [main] org.apache.catalina.startup.VersionLoggerListener.log CATALINA_BASE:         D:\JAVA_FULL_STACK\RestAPI\restApiSecond\src\main\webapp
05-Jun-2026 14:45:23.574 INFO [main] org.apache.catalina.startup.VersionLoggerListener.log CATALINA_HOME:         C:\Program Files\Apache Software Foundation\Tomcat 10.1
05-Jun-2026 14:45:23.586 INFO [main] org.apache.catalina.startup.VersionLoggerListener.log Command line argument: --add-opens=java.base/java.lang=ALL-UNNAMED
05-Jun-2026 14:45:23.586 INFO [main] org.apache.catalina.startup.VersionLoggerListener.log Command line argument: --add-opens=java.base/java.io=ALL-UNNAMED
05-Jun-2026 14:45:23.587 INFO [main] org.apache.catalina.startup.VersionLoggerListener.log Command line argument: --add-opens=java.base/java.util=ALL-UNNAMED
05-Jun-2026 14:45:23.587 INFO [main] org.apache.catalina.startup.VersionLoggerListener.log Command line argument: --add-opens=java.base/java.util.concurrent=ALL-UNNAMED
05-Jun-2026 14:45:23.587 INFO [main] org.apache.catalina.startup.VersionLoggerListener.log Command line argument: --add-opens=java.rmi/sun.rmi.transport=ALL-UNNAMED
05-Jun-2026 14:45:23.587 INFO [main] org.apache.catalina.startup.VersionLoggerListener.log Command line argument: -Dcatalina.home=C:\Program Files\Apache Software Foundation\Tomcat 10.1
05-Jun-2026 14:45:23.587 INFO [main] org.apache.catalina.startup.VersionLoggerListener.log Command line argument: -Dcatalina.base=D:\JAVA_FULL_STACK\RestAPI\restApiSecond\src\main\webapp
05-Jun-2026 14:45:23.587 INFO [main] org.apache.catalina.startup.VersionLoggerListener.log Command line argument: -Djava.io.tmpdir=D:\JAVA_FULL_STACK\RestAPI\restApiSecond\src\main\webapp\temp
05-Jun-2026 14:45:23.587 INFO [main] org.apache.catalina.startup.VersionLoggerListener.log Command line argument: -Djava.util.logging.config.file=D:\JAVA_FULL_STACK\RestAPI\restApiSecond\src\main\webapp\conf\logging.properties
05-Jun-2026 14:45:23.587 INFO [main] org.apache.catalina.startup.VersionLoggerListener.log Command line argument: -Djava.util.logging.manager=org.apache.juli.ClassLoaderLogManager
05-Jun-2026 14:45:23.587 INFO [main] org.apache.catalina.startup.VersionLoggerListener.log Command line argument: -javaagent:C:\Program Files\JetBrains\IntelliJ IDEA 2026.1.2\lib\idea_rt.jar=55781
05-Jun-2026 14:45:23.587 INFO [main] org.apache.catalina.startup.VersionLoggerListener.log Command line argument: -Dfile.encoding=UTF-8
05-Jun-2026 14:45:23.587 INFO [main] org.apache.catalina.startup.VersionLoggerListener.log Command line argument: -Dsun.stdout.encoding=UTF-8
05-Jun-2026 14:45:23.587 INFO [main] org.apache.catalina.startup.VersionLoggerListener.log Command line argument: -Dsun.stderr.encoding=UTF-8
05-Jun-2026 14:45:23.611 INFO [main] org.apache.catalina.core.AprLifecycleListener.lifecycleEvent The Apache Tomcat Native library which allows using OpenSSL was not found on the java.library.path: [C:\Program Files\JetBrains\IntelliJ IDEA 2026.1.2\jbr\bin;C:\WINDOWS\Sun\Java\bin;C:\WINDOWS\system32;C:\WINDOWS;C:\Program Files\Common Files\Oracle\Java\javapath;C:\WINDOWS\system32;C:\WINDOWS;C:\WINDOWS\System32\Wbem;C:\WINDOWS\System32\WindowsPowerShell\v1.0\;C:\WINDOWS\System32\OpenSSH\;C:\Program Files (x86)\NVIDIA Corporation\PhysX\Common;C:\Program Files\NVIDIA Corporation\NVIDIA NvDLISR;C:\Program Files\MySQL\MySQL Server 8.0\bin;C:\Program Files\nodejs\;C:\Program Files\Git\cmd;C:\Program Files\PuTTY\;C:\Program Files\dotnet\;C:\apache-maven-3.9.16-bin\apache-maven-3.9.16\bin;C:\Program Files\Java\jdk-26\bin;D:\gradle-8.14.5\bin;C:\Program Files\MySQL\MySQL Shell 8.0\bin\;D:\anaconda3;D:\anaconda3\Library\mingw-w64\bin;D:\anaconda3\Library\usr\bin;D:\anaconda3\Library\bin;D:\anaconda3\Scripts;C:\Users\Harsh Khatana\AppData\Local\Programs\Python\Python313\Scripts\;C:\Users\Harsh Khatana\AppData\Local\Programs\Python\Python313\;C:\Users\Harsh Khatana\AppData\Local\Programs\Python\Launcher\;C:\Users\Harsh Khatana\AppData\Local\Microsoft\WindowsApps;C:\Users\Harsh Khatana\AppData\Roaming\npm;D:\vs code setup\Microsoft VS Code\bin;;.]
05-Jun-2026 14:45:23.917 INFO [main] org.apache.coyote.AbstractProtocol.init Initializing ProtocolHandler ["http-nio-8081"]
05-Jun-2026 14:45:23.934 INFO [main] org.apache.catalina.startup.Catalina.load Server initialization in [608] milliseconds
05-Jun-2026 14:45:23.989 INFO [main] org.apache.catalina.core.StandardService.startInternal Starting service [Catalina]
05-Jun-2026 14:45:23.989 INFO [main] org.apache.catalina.core.StandardEngine.startInternal Starting Servlet engine: [Apache Tomcat/10.1.55]
05-Jun-2026 14:45:24.004 INFO [main] org.apache.catalina.startup.HostConfig.deployDescriptor Deploying deployment descriptor [D:\JAVA_FULL_STACK\RestAPI\restApiSecond\src\main\webapp\conf\Catalina\localhost\registrationWebApp.xml]
05-Jun-2026 14:45:24.441 INFO [main] org.apache.catalina.startup.HostConfig.deployDescriptor Deployment of deployment descriptor [D:\JAVA_FULL_STACK\RestAPI\restApiSecond\src\main\webapp\conf\Catalina\localhost\registrationWebApp.xml] has finished in [434] ms
05-Jun-2026 14:45:24.441 INFO [main] org.apache.catalina.startup.HostConfig.deployDescriptor Deploying deployment descriptor [D:\JAVA_FULL_STACK\RestAPI\restApiSecond\src\main\webapp\conf\Catalina\localhost\restApiSecond.xml]
05-Jun-2026 14:45:30.498 INFO [main] org.apache.jasper.servlet.TldScanner.scanJars At least one JAR was scanned for TLDs yet contained no TLDs. Enable debug logging for this logger for a complete list of JARs that were scanned but no TLDs were found in them. Skipping unneeded JARs during scanning can improve startup time and JSP compilation time.
05-Jun-2026 14:45:40.776 INFO [main] org.apache.catalina.startup.HostConfig.deployDescriptor Deployment of deployment descriptor [D:\JAVA_FULL_STACK\RestAPI\restApiSecond\src\main\webapp\conf\Catalina\localhost\restApiSecond.xml] has finished in [16,335] ms
05-Jun-2026 14:45:40.781 INFO [main] org.apache.coyote.AbstractProtocol.start Starting ProtocolHandler ["http-nio-8081"]
05-Jun-2026 14:45:40.808 INFO [main] org.apache.catalina.startup.Catalina.start Server startup in [16872] milliseconds
05-Jun-2026 14:45:48.478 WARNING [http-nio-8081-exec-1] org.glassfish.jersey.server.ServerRuntime$Responder.process An exception mapping did not successfully produce and processed a response. Logging the exception propagated to the default exception mapper.
	java.lang.NullPointerException: Cannot invoke "com.mysql.cj.result.Row.wasNull()" because "this.thisRow" is null
		at com.mysql.cj.jdbc.result.ResultSetImpl.wasNull(ResultSetImpl.java:2684)
		at com.telusko.AlienRepository.getAliens(AlienRepository.java:46)
		at com.telusko.AlienResources.getAlien(AlienResources.java:18)
		at java.base/jdk.internal.reflect.DirectMethodHandleAccessor.invoke(DirectMethodHandleAccessor.java:104)
		at java.base/java.lang.reflect.Method.invoke(Method.java:565)
		at org.glassfish.jersey.server.model.internal.ResourceMethodInvocationHandlerFactory.lambda$static$0(ResourceMethodInvocationHandlerFactory.java:52)
		at org.glassfish.jersey.server.model.internal.AbstractJavaResourceMethodDispatcher$1.run(AbstractJavaResourceMethodDispatcher.java:146)
		at org.glassfish.jersey.server.model.internal.AbstractJavaResourceMethodDispatcher.invoke(AbstractJavaResourceMethodDispatcher.java:189)
		at org.glassfish.jersey.server.model.internal.JavaResourceMethodDispatcherProvider$TypeOutInvoker.doDispatch(JavaResourceMethodDispatcherProvider.java:219)
		at org.glassfish.jersey.server.model.internal.AbstractJavaResourceMethodDispatcher.dispatch(AbstractJavaResourceMethodDispatcher.java:93)
		at org.glassfish.jersey.server.model.ResourceMethodInvoker.invoke(ResourceMethodInvoker.java:478)
		at org.glassfish.jersey.server.model.ResourceMethodInvoker.apply(ResourceMethodInvoker.java:400)
		at org.glassfish.jersey.server.model.ResourceMethodInvoker.apply(ResourceMethodInvoker.java:81)
		at org.glassfish.jersey.server.ServerRuntime$1.run(ServerRuntime.java:263)
		at org.glassfish.jersey.internal.Errors$1.call(Errors.java:248)
		at org.glassfish.jersey.internal.Errors$1.call(Errors.java:244)
		at org.glassfish.jersey.internal.Errors.process(Errors.java:292)
		at org.glassfish.jersey.internal.Errors.process(Errors.java:274)
		at org.glassfish.jersey.internal.Errors.process(Errors.java:244)
		at org.glassfish.jersey.process.internal.RequestScope.runInScope(RequestScope.java:266)
		at org.glassfish.jersey.server.ServerRuntime.process(ServerRuntime.java:242)
		at org.glassfish.jersey.server.ApplicationHandler.handle(ApplicationHandler.java:697)
		at org.glassfish.jersey.servlet.WebComponent.serviceImpl(WebComponent.java:394)
		at org.glassfish.jersey.servlet.WebComponent.service(WebComponent.java:346)
		at org.glassfish.jersey.servlet.ServletContainer.service(ServletContainer.java:358)
		at org.glassfish.jersey.servlet.ServletContainer.service(ServletContainer.java:312)
		at org.glassfish.jersey.servlet.ServletContainer.service(ServletContainer.java:205)
		at org.apache.catalina.core.ApplicationFilterChain.internalDoFilter(ApplicationFilterChain.java:193)
		at org.apache.catalina.core.ApplicationFilterChain.doFilter(ApplicationFilterChain.java:138)
		at org.apache.tomcat.websocket.server.WsFilter.doFilter(WsFilter.java:51)
		at org.apache.catalina.core.ApplicationFilterChain.internalDoFilter(ApplicationFilterChain.java:162)
		at org.apache.catalina.core.ApplicationFilterChain.doFilter(ApplicationFilterChain.java:138)
		at org.apache.catalina.core.StandardWrapperValve.invoke(StandardWrapperValve.java:165)
		at org.apache.catalina.core.StandardContextValve.invoke(StandardContextValve.java:88)
		at org.apache.catalina.authenticator.AuthenticatorBase.invoke(AuthenticatorBase.java:492)
		at org.apache.catalina.core.StandardHostValve.invoke(StandardHostValve.java:113)
		at org.apache.catalina.valves.ErrorReportValve.invoke(ErrorReportValve.java:83)
		at org.apache.catalina.valves.AbstractAccessLogValve.invoke(AbstractAccessLogValve.java:782)
		at org.apache.catalina.core.StandardEngineValve.invoke(StandardEngineValve.java:72)
		at org.apache.catalina.connector.CoyoteAdapter.service(CoyoteAdapter.java:342)
		at org.apache.coyote.http11.Http11Processor.service(Http11Processor.java:399)
		at org.apache.coyote.AbstractProcessorLight.process(AbstractProcessorLight.java:63)
		at org.apache.coyote.AbstractProtocol$ConnectionHandler.process(AbstractProtocol.java:1272)
		at org.apache.tomcat.util.net.NioEndpoint$SocketProcessor.doRun(NioEndpoint.java:1797)
		at org.apache.tomcat.util.net.SocketProcessorBase.run(SocketProcessorBase.java:52)
		at org.apache.tomcat.util.threads.ThreadPoolExecutor.runWorker(ThreadPoolExecutor.java:973)
		at org.apache.tomcat.util.threads.ThreadPoolExecutor$Worker.run(ThreadPoolExecutor.java:491)
		at org.apache.tomcat.util.threads.TaskThread$WrappingRunnable.run(TaskThread.java:63)
		at java.base/java.lang.Thread.run(Thread.java:1474)
05-Jun-2026 14:49:23.568 INFO [Thread-1] org.apache.coyote.AbstractProtocol.pause Pausing ProtocolHandler ["http-nio-8081"]
05-Jun-2026 14:49:23.584 INFO [Thread-1] org.apache.catalina.core.StandardService.stopInternal Stopping service [Catalina]
05-Jun-2026 14:49:23.628 WARNING [Thread-1] org.apache.catalina.loader.WebappClassLoaderBase.clearReferencesJdbc The web application [restApiSecond] registered the JDBC driver [com.mysql.cj.jdbc.Driver] but failed to unregister it when the web application was stopped. To prevent a memory leak, the JDBC Driver has been forcibly unregistered.
05-Jun-2026 14:49:23.629 WARNING [Thread-1] org.apache.catalina.loader.WebappClassLoaderBase.clearReferencesThreads The web application [restApiSecond] appears to have started a thread named [mysql-cj-abandoned-connection-cleanup] but has failed to stop it. This is very likely to create a memory leak. Stack trace of thread:
 java.base/java.lang.Object.wait0(Native Method)
 java.base/java.lang.Object.wait(Object.java:389)
 java.base/java.lang.ref.ReferenceQueue.remove0(ReferenceQueue.java:123)
 java.base/java.lang.ref.ReferenceQueue.remove(ReferenceQueue.java:201)
 com.mysql.cj.jdbc.AbandonedConnectionCleanupThread.run(AbandonedConnectionCleanupThread.java:84)
 java.base/java.util.concurrent.ThreadPoolExecutor.runWorker(ThreadPoolExecutor.java:1090)
 java.base/java.util.concurrent.ThreadPoolExecutor$Worker.run(ThreadPoolExecutor.java:614)
 java.base/java.lang.Thread.run(Thread.java:1474)
05-Jun-2026 14:49:23.630 INFO [Thread-1] org.apache.coyote.AbstractProtocol.stop Stopping ProtocolHandler ["http-nio-8081"]
05-Jun-2026 14:49:23.640 INFO [Thread-1] org.apache.coyote.AbstractProtocol.destroy Destroying ProtocolHandler ["http-nio-8081"]
05-Jun-2026 14:49:27.027 INFO [main] org.apache.catalina.startup.VersionLoggerListener.log Server version name:   Apache Tomcat/10.1.55
05-Jun-2026 14:49:27.030 INFO [main] org.apache.catalina.startup.VersionLoggerListener.log Server built:          May 5 2026 13:33:02 UTC
05-Jun-2026 14:49:27.031 INFO [main] org.apache.catalina.startup.VersionLoggerListener.log Server version number: 10.1.55.0
05-Jun-2026 14:49:27.031 INFO [main] org.apache.catalina.startup.VersionLoggerListener.log OS Name:               Windows 11
05-Jun-2026 14:49:27.031 INFO [main] org.apache.catalina.startup.VersionLoggerListener.log OS Version:            10.0
05-Jun-2026 14:49:27.031 INFO [main] org.apache.catalina.startup.VersionLoggerListener.log Architecture:          amd64
05-Jun-2026 14:49:27.031 INFO [main] org.apache.catalina.startup.VersionLoggerListener.log Java Home:             C:\Program Files\JetBrains\IntelliJ IDEA 2026.1.2\jbr
05-Jun-2026 14:49:27.031 INFO [main] org.apache.catalina.startup.VersionLoggerListener.log JVM Version:           25.0.2+1-b329.117
05-Jun-2026 14:49:27.031 INFO [main] org.apache.catalina.startup.VersionLoggerListener.log JVM Vendor:            JetBrains s.r.o.
05-Jun-2026 14:49:27.032 INFO [main] org.apache.catalina.startup.VersionLoggerListener.log CATALINA_BASE:         D:\JAVA_FULL_STACK\RestAPI\restApiSecond\src\main\webapp
05-Jun-2026 14:49:27.032 INFO [main] org.apache.catalina.startup.VersionLoggerListener.log CATALINA_HOME:         C:\Program Files\Apache Software Foundation\Tomcat 10.1
05-Jun-2026 14:49:27.043 INFO [main] org.apache.catalina.startup.VersionLoggerListener.log Command line argument: --add-opens=java.base/java.lang=ALL-UNNAMED
05-Jun-2026 14:49:27.043 INFO [main] org.apache.catalina.startup.VersionLoggerListener.log Command line argument: --add-opens=java.base/java.io=ALL-UNNAMED
05-Jun-2026 14:49:27.043 INFO [main] org.apache.catalina.startup.VersionLoggerListener.log Command line argument: --add-opens=java.base/java.util=ALL-UNNAMED
05-Jun-2026 14:49:27.043 INFO [main] org.apache.catalina.startup.VersionLoggerListener.log Command line argument: --add-opens=java.base/java.util.concurrent=ALL-UNNAMED
05-Jun-2026 14:49:27.043 INFO [main] org.apache.catalina.startup.VersionLoggerListener.log Command line argument: --add-opens=java.rmi/sun.rmi.transport=ALL-UNNAMED
05-Jun-2026 14:49:27.043 INFO [main] org.apache.catalina.startup.VersionLoggerListener.log Command line argument: -Dcatalina.home=C:\Program Files\Apache Software Foundation\Tomcat 10.1
05-Jun-2026 14:49:27.043 INFO [main] org.apache.catalina.startup.VersionLoggerListener.log Command line argument: -Dcatalina.base=D:\JAVA_FULL_STACK\RestAPI\restApiSecond\src\main\webapp
05-Jun-2026 14:49:27.043 INFO [main] org.apache.catalina.startup.VersionLoggerListener.log Command line argument: -Djava.io.tmpdir=D:\JAVA_FULL_STACK\RestAPI\restApiSecond\src\main\webapp\temp
05-Jun-2026 14:49:27.043 INFO [main] org.apache.catalina.startup.VersionLoggerListener.log Command line argument: -Djava.util.logging.config.file=D:\JAVA_FULL_STACK\RestAPI\restApiSecond\src\main\webapp\conf\logging.properties
05-Jun-2026 14:49:27.043 INFO [main] org.apache.catalina.startup.VersionLoggerListener.log Command line argument: -Djava.util.logging.manager=org.apache.juli.ClassLoaderLogManager
05-Jun-2026 14:49:27.044 INFO [main] org.apache.catalina.startup.VersionLoggerListener.log Command line argument: -javaagent:C:\Program Files\JetBrains\IntelliJ IDEA 2026.1.2\lib\idea_rt.jar=52946
05-Jun-2026 14:49:27.044 INFO [main] org.apache.catalina.startup.VersionLoggerListener.log Command line argument: -Dfile.encoding=UTF-8
05-Jun-2026 14:49:27.044 INFO [main] org.apache.catalina.startup.VersionLoggerListener.log Command line argument: -Dsun.stdout.encoding=UTF-8
05-Jun-2026 14:49:27.044 INFO [main] org.apache.catalina.startup.VersionLoggerListener.log Command line argument: -Dsun.stderr.encoding=UTF-8
05-Jun-2026 14:49:27.079 INFO [main] org.apache.catalina.core.AprLifecycleListener.lifecycleEvent The Apache Tomcat Native library which allows using OpenSSL was not found on the java.library.path: [C:\Program Files\JetBrains\IntelliJ IDEA 2026.1.2\jbr\bin;C:\WINDOWS\Sun\Java\bin;C:\WINDOWS\system32;C:\WINDOWS;C:\Program Files\Common Files\Oracle\Java\javapath;C:\WINDOWS\system32;C:\WINDOWS;C:\WINDOWS\System32\Wbem;C:\WINDOWS\System32\WindowsPowerShell\v1.0\;C:\WINDOWS\System32\OpenSSH\;C:\Program Files (x86)\NVIDIA Corporation\PhysX\Common;C:\Program Files\NVIDIA Corporation\NVIDIA NvDLISR;C:\Program Files\MySQL\MySQL Server 8.0\bin;C:\Program Files\nodejs\;C:\Program Files\Git\cmd;C:\Program Files\PuTTY\;C:\Program Files\dotnet\;C:\apache-maven-3.9.16-bin\apache-maven-3.9.16\bin;C:\Program Files\Java\jdk-26\bin;D:\gradle-8.14.5\bin;C:\Program Files\MySQL\MySQL Shell 8.0\bin\;D:\anaconda3;D:\anaconda3\Library\mingw-w64\bin;D:\anaconda3\Library\usr\bin;D:\anaconda3\Library\bin;D:\anaconda3\Scripts;C:\Users\Harsh Khatana\AppData\Local\Programs\Python\Python313\Scripts\;C:\Users\Harsh Khatana\AppData\Local\Programs\Python\Python313\;C:\Users\Harsh Khatana\AppData\Local\Programs\Python\Launcher\;C:\Users\Harsh Khatana\AppData\Local\Microsoft\WindowsApps;C:\Users\Harsh Khatana\AppData\Roaming\npm;D:\vs code setup\Microsoft VS Code\bin;;.]
05-Jun-2026 14:49:27.469 INFO [main] org.apache.coyote.AbstractProtocol.init Initializing ProtocolHandler ["http-nio-8081"]
05-Jun-2026 14:49:27.483 INFO [main] org.apache.catalina.startup.Catalina.load Server initialization in [750] milliseconds
05-Jun-2026 14:49:27.546 INFO [main] org.apache.catalina.core.StandardService.startInternal Starting service [Catalina]
05-Jun-2026 14:49:27.546 INFO [main] org.apache.catalina.core.StandardEngine.startInternal Starting Servlet engine: [Apache Tomcat/10.1.55]
05-Jun-2026 14:49:27.566 INFO [main] org.apache.catalina.startup.HostConfig.deployDescriptor Deploying deployment descriptor [D:\JAVA_FULL_STACK\RestAPI\restApiSecond\src\main\webapp\conf\Catalina\localhost\registrationWebApp.xml]
05-Jun-2026 14:49:28.081 INFO [main] org.apache.catalina.startup.HostConfig.deployDescriptor Deployment of deployment descriptor [D:\JAVA_FULL_STACK\RestAPI\restApiSecond\src\main\webapp\conf\Catalina\localhost\registrationWebApp.xml] has finished in [511] ms
05-Jun-2026 14:49:28.082 INFO [main] org.apache.catalina.startup.HostConfig.deployDescriptor Deploying deployment descriptor [D:\JAVA_FULL_STACK\RestAPI\restApiSecond\src\main\webapp\conf\Catalina\localhost\restApiSecond.xml]
05-Jun-2026 14:49:36.420 INFO [main] org.apache.jasper.servlet.TldScanner.scanJars At least one JAR was scanned for TLDs yet contained no TLDs. Enable debug logging for this logger for a complete list of JARs that were scanned but no TLDs were found in them. Skipping unneeded JARs during scanning can improve startup time and JSP compilation time.
05-Jun-2026 14:49:46.742 INFO [main] org.apache.catalina.startup.HostConfig.deployDescriptor Deployment of deployment descriptor [D:\JAVA_FULL_STACK\RestAPI\restApiSecond\src\main\webapp\conf\Catalina\localhost\restApiSecond.xml] has finished in [18,660] ms
05-Jun-2026 14:49:46.748 INFO [main] org.apache.coyote.AbstractProtocol.start Starting ProtocolHandler ["http-nio-8081"]
05-Jun-2026 14:49:46.773 INFO [main] org.apache.catalina.startup.Catalina.start Server startup in [19286] milliseconds
05-Jun-2026 14:53:18.432 INFO [Thread-1] org.apache.coyote.AbstractProtocol.pause Pausing ProtocolHandler ["http-nio-8081"]
05-Jun-2026 14:53:18.451 INFO [Thread-1] org.apache.catalina.core.StandardService.stopInternal Stopping service [Catalina]
05-Jun-2026 14:53:18.505 WARNING [Thread-1] org.apache.catalina.loader.WebappClassLoaderBase.clearReferencesJdbc The web application [restApiSecond] registered the JDBC driver [com.mysql.cj.jdbc.Driver] but failed to unregister it when the web application was stopped. To prevent a memory leak, the JDBC Driver has been forcibly unregistered.
05-Jun-2026 14:53:18.505 WARNING [Thread-1] org.apache.catalina.loader.WebappClassLoaderBase.clearReferencesThreads The web application [restApiSecond] appears to have started a thread named [mysql-cj-abandoned-connection-cleanup] but has failed to stop it. This is very likely to create a memory leak. Stack trace of thread:
 java.base/java.lang.Object.wait0(Native Method)
 java.base/java.lang.Object.wait(Object.java:389)
 java.base/java.lang.ref.ReferenceQueue.remove0(ReferenceQueue.java:123)
 java.base/java.lang.ref.ReferenceQueue.remove(ReferenceQueue.java:201)
 com.mysql.cj.jdbc.AbandonedConnectionCleanupThread.run(AbandonedConnectionCleanupThread.java:84)
 java.base/java.util.concurrent.ThreadPoolExecutor.runWorker(ThreadPoolExecutor.java:1090)
 java.base/java.util.concurrent.ThreadPoolExecutor$Worker.run(ThreadPoolExecutor.java:614)
 java.base/java.lang.Thread.run(Thread.java:1474)
05-Jun-2026 14:53:18.508 INFO [Thread-1] org.apache.coyote.AbstractProtocol.stop Stopping ProtocolHandler ["http-nio-8081"]
05-Jun-2026 14:53:18.513 INFO [Thread-1] org.apache.coyote.AbstractProtocol.destroy Destroying ProtocolHandler ["http-nio-8081"]
05-Jun-2026 14:53:21.327 INFO [main] org.apache.catalina.startup.VersionLoggerListener.log Server version name:   Apache Tomcat/10.1.55
05-Jun-2026 14:53:21.330 INFO [main] org.apache.catalina.startup.VersionLoggerListener.log Server built:          May 5 2026 13:33:02 UTC
05-Jun-2026 14:53:21.330 INFO [main] org.apache.catalina.startup.VersionLoggerListener.log Server version number: 10.1.55.0
05-Jun-2026 14:53:21.330 INFO [main] org.apache.catalina.startup.VersionLoggerListener.log OS Name:               Windows 11
05-Jun-2026 14:53:21.331 INFO [main] org.apache.catalina.startup.VersionLoggerListener.log OS Version:            10.0
05-Jun-2026 14:53:21.331 INFO [main] org.apache.catalina.startup.VersionLoggerListener.log Architecture:          amd64
05-Jun-2026 14:53:21.331 INFO [main] org.apache.catalina.startup.VersionLoggerListener.log Java Home:             C:\Program Files\JetBrains\IntelliJ IDEA 2026.1.2\jbr
05-Jun-2026 14:53:21.331 INFO [main] org.apache.catalina.startup.VersionLoggerListener.log JVM Version:           25.0.2+1-b329.117
05-Jun-2026 14:53:21.331 INFO [main] org.apache.catalina.startup.VersionLoggerListener.log JVM Vendor:            JetBrains s.r.o.
05-Jun-2026 14:53:21.331 INFO [main] org.apache.catalina.startup.VersionLoggerListener.log CATALINA_BASE:         D:\JAVA_FULL_STACK\RestAPI\restApiSecond\src\main\webapp
05-Jun-2026 14:53:21.331 INFO [main] org.apache.catalina.startup.VersionLoggerListener.log CATALINA_HOME:         C:\Program Files\Apache Software Foundation\Tomcat 10.1
05-Jun-2026 14:53:21.342 INFO [main] org.apache.catalina.startup.VersionLoggerListener.log Command line argument: --add-opens=java.base/java.lang=ALL-UNNAMED
05-Jun-2026 14:53:21.343 INFO [main] org.apache.catalina.startup.VersionLoggerListener.log Command line argument: --add-opens=java.base/java.io=ALL-UNNAMED
05-Jun-2026 14:53:21.343 INFO [main] org.apache.catalina.startup.VersionLoggerListener.log Command line argument: --add-opens=java.base/java.util=ALL-UNNAMED
05-Jun-2026 14:53:21.343 INFO [main] org.apache.catalina.startup.VersionLoggerListener.log Command line argument: --add-opens=java.base/java.util.concurrent=ALL-UNNAMED
05-Jun-2026 14:53:21.343 INFO [main] org.apache.catalina.startup.VersionLoggerListener.log Command line argument: --add-opens=java.rmi/sun.rmi.transport=ALL-UNNAMED
05-Jun-2026 14:53:21.343 INFO [main] org.apache.catalina.startup.VersionLoggerListener.log Command line argument: -Dcatalina.home=C:\Program Files\Apache Software Foundation\Tomcat 10.1
05-Jun-2026 14:53:21.343 INFO [main] org.apache.catalina.startup.VersionLoggerListener.log Command line argument: -Dcatalina.base=D:\JAVA_FULL_STACK\RestAPI\restApiSecond\src\main\webapp
05-Jun-2026 14:53:21.343 INFO [main] org.apache.catalina.startup.VersionLoggerListener.log Command line argument: -Djava.io.tmpdir=D:\JAVA_FULL_STACK\RestAPI\restApiSecond\src\main\webapp\temp
05-Jun-2026 14:53:21.343 INFO [main] org.apache.catalina.startup.VersionLoggerListener.log Command line argument: -Djava.util.logging.config.file=D:\JAVA_FULL_STACK\RestAPI\restApiSecond\src\main\webapp\conf\logging.properties
05-Jun-2026 14:53:21.343 INFO [main] org.apache.catalina.startup.VersionLoggerListener.log Command line argument: -Djava.util.logging.manager=org.apache.juli.ClassLoaderLogManager
05-Jun-2026 14:53:21.344 INFO [main] org.apache.catalina.startup.VersionLoggerListener.log Command line argument: -javaagent:C:\Program Files\JetBrains\IntelliJ IDEA 2026.1.2\lib\idea_rt.jar=49170
05-Jun-2026 14:53:21.344 INFO [main] org.apache.catalina.startup.VersionLoggerListener.log Command line argument: -Dfile.encoding=UTF-8
05-Jun-2026 14:53:21.344 INFO [main] org.apache.catalina.startup.VersionLoggerListener.log Command line argument: -Dsun.stdout.encoding=UTF-8
05-Jun-2026 14:53:21.344 INFO [main] org.apache.catalina.startup.VersionLoggerListener.log Command line argument: -Dsun.stderr.encoding=UTF-8
05-Jun-2026 14:53:21.371 INFO [main] org.apache.catalina.core.AprLifecycleListener.lifecycleEvent The Apache Tomcat Native library which allows using OpenSSL was not found on the java.library.path: [C:\Program Files\JetBrains\IntelliJ IDEA 2026.1.2\jbr\bin;C:\WINDOWS\Sun\Java\bin;C:\WINDOWS\system32;C:\WINDOWS;C:\Program Files\Common Files\Oracle\Java\javapath;C:\WINDOWS\system32;C:\WINDOWS;C:\WINDOWS\System32\Wbem;C:\WINDOWS\System32\WindowsPowerShell\v1.0\;C:\WINDOWS\System32\OpenSSH\;C:\Program Files (x86)\NVIDIA Corporation\PhysX\Common;C:\Program Files\NVIDIA Corporation\NVIDIA NvDLISR;C:\Program Files\MySQL\MySQL Server 8.0\bin;C:\Program Files\nodejs\;C:\Program Files\Git\cmd;C:\Program Files\PuTTY\;C:\Program Files\dotnet\;C:\apache-maven-3.9.16-bin\apache-maven-3.9.16\bin;C:\Program Files\Java\jdk-26\bin;D:\gradle-8.14.5\bin;C:\Program Files\MySQL\MySQL Shell 8.0\bin\;D:\anaconda3;D:\anaconda3\Library\mingw-w64\bin;D:\anaconda3\Library\usr\bin;D:\anaconda3\Library\bin;D:\anaconda3\Scripts;C:\Users\Harsh Khatana\AppData\Local\Programs\Python\Python313\Scripts\;C:\Users\Harsh Khatana\AppData\Local\Programs\Python\Python313\;C:\Users\Harsh Khatana\AppData\Local\Programs\Python\Launcher\;C:\Users\Harsh Khatana\AppData\Local\Microsoft\WindowsApps;C:\Users\Harsh Khatana\AppData\Roaming\npm;D:\vs code setup\Microsoft VS Code\bin;;.]
05-Jun-2026 14:53:21.666 INFO [main] org.apache.coyote.AbstractProtocol.init Initializing ProtocolHandler ["http-nio-8081"]
05-Jun-2026 14:53:21.679 INFO [main] org.apache.catalina.startup.Catalina.load Server initialization in [553] milliseconds
05-Jun-2026 14:53:21.723 INFO [main] org.apache.catalina.core.StandardService.startInternal Starting service [Catalina]
05-Jun-2026 14:53:21.723 INFO [main] org.apache.catalina.core.StandardEngine.startInternal Starting Servlet engine: [Apache Tomcat/10.1.55]
05-Jun-2026 14:53:21.737 INFO [main] org.apache.catalina.startup.HostConfig.deployDescriptor Deploying deployment descriptor [D:\JAVA_FULL_STACK\RestAPI\restApiSecond\src\main\webapp\conf\Catalina\localhost\registrationWebApp.xml]
05-Jun-2026 14:53:22.138 INFO [main] org.apache.catalina.startup.HostConfig.deployDescriptor Deployment of deployment descriptor [D:\JAVA_FULL_STACK\RestAPI\restApiSecond\src\main\webapp\conf\Catalina\localhost\registrationWebApp.xml] has finished in [398] ms
05-Jun-2026 14:53:22.138 INFO [main] org.apache.catalina.startup.HostConfig.deployDescriptor Deploying deployment descriptor [D:\JAVA_FULL_STACK\RestAPI\restApiSecond\src\main\webapp\conf\Catalina\localhost\restApiSecond.xml]
05-Jun-2026 14:53:28.037 INFO [main] org.apache.jasper.servlet.TldScanner.scanJars At least one JAR was scanned for TLDs yet contained no TLDs. Enable debug logging for this logger for a complete list of JARs that were scanned but no TLDs were found in them. Skipping unneeded JARs during scanning can improve startup time and JSP compilation time.
05-Jun-2026 14:53:38.479 INFO [main] org.apache.catalina.startup.HostConfig.deployDescriptor Deployment of deployment descriptor [D:\JAVA_FULL_STACK\RestAPI\restApiSecond\src\main\webapp\conf\Catalina\localhost\restApiSecond.xml] has finished in [16,341] ms
05-Jun-2026 14:53:38.484 INFO [main] org.apache.coyote.AbstractProtocol.start Starting ProtocolHandler ["http-nio-8081"]
05-Jun-2026 14:53:38.511 INFO [main] org.apache.catalina.startup.Catalina.start Server startup in [16830] milliseconds
05-Jun-2026 14:54:01.067 INFO [Thread-1] org.apache.coyote.AbstractProtocol.pause Pausing ProtocolHandler ["http-nio-8081"]
05-Jun-2026 14:54:01.091 INFO [Thread-1] org.apache.catalina.core.StandardService.stopInternal Stopping service [Catalina]
05-Jun-2026 14:54:01.146 WARNING [Thread-1] org.apache.catalina.loader.WebappClassLoaderBase.clearReferencesJdbc The web application [restApiSecond] registered the JDBC driver [com.mysql.cj.jdbc.Driver] but failed to unregister it when the web application was stopped. To prevent a memory leak, the JDBC Driver has been forcibly unregistered.
05-Jun-2026 14:54:01.146 WARNING [Thread-1] org.apache.catalina.loader.WebappClassLoaderBase.clearReferencesThreads The web application [restApiSecond] appears to have started a thread named [mysql-cj-abandoned-connection-cleanup] but has failed to stop it. This is very likely to create a memory leak. Stack trace of thread:
 java.base/java.lang.Object.wait0(Native Method)
 java.base/java.lang.Object.wait(Object.java:389)
 java.base/java.lang.ref.ReferenceQueue.remove0(ReferenceQueue.java:123)
 java.base/java.lang.ref.ReferenceQueue.remove(ReferenceQueue.java:201)
 com.mysql.cj.jdbc.AbandonedConnectionCleanupThread.run(AbandonedConnectionCleanupThread.java:84)
 java.base/java.util.concurrent.ThreadPoolExecutor.runWorker(ThreadPoolExecutor.java:1090)
 java.base/java.util.concurrent.ThreadPoolExecutor$Worker.run(ThreadPoolExecutor.java:614)
 java.base/java.lang.Thread.run(Thread.java:1474)
05-Jun-2026 14:54:01.147 INFO [Thread-1] org.apache.coyote.AbstractProtocol.stop Stopping ProtocolHandler ["http-nio-8081"]
05-Jun-2026 14:54:01.159 INFO [Thread-1] org.apache.coyote.AbstractProtocol.destroy Destroying ProtocolHandler ["http-nio-8081"]
05-Jun-2026 15:22:29.210 INFO [main] org.apache.catalina.startup.VersionLoggerListener.log Server version name:   Apache Tomcat/10.1.55
05-Jun-2026 15:22:29.213 INFO [main] org.apache.catalina.startup.VersionLoggerListener.log Server built:          May 5 2026 13:33:02 UTC
05-Jun-2026 15:22:29.213 INFO [main] org.apache.catalina.startup.VersionLoggerListener.log Server version number: 10.1.55.0
05-Jun-2026 15:22:29.213 INFO [main] org.apache.catalina.startup.VersionLoggerListener.log OS Name:               Windows 11
05-Jun-2026 15:22:29.213 INFO [main] org.apache.catalina.startup.VersionLoggerListener.log OS Version:            10.0
05-Jun-2026 15:22:29.213 INFO [main] org.apache.catalina.startup.VersionLoggerListener.log Architecture:          amd64
05-Jun-2026 15:22:29.213 INFO [main] org.apache.catalina.startup.VersionLoggerListener.log Java Home:             C:\Program Files\JetBrains\IntelliJ IDEA 2026.1.2\jbr
05-Jun-2026 15:22:29.213 INFO [main] org.apache.catalina.startup.VersionLoggerListener.log JVM Version:           25.0.2+1-b329.117
05-Jun-2026 15:22:29.213 INFO [main] org.apache.catalina.startup.VersionLoggerListener.log JVM Vendor:            JetBrains s.r.o.
05-Jun-2026 15:22:29.213 INFO [main] org.apache.catalina.startup.VersionLoggerListener.log CATALINA_BASE:         D:\JAVA_FULL_STACK\RestAPI\restApiSecond\src\main\webapp
05-Jun-2026 15:22:29.213 INFO [main] org.apache.catalina.startup.VersionLoggerListener.log CATALINA_HOME:         C:\Program Files\Apache Software Foundation\Tomcat 10.1
05-Jun-2026 15:22:29.224 INFO [main] org.apache.catalina.startup.VersionLoggerListener.log Command line argument: --add-opens=java.base/java.lang=ALL-UNNAMED
05-Jun-2026 15:22:29.224 INFO [main] org.apache.catalina.startup.VersionLoggerListener.log Command line argument: --add-opens=java.base/java.io=ALL-UNNAMED
05-Jun-2026 15:22:29.224 INFO [main] org.apache.catalina.startup.VersionLoggerListener.log Command line argument: --add-opens=java.base/java.util=ALL-UNNAMED
05-Jun-2026 15:22:29.224 INFO [main] org.apache.catalina.startup.VersionLoggerListener.log Command line argument: --add-opens=java.base/java.util.concurrent=ALL-UNNAMED
05-Jun-2026 15:22:29.224 INFO [main] org.apache.catalina.startup.VersionLoggerListener.log Command line argument: --add-opens=java.rmi/sun.rmi.transport=ALL-UNNAMED
05-Jun-2026 15:22:29.224 INFO [main] org.apache.catalina.startup.VersionLoggerListener.log Command line argument: -Dcatalina.home=C:\Program Files\Apache Software Foundation\Tomcat 10.1
05-Jun-2026 15:22:29.225 INFO [main] org.apache.catalina.startup.VersionLoggerListener.log Command line argument: -Dcatalina.base=D:\JAVA_FULL_STACK\RestAPI\restApiSecond\src\main\webapp
05-Jun-2026 15:22:29.225 INFO [main] org.apache.catalina.startup.VersionLoggerListener.log Command line argument: -Djava.io.tmpdir=D:\JAVA_FULL_STACK\RestAPI\restApiSecond\src\main\webapp\temp
05-Jun-2026 15:22:29.225 INFO [main] org.apache.catalina.startup.VersionLoggerListener.log Command line argument: -Djava.util.logging.config.file=D:\JAVA_FULL_STACK\RestAPI\restApiSecond\src\main\webapp\conf\logging.properties
05-Jun-2026 15:22:29.225 INFO [main] org.apache.catalina.startup.VersionLoggerListener.log Command line argument: -Djava.util.logging.manager=org.apache.juli.ClassLoaderLogManager
05-Jun-2026 15:22:29.225 INFO [main] org.apache.catalina.startup.VersionLoggerListener.log Command line argument: -javaagent:C:\Program Files\JetBrains\IntelliJ IDEA 2026.1.2\lib\idea_rt.jar=54488
05-Jun-2026 15:22:29.225 INFO [main] org.apache.catalina.startup.VersionLoggerListener.log Command line argument: -Dfile.encoding=UTF-8
05-Jun-2026 15:22:29.225 INFO [main] org.apache.catalina.startup.VersionLoggerListener.log Command line argument: -Dsun.stdout.encoding=UTF-8
05-Jun-2026 15:22:29.225 INFO [main] org.apache.catalina.startup.VersionLoggerListener.log Command line argument: -Dsun.stderr.encoding=UTF-8
05-Jun-2026 15:22:29.246 INFO [main] org.apache.catalina.core.AprLifecycleListener.lifecycleEvent The Apache Tomcat Native library which allows using OpenSSL was not found on the java.library.path: [C:\Program Files\JetBrains\IntelliJ IDEA 2026.1.2\jbr\bin;C:\WINDOWS\Sun\Java\bin;C:\WINDOWS\system32;C:\WINDOWS;C:\Program Files\Common Files\Oracle\Java\javapath;C:\WINDOWS\system32;C:\WINDOWS;C:\WINDOWS\System32\Wbem;C:\WINDOWS\System32\WindowsPowerShell\v1.0\;C:\WINDOWS\System32\OpenSSH\;C:\Program Files (x86)\NVIDIA Corporation\PhysX\Common;C:\Program Files\NVIDIA Corporation\NVIDIA NvDLISR;C:\Program Files\MySQL\MySQL Server 8.0\bin;C:\Program Files\nodejs\;C:\Program Files\Git\cmd;C:\Program Files\PuTTY\;C:\Program Files\dotnet\;C:\apache-maven-3.9.16-bin\apache-maven-3.9.16\bin;C:\Program Files\Java\jdk-26\bin;D:\gradle-8.14.5\bin;C:\Program Files\MySQL\MySQL Shell 8.0\bin\;D:\anaconda3;D:\anaconda3\Library\mingw-w64\bin;D:\anaconda3\Library\usr\bin;D:\anaconda3\Library\bin;D:\anaconda3\Scripts;C:\Users\Harsh Khatana\AppData\Local\Programs\Python\Python313\Scripts\;C:\Users\Harsh Khatana\AppData\Local\Programs\Python\Python313\;C:\Users\Harsh Khatana\AppData\Local\Programs\Python\Launcher\;C:\Users\Harsh Khatana\AppData\Local\Microsoft\WindowsApps;C:\Users\Harsh Khatana\AppData\Roaming\npm;D:\vs code setup\Microsoft VS Code\bin;;.]
05-Jun-2026 15:22:29.526 INFO [main] org.apache.coyote.AbstractProtocol.init Initializing ProtocolHandler ["http-nio-8081"]
05-Jun-2026 15:22:29.543 INFO [main] org.apache.catalina.startup.Catalina.load Server initialization in [546] milliseconds
05-Jun-2026 15:22:29.591 INFO [main] org.apache.catalina.core.StandardService.startInternal Starting service [Catalina]
05-Jun-2026 15:22:29.591 INFO [main] org.apache.catalina.core.StandardEngine.startInternal Starting Servlet engine: [Apache Tomcat/10.1.55]
05-Jun-2026 15:22:29.603 INFO [main] org.apache.catalina.startup.HostConfig.deployDescriptor Deploying deployment descriptor [D:\JAVA_FULL_STACK\RestAPI\restApiSecond\src\main\webapp\conf\Catalina\localhost\registrationWebApp.xml]
05-Jun-2026 15:22:30.018 INFO [main] org.apache.catalina.startup.HostConfig.deployDescriptor Deployment of deployment descriptor [D:\JAVA_FULL_STACK\RestAPI\restApiSecond\src\main\webapp\conf\Catalina\localhost\registrationWebApp.xml] has finished in [412] ms
05-Jun-2026 15:22:30.019 INFO [main] org.apache.catalina.startup.HostConfig.deployDescriptor Deploying deployment descriptor [D:\JAVA_FULL_STACK\RestAPI\restApiSecond\src\main\webapp\conf\Catalina\localhost\restApiSecond.xml]
05-Jun-2026 15:22:36.539 INFO [main] org.apache.jasper.servlet.TldScanner.scanJars At least one JAR was scanned for TLDs yet contained no TLDs. Enable debug logging for this logger for a complete list of JARs that were scanned but no TLDs were found in them. Skipping unneeded JARs during scanning can improve startup time and JSP compilation time.
05-Jun-2026 15:22:53.019 INFO [main] org.apache.catalina.startup.HostConfig.deployDescriptor Deployment of deployment descriptor [D:\JAVA_FULL_STACK\RestAPI\restApiSecond\src\main\webapp\conf\Catalina\localhost\restApiSecond.xml] has finished in [23,000] ms
05-Jun-2026 15:22:53.027 INFO [main] org.apache.coyote.AbstractProtocol.start Starting ProtocolHandler ["http-nio-8081"]
05-Jun-2026 15:22:53.065 INFO [main] org.apache.catalina.startup.Catalina.start Server startup in [23521] milliseconds
05-Jun-2026 15:23:55.695 INFO [Thread-1] org.apache.coyote.AbstractProtocol.pause Pausing ProtocolHandler ["http-nio-8081"]
05-Jun-2026 15:23:55.714 INFO [Thread-1] org.apache.catalina.core.StandardService.stopInternal Stopping service [Catalina]
05-Jun-2026 15:23:55.758 WARNING [Thread-1] org.apache.catalina.loader.WebappClassLoaderBase.clearReferencesJdbc The web application [restApiSecond] registered the JDBC driver [com.mysql.cj.jdbc.Driver] but failed to unregister it when the web application was stopped. To prevent a memory leak, the JDBC Driver has been forcibly unregistered.
05-Jun-2026 15:23:55.759 WARNING [Thread-1] org.apache.catalina.loader.WebappClassLoaderBase.clearReferencesThreads The web application [restApiSecond] appears to have started a thread named [mysql-cj-abandoned-connection-cleanup] but has failed to stop it. This is very likely to create a memory leak. Stack trace of thread:
 java.base/java.lang.Object.wait0(Native Method)
 java.base/java.lang.Object.wait(Object.java:389)
 java.base/java.lang.ref.ReferenceQueue.remove0(ReferenceQueue.java:123)
 java.base/java.lang.ref.ReferenceQueue.remove(ReferenceQueue.java:201)
 com.mysql.cj.jdbc.AbandonedConnectionCleanupThread.run(AbandonedConnectionCleanupThread.java:84)
 java.base/java.util.concurrent.ThreadPoolExecutor.runWorker(ThreadPoolExecutor.java:1090)
 java.base/java.util.concurrent.ThreadPoolExecutor$Worker.run(ThreadPoolExecutor.java:614)
 java.base/java.lang.Thread.run(Thread.java:1474)
05-Jun-2026 15:23:55.761 INFO [Thread-1] org.apache.coyote.AbstractProtocol.stop Stopping ProtocolHandler ["http-nio-8081"]
05-Jun-2026 15:23:55.773 INFO [Thread-1] org.apache.coyote.AbstractProtocol.destroy Destroying ProtocolHandler ["http-nio-8081"]
