05-Jun-2026 09:53:17.561 INFO [main] org.apache.catalina.startup.VersionLoggerListener.log Server version name:   Apache Tomcat/10.1.55
05-Jun-2026 09:53:17.564 INFO [main] org.apache.catalina.startup.VersionLoggerListener.log Server built:          May 5 2026 13:33:02 UTC
05-Jun-2026 09:53:17.564 INFO [main] org.apache.catalina.startup.VersionLoggerListener.log Server version number: 10.1.55.0
05-Jun-2026 09:53:17.564 INFO [main] org.apache.catalina.startup.VersionLoggerListener.log OS Name:               Windows 11
05-Jun-2026 09:53:17.564 INFO [main] org.apache.catalina.startup.VersionLoggerListener.log OS Version:            10.0
05-Jun-2026 09:53:17.564 INFO [main] org.apache.catalina.startup.VersionLoggerListener.log Architecture:          amd64
05-Jun-2026 09:53:17.564 INFO [main] org.apache.catalina.startup.VersionLoggerListener.log Java Home:             C:\Program Files\JetBrains\IntelliJ IDEA 2026.1.2\jbr
05-Jun-2026 09:53:17.564 INFO [main] org.apache.catalina.startup.VersionLoggerListener.log JVM Version:           25.0.2+1-b329.117
05-Jun-2026 09:53:17.564 INFO [main] org.apache.catalina.startup.VersionLoggerListener.log JVM Vendor:            JetBrains s.r.o.
05-Jun-2026 09:53:17.565 INFO [main] org.apache.catalina.startup.VersionLoggerListener.log CATALINA_BASE:         D:\JAVA_FULL_STACK\RestAPI\jerseyProject1\src\main\webapp
05-Jun-2026 09:53:17.565 INFO [main] org.apache.catalina.startup.VersionLoggerListener.log CATALINA_HOME:         C:\Program Files\Apache Software Foundation\Tomcat 10.1
05-Jun-2026 09:53:17.580 INFO [main] org.apache.catalina.startup.VersionLoggerListener.log Command line argument: --add-opens=java.base/java.lang=ALL-UNNAMED
05-Jun-2026 09:53:17.580 INFO [main] org.apache.catalina.startup.VersionLoggerListener.log Command line argument: --add-opens=java.base/java.io=ALL-UNNAMED
05-Jun-2026 09:53:17.580 INFO [main] org.apache.catalina.startup.VersionLoggerListener.log Command line argument: --add-opens=java.base/java.util=ALL-UNNAMED
05-Jun-2026 09:53:17.580 INFO [main] org.apache.catalina.startup.VersionLoggerListener.log Command line argument: --add-opens=java.base/java.util.concurrent=ALL-UNNAMED
05-Jun-2026 09:53:17.581 INFO [main] org.apache.catalina.startup.VersionLoggerListener.log Command line argument: --add-opens=java.rmi/sun.rmi.transport=ALL-UNNAMED
05-Jun-2026 09:53:17.581 INFO [main] org.apache.catalina.startup.VersionLoggerListener.log Command line argument: -Dcatalina.home=C:\Program Files\Apache Software Foundation\Tomcat 10.1
05-Jun-2026 09:53:17.581 INFO [main] org.apache.catalina.startup.VersionLoggerListener.log Command line argument: -Dcatalina.base=D:\JAVA_FULL_STACK\RestAPI\jerseyProject1\src\main\webapp
05-Jun-2026 09:53:17.581 INFO [main] org.apache.catalina.startup.VersionLoggerListener.log Command line argument: -Djava.io.tmpdir=D:\JAVA_FULL_STACK\RestAPI\jerseyProject1\src\main\webapp\temp
05-Jun-2026 09:53:17.581 INFO [main] org.apache.catalina.startup.VersionLoggerListener.log Command line argument: -Djava.util.logging.config.file=D:\JAVA_FULL_STACK\RestAPI\jerseyProject1\src\main\webapp\conf\logging.properties
05-Jun-2026 09:53:17.581 INFO [main] org.apache.catalina.startup.VersionLoggerListener.log Command line argument: -Djava.util.logging.manager=org.apache.juli.ClassLoaderLogManager
05-Jun-2026 09:53:17.581 INFO [main] org.apache.catalina.startup.VersionLoggerListener.log Command line argument: -javaagent:C:\Program Files\JetBrains\IntelliJ IDEA 2026.1.2\lib\idea_rt.jar=52661
05-Jun-2026 09:53:17.581 INFO [main] org.apache.catalina.startup.VersionLoggerListener.log Command line argument: -Dfile.encoding=UTF-8
05-Jun-2026 09:53:17.582 INFO [main] org.apache.catalina.startup.VersionLoggerListener.log Command line argument: -Dsun.stdout.encoding=UTF-8
05-Jun-2026 09:53:17.582 INFO [main] org.apache.catalina.startup.VersionLoggerListener.log Command line argument: -Dsun.stderr.encoding=UTF-8
05-Jun-2026 09:53:17.610 INFO [main] org.apache.catalina.core.AprLifecycleListener.lifecycleEvent The Apache Tomcat Native library which allows using OpenSSL was not found on the java.library.path: [C:\Program Files\JetBrains\IntelliJ IDEA 2026.1.2\jbr\bin;C:\WINDOWS\Sun\Java\bin;C:\WINDOWS\system32;C:\WINDOWS;C:\Program Files\Common Files\Oracle\Java\javapath;C:\WINDOWS\system32;C:\WINDOWS;C:\WINDOWS\System32\Wbem;C:\WINDOWS\System32\WindowsPowerShell\v1.0\;C:\WINDOWS\System32\OpenSSH\;C:\Program Files (x86)\NVIDIA Corporation\PhysX\Common;C:\Program Files\NVIDIA Corporation\NVIDIA NvDLISR;C:\Program Files\MySQL\MySQL Server 8.0\bin;C:\Program Files\nodejs\;C:\Program Files\Git\cmd;C:\Program Files\PuTTY\;C:\Program Files\dotnet\;C:\apache-maven-3.9.16-bin\apache-maven-3.9.16\bin;C:\Program Files\Java\jdk-26\bin;D:\gradle-8.14.5\bin;C:\Program Files\MySQL\MySQL Shell 8.0\bin\;D:\anaconda3;D:\anaconda3\Library\mingw-w64\bin;D:\anaconda3\Library\usr\bin;D:\anaconda3\Library\bin;D:\anaconda3\Scripts;C:\Users\Harsh Khatana\AppData\Local\Programs\Python\Python313\Scripts\;C:\Users\Harsh Khatana\AppData\Local\Programs\Python\Python313\;C:\Users\Harsh Khatana\AppData\Local\Programs\Python\Launcher\;C:\Users\Harsh Khatana\AppData\Local\Microsoft\WindowsApps;C:\Users\Harsh Khatana\AppData\Roaming\npm;D:\vs code setup\Microsoft VS Code\bin;;.]
05-Jun-2026 09:53:17.962 INFO [main] org.apache.coyote.AbstractProtocol.init Initializing ProtocolHandler ["http-nio-8081"]
05-Jun-2026 09:53:17.979 INFO [main] org.apache.catalina.startup.Catalina.load Server initialization in [708] milliseconds
05-Jun-2026 09:53:18.042 INFO [main] org.apache.catalina.core.StandardService.startInternal Starting service [Catalina]
05-Jun-2026 09:53:18.042 INFO [main] org.apache.catalina.core.StandardEngine.startInternal Starting Servlet engine: [Apache Tomcat/10.1.55]
05-Jun-2026 09:53:18.059 INFO [main] org.apache.catalina.startup.HostConfig.deployDescriptor Deploying deployment descriptor [D:\JAVA_FULL_STACK\RestAPI\jerseyProject1\src\main\webapp\conf\Catalina\localhost\jerseyProject1.xml]
05-Jun-2026 09:53:22.141 INFO [main] org.apache.jasper.servlet.TldScanner.scanJars At least one JAR was scanned for TLDs yet contained no TLDs. Enable debug logging for this logger for a complete list of JARs that were scanned but no TLDs were found in them. Skipping unneeded JARs during scanning can improve startup time and JSP compilation time.
05-Jun-2026 09:53:26.243 WARNING [main] org.glassfish.jersey.message.internal.MessagingBinders$EnabledProvidersBinder.bindToBinder A class jakarta.activation.DataSource for a default provider MessageBodyWriter<jakarta.activation.DataSource> was not found. The provider is not available.
05-Jun-2026 09:53:26.453 WARNING [main] org.glassfish.jersey.server.wadl.WadlFeature.configure JAX-B API not found . WADL feature is disabled.
05-Jun-2026 09:53:28.525 INFO [main] org.apache.catalina.startup.HostConfig.deployDescriptor Deployment of deployment descriptor [D:\JAVA_FULL_STACK\RestAPI\jerseyProject1\src\main\webapp\conf\Catalina\localhost\jerseyProject1.xml] has finished in [10,463] ms
05-Jun-2026 09:53:28.525 INFO [main] org.apache.catalina.startup.HostConfig.deployDescriptor Deploying deployment descriptor [D:\JAVA_FULL_STACK\RestAPI\jerseyProject1\src\main\webapp\conf\Catalina\localhost\registrationWebApp.xml]
05-Jun-2026 09:53:28.613 INFO [main] org.apache.catalina.startup.HostConfig.deployDescriptor Deployment of deployment descriptor [D:\JAVA_FULL_STACK\RestAPI\jerseyProject1\src\main\webapp\conf\Catalina\localhost\registrationWebApp.xml] has finished in [88] ms
05-Jun-2026 09:53:28.617 INFO [main] org.apache.coyote.AbstractProtocol.start Starting ProtocolHandler ["http-nio-8081"]
05-Jun-2026 09:53:28.641 INFO [main] org.apache.catalina.startup.Catalina.start Server startup in [10660] milliseconds
05-Jun-2026 10:01:05.916 INFO [main] org.apache.catalina.startup.VersionLoggerListener.log Server version name:   Apache Tomcat/10.1.55
05-Jun-2026 10:01:05.919 INFO [main] org.apache.catalina.startup.VersionLoggerListener.log Server built:          May 5 2026 13:33:02 UTC
05-Jun-2026 10:01:05.919 INFO [main] org.apache.catalina.startup.VersionLoggerListener.log Server version number: 10.1.55.0
05-Jun-2026 10:01:05.920 INFO [main] org.apache.catalina.startup.VersionLoggerListener.log OS Name:               Windows 11
05-Jun-2026 10:01:05.920 INFO [main] org.apache.catalina.startup.VersionLoggerListener.log OS Version:            10.0
05-Jun-2026 10:01:05.920 INFO [main] org.apache.catalina.startup.VersionLoggerListener.log Architecture:          amd64
05-Jun-2026 10:01:05.920 INFO [main] org.apache.catalina.startup.VersionLoggerListener.log Java Home:             C:\Program Files\JetBrains\IntelliJ IDEA 2026.1.2\jbr
05-Jun-2026 10:01:05.920 INFO [main] org.apache.catalina.startup.VersionLoggerListener.log JVM Version:           25.0.2+1-b329.117
05-Jun-2026 10:01:05.920 INFO [main] org.apache.catalina.startup.VersionLoggerListener.log JVM Vendor:            JetBrains s.r.o.
05-Jun-2026 10:01:05.920 INFO [main] org.apache.catalina.startup.VersionLoggerListener.log CATALINA_BASE:         D:\JAVA_FULL_STACK\RestAPI\jerseyProject1\src\main\webapp
05-Jun-2026 10:01:05.920 INFO [main] org.apache.catalina.startup.VersionLoggerListener.log CATALINA_HOME:         C:\Program Files\Apache Software Foundation\Tomcat 10.1
05-Jun-2026 10:01:05.932 INFO [main] org.apache.catalina.startup.VersionLoggerListener.log Command line argument: --add-opens=java.base/java.lang=ALL-UNNAMED
05-Jun-2026 10:01:05.932 INFO [main] org.apache.catalina.startup.VersionLoggerListener.log Command line argument: --add-opens=java.base/java.io=ALL-UNNAMED
05-Jun-2026 10:01:05.932 INFO [main] org.apache.catalina.startup.VersionLoggerListener.log Command line argument: --add-opens=java.base/java.util=ALL-UNNAMED
05-Jun-2026 10:01:05.932 INFO [main] org.apache.catalina.startup.VersionLoggerListener.log Command line argument: --add-opens=java.base/java.util.concurrent=ALL-UNNAMED
05-Jun-2026 10:01:05.932 INFO [main] org.apache.catalina.startup.VersionLoggerListener.log Command line argument: --add-opens=java.rmi/sun.rmi.transport=ALL-UNNAMED
05-Jun-2026 10:01:05.933 INFO [main] org.apache.catalina.startup.VersionLoggerListener.log Command line argument: -Dcatalina.home=C:\Program Files\Apache Software Foundation\Tomcat 10.1
05-Jun-2026 10:01:05.933 INFO [main] org.apache.catalina.startup.VersionLoggerListener.log Command line argument: -Dcatalina.base=D:\JAVA_FULL_STACK\RestAPI\jerseyProject1\src\main\webapp
05-Jun-2026 10:01:05.933 INFO [main] org.apache.catalina.startup.VersionLoggerListener.log Command line argument: -Djava.io.tmpdir=D:\JAVA_FULL_STACK\RestAPI\jerseyProject1\src\main\webapp\temp
05-Jun-2026 10:01:05.933 INFO [main] org.apache.catalina.startup.VersionLoggerListener.log Command line argument: -Djava.util.logging.config.file=D:\JAVA_FULL_STACK\RestAPI\jerseyProject1\src\main\webapp\conf\logging.properties
05-Jun-2026 10:01:05.933 INFO [main] org.apache.catalina.startup.VersionLoggerListener.log Command line argument: -Djava.util.logging.manager=org.apache.juli.ClassLoaderLogManager
05-Jun-2026 10:01:05.933 INFO [main] org.apache.catalina.startup.VersionLoggerListener.log Command line argument: -javaagent:C:\Program Files\JetBrains\IntelliJ IDEA 2026.1.2\lib\idea_rt.jar=53551
05-Jun-2026 10:01:05.933 INFO [main] org.apache.catalina.startup.VersionLoggerListener.log Command line argument: -Dfile.encoding=UTF-8
05-Jun-2026 10:01:05.933 INFO [main] org.apache.catalina.startup.VersionLoggerListener.log Command line argument: -Dsun.stdout.encoding=UTF-8
05-Jun-2026 10:01:05.933 INFO [main] org.apache.catalina.startup.VersionLoggerListener.log Command line argument: -Dsun.stderr.encoding=UTF-8
05-Jun-2026 10:01:05.965 INFO [main] org.apache.catalina.core.AprLifecycleListener.lifecycleEvent The Apache Tomcat Native library which allows using OpenSSL was not found on the java.library.path: [C:\Program Files\JetBrains\IntelliJ IDEA 2026.1.2\jbr\bin;C:\WINDOWS\Sun\Java\bin;C:\WINDOWS\system32;C:\WINDOWS;C:\Program Files\Common Files\Oracle\Java\javapath;C:\WINDOWS\system32;C:\WINDOWS;C:\WINDOWS\System32\Wbem;C:\WINDOWS\System32\WindowsPowerShell\v1.0\;C:\WINDOWS\System32\OpenSSH\;C:\Program Files (x86)\NVIDIA Corporation\PhysX\Common;C:\Program Files\NVIDIA Corporation\NVIDIA NvDLISR;C:\Program Files\MySQL\MySQL Server 8.0\bin;C:\Program Files\nodejs\;C:\Program Files\Git\cmd;C:\Program Files\PuTTY\;C:\Program Files\dotnet\;C:\apache-maven-3.9.16-bin\apache-maven-3.9.16\bin;C:\Program Files\Java\jdk-26\bin;D:\gradle-8.14.5\bin;C:\Program Files\MySQL\MySQL Shell 8.0\bin\;D:\anaconda3;D:\anaconda3\Library\mingw-w64\bin;D:\anaconda3\Library\usr\bin;D:\anaconda3\Library\bin;D:\anaconda3\Scripts;C:\Users\Harsh Khatana\AppData\Local\Programs\Python\Python313\Scripts\;C:\Users\Harsh Khatana\AppData\Local\Programs\Python\Python313\;C:\Users\Harsh Khatana\AppData\Local\Programs\Python\Launcher\;C:\Users\Harsh Khatana\AppData\Local\Microsoft\WindowsApps;C:\Users\Harsh Khatana\AppData\Roaming\npm;D:\vs code setup\Microsoft VS Code\bin;;.]
05-Jun-2026 10:01:06.305 INFO [main] org.apache.coyote.AbstractProtocol.init Initializing ProtocolHandler ["http-nio-8080"]
05-Jun-2026 10:01:06.325 INFO [main] org.apache.catalina.startup.Catalina.load Server initialization in [664] milliseconds
05-Jun-2026 10:01:06.383 INFO [main] org.apache.catalina.core.StandardService.startInternal Starting service [Catalina]
05-Jun-2026 10:01:06.383 INFO [main] org.apache.catalina.core.StandardEngine.startInternal Starting Servlet engine: [Apache Tomcat/10.1.55]
05-Jun-2026 10:01:06.400 INFO [main] org.apache.catalina.startup.HostConfig.deployDescriptor Deploying deployment descriptor [D:\JAVA_FULL_STACK\RestAPI\jerseyProject1\src\main\webapp\conf\Catalina\localhost\jerseyProject1.xml]
05-Jun-2026 10:01:08.883 INFO [Catalina-utility-1] org.apache.catalina.startup.HostConfig.undeploy Undeploying context [/jerseyProject1]
05-Jun-2026 10:01:08.943 INFO [Catalina-utility-1] org.apache.catalina.startup.HostConfig.deployDescriptor Deploying deployment descriptor [D:\JAVA_FULL_STACK\RestAPI\jerseyProject1\src\main\webapp\conf\Catalina\localhost\jerseyProject1.xml]
05-Jun-2026 10:01:10.365 INFO [main] org.apache.jasper.servlet.TldScanner.scanJars At least one JAR was scanned for TLDs yet contained no TLDs. Enable debug logging for this logger for a complete list of JARs that were scanned but no TLDs were found in them. Skipping unneeded JARs during scanning can improve startup time and JSP compilation time.
05-Jun-2026 10:01:13.084 INFO [Catalina-utility-1] org.apache.jasper.servlet.TldScanner.scanJars At least one JAR was scanned for TLDs yet contained no TLDs. Enable debug logging for this logger for a complete list of JARs that were scanned but no TLDs were found in them. Skipping unneeded JARs during scanning can improve startup time and JSP compilation time.
05-Jun-2026 10:01:15.115 WARNING [main] org.glassfish.jersey.message.internal.MessagingBinders$EnabledProvidersBinder.bindToBinder A class jakarta.activation.DataSource for a default provider MessageBodyWriter<jakarta.activation.DataSource> was not found. The provider is not available.
05-Jun-2026 10:01:15.382 WARNING [main] org.glassfish.jersey.server.wadl.WadlFeature.configure JAX-B API not found . WADL feature is disabled.
05-Jun-2026 10:01:18.013 WARNING [Catalina-utility-1] org.glassfish.jersey.message.internal.MessagingBinders$EnabledProvidersBinder.bindToBinder A class jakarta.activation.DataSource for a default provider MessageBodyWriter<jakarta.activation.DataSource> was not found. The provider is not available.
05-Jun-2026 10:01:18.160 WARNING [main] org.glassfish.jersey.internal.Errors.logErrors The following warnings have been detected: WARNING: A resource, Resource{"/aliens", 0 child resources, 0 resource methods, 0 sub-resource locator, 0 method handler classes, 0 method handler instances}, with path "/aliens" is empty. It has no resource (or sub resource) methods neither sub resource locators defined.

05-Jun-2026 10:01:18.199 INFO [main] org.apache.catalina.startup.HostConfig.deployDescriptor Deployment of deployment descriptor [D:\JAVA_FULL_STACK\RestAPI\jerseyProject1\src\main\webapp\conf\Catalina\localhost\jerseyProject1.xml] has finished in [11,794] ms
05-Jun-2026 10:01:18.200 INFO [main] org.apache.catalina.startup.HostConfig.deployDescriptor Deploying deployment descriptor [D:\JAVA_FULL_STACK\RestAPI\jerseyProject1\src\main\webapp\conf\Catalina\localhost\registrationWebApp.xml]
05-Jun-2026 10:01:18.222 WARNING [Catalina-utility-1] org.glassfish.jersey.server.wadl.WadlFeature.configure JAX-B API not found . WADL feature is disabled.
05-Jun-2026 10:01:18.288 INFO [main] org.apache.catalina.startup.HostConfig.deployDescriptor Deployment of deployment descriptor [D:\JAVA_FULL_STACK\RestAPI\jerseyProject1\src\main\webapp\conf\Catalina\localhost\registrationWebApp.xml] has finished in [88] ms
05-Jun-2026 10:01:18.292 INFO [main] org.apache.coyote.AbstractProtocol.start Starting ProtocolHandler ["http-nio-8080"]
05-Jun-2026 10:01:18.318 INFO [main] org.apache.catalina.startup.Catalina.start Server startup in [11991] milliseconds
05-Jun-2026 10:01:18.325 SEVERE [main] org.apache.catalina.core.StandardServer.await Failed to create server shutdown socket on address [localhost] and port [8005] (base port [8005] and offset [0])
	java.net.BindException: Address already in use: bind
		at java.base/sun.nio.ch.Net.bind0(Native Method)
		at java.base/sun.nio.ch.Net.bind(Net.java:522)
		at java.base/sun.nio.ch.Net.bind(Net.java:511)
		at java.base/sun.nio.ch.NioSocketImpl.bind(NioSocketImpl.java:641)
		at java.base/java.net.ServerSocket.bind(ServerSocket.java:326)
		at java.base/java.net.ServerSocket.<init>(ServerSocket.java:222)
		at org.apache.catalina.core.StandardServer.await(StandardServer.java:531)
		at org.apache.catalina.startup.Catalina.await(Catalina.java:848)
		at org.apache.catalina.startup.Catalina.start(Catalina.java:796)
		at java.base/jdk.internal.reflect.DirectMethodHandleAccessor.invoke(DirectMethodHandleAccessor.java:104)
		at java.base/java.lang.reflect.Method.invoke(Method.java:565)
		at org.apache.catalina.startup.Bootstrap.start(Bootstrap.java:342)
		at org.apache.catalina.startup.Bootstrap.main(Bootstrap.java:473)
05-Jun-2026 10:01:18.326 INFO [main] org.apache.coyote.AbstractProtocol.pause Pausing ProtocolHandler ["http-nio-8080"]
05-Jun-2026 10:01:18.338 INFO [main] org.apache.catalina.core.StandardService.stopInternal Stopping service [Catalina]
05-Jun-2026 10:01:18.383 INFO [main] org.apache.coyote.AbstractProtocol.stop Stopping ProtocolHandler ["http-nio-8080"]
05-Jun-2026 10:01:18.393 INFO [main] org.apache.coyote.AbstractProtocol.destroy Destroying ProtocolHandler ["http-nio-8080"]
05-Jun-2026 10:01:20.729 WARNING [Catalina-utility-1] org.glassfish.jersey.internal.Errors.logErrors The following warnings have been detected: WARNING: A resource, Resource{"/aliens", 0 child resources, 0 resource methods, 0 sub-resource locator, 0 method handler classes, 0 method handler instances}, with path "/aliens" is empty. It has no resource (or sub resource) methods neither sub resource locators defined.

05-Jun-2026 10:01:20.751 INFO [Catalina-utility-1] org.apache.catalina.startup.HostConfig.deployDescriptor Deployment of deployment descriptor [D:\JAVA_FULL_STACK\RestAPI\jerseyProject1\src\main\webapp\conf\Catalina\localhost\jerseyProject1.xml] has finished in [11,808] ms
05-Jun-2026 10:01:40.599 INFO [Thread-1] org.apache.coyote.AbstractProtocol.pause Pausing ProtocolHandler ["http-nio-8081"]
05-Jun-2026 10:01:40.613 INFO [Thread-1] org.apache.catalina.core.StandardService.stopInternal Stopping service [Catalina]
05-Jun-2026 10:01:40.655 INFO [Thread-1] org.apache.coyote.AbstractProtocol.stop Stopping ProtocolHandler ["http-nio-8081"]
05-Jun-2026 10:01:40.668 INFO [Thread-1] org.apache.coyote.AbstractProtocol.destroy Destroying ProtocolHandler ["http-nio-8081"]
05-Jun-2026 10:01:41.873 INFO [main] org.apache.catalina.startup.VersionLoggerListener.log Server version name:   Apache Tomcat/10.1.55
05-Jun-2026 10:01:41.877 INFO [main] org.apache.catalina.startup.VersionLoggerListener.log Server built:          May 5 2026 13:33:02 UTC
05-Jun-2026 10:01:41.877 INFO [main] org.apache.catalina.startup.VersionLoggerListener.log Server version number: 10.1.55.0
05-Jun-2026 10:01:41.877 INFO [main] org.apache.catalina.startup.VersionLoggerListener.log OS Name:               Windows 11
05-Jun-2026 10:01:41.877 INFO [main] org.apache.catalina.startup.VersionLoggerListener.log OS Version:            10.0
05-Jun-2026 10:01:41.877 INFO [main] org.apache.catalina.startup.VersionLoggerListener.log Architecture:          amd64
05-Jun-2026 10:01:41.878 INFO [main] org.apache.catalina.startup.VersionLoggerListener.log Java Home:             C:\Program Files\JetBrains\IntelliJ IDEA 2026.1.2\jbr
05-Jun-2026 10:01:41.878 INFO [main] org.apache.catalina.startup.VersionLoggerListener.log JVM Version:           25.0.2+1-b329.117
05-Jun-2026 10:01:41.878 INFO [main] org.apache.catalina.startup.VersionLoggerListener.log JVM Vendor:            JetBrains s.r.o.
05-Jun-2026 10:01:41.878 INFO [main] org.apache.catalina.startup.VersionLoggerListener.log CATALINA_BASE:         D:\JAVA_FULL_STACK\RestAPI\jerseyProject1\src\main\webapp
05-Jun-2026 10:01:41.878 INFO [main] org.apache.catalina.startup.VersionLoggerListener.log CATALINA_HOME:         C:\Program Files\Apache Software Foundation\Tomcat 10.1
05-Jun-2026 10:01:41.891 INFO [main] org.apache.catalina.startup.VersionLoggerListener.log Command line argument: --add-opens=java.base/java.lang=ALL-UNNAMED
05-Jun-2026 10:01:41.891 INFO [main] org.apache.catalina.startup.VersionLoggerListener.log Command line argument: --add-opens=java.base/java.io=ALL-UNNAMED
05-Jun-2026 10:01:41.891 INFO [main] org.apache.catalina.startup.VersionLoggerListener.log Command line argument: --add-opens=java.base/java.util=ALL-UNNAMED
05-Jun-2026 10:01:41.891 INFO [main] org.apache.catalina.startup.VersionLoggerListener.log Command line argument: --add-opens=java.base/java.util.concurrent=ALL-UNNAMED
05-Jun-2026 10:01:41.891 INFO [main] org.apache.catalina.startup.VersionLoggerListener.log Command line argument: --add-opens=java.rmi/sun.rmi.transport=ALL-UNNAMED
05-Jun-2026 10:01:41.891 INFO [main] org.apache.catalina.startup.VersionLoggerListener.log Command line argument: -Dcatalina.home=C:\Program Files\Apache Software Foundation\Tomcat 10.1
05-Jun-2026 10:01:41.891 INFO [main] org.apache.catalina.startup.VersionLoggerListener.log Command line argument: -Dcatalina.base=D:\JAVA_FULL_STACK\RestAPI\jerseyProject1\src\main\webapp
05-Jun-2026 10:01:41.891 INFO [main] org.apache.catalina.startup.VersionLoggerListener.log Command line argument: -Djava.io.tmpdir=D:\JAVA_FULL_STACK\RestAPI\jerseyProject1\src\main\webapp\temp
05-Jun-2026 10:01:41.891 INFO [main] org.apache.catalina.startup.VersionLoggerListener.log Command line argument: -Djava.util.logging.config.file=D:\JAVA_FULL_STACK\RestAPI\jerseyProject1\src\main\webapp\conf\logging.properties
05-Jun-2026 10:01:41.893 INFO [main] org.apache.catalina.startup.VersionLoggerListener.log Command line argument: -Djava.util.logging.manager=org.apache.juli.ClassLoaderLogManager
05-Jun-2026 10:01:41.893 INFO [main] org.apache.catalina.startup.VersionLoggerListener.log Command line argument: -javaagent:C:\Program Files\JetBrains\IntelliJ IDEA 2026.1.2\lib\idea_rt.jar=50616
05-Jun-2026 10:01:41.893 INFO [main] org.apache.catalina.startup.VersionLoggerListener.log Command line argument: -Dfile.encoding=UTF-8
05-Jun-2026 10:01:41.893 INFO [main] org.apache.catalina.startup.VersionLoggerListener.log Command line argument: -Dsun.stdout.encoding=UTF-8
05-Jun-2026 10:01:41.893 INFO [main] org.apache.catalina.startup.VersionLoggerListener.log Command line argument: -Dsun.stderr.encoding=UTF-8
05-Jun-2026 10:01:41.923 INFO [main] org.apache.catalina.core.AprLifecycleListener.lifecycleEvent The Apache Tomcat Native library which allows using OpenSSL was not found on the java.library.path: [C:\Program Files\JetBrains\IntelliJ IDEA 2026.1.2\jbr\bin;C:\WINDOWS\Sun\Java\bin;C:\WINDOWS\system32;C:\WINDOWS;C:\Program Files\Common Files\Oracle\Java\javapath;C:\WINDOWS\system32;C:\WINDOWS;C:\WINDOWS\System32\Wbem;C:\WINDOWS\System32\WindowsPowerShell\v1.0\;C:\WINDOWS\System32\OpenSSH\;C:\Program Files (x86)\NVIDIA Corporation\PhysX\Common;C:\Program Files\NVIDIA Corporation\NVIDIA NvDLISR;C:\Program Files\MySQL\MySQL Server 8.0\bin;C:\Program Files\nodejs\;C:\Program Files\Git\cmd;C:\Program Files\PuTTY\;C:\Program Files\dotnet\;C:\apache-maven-3.9.16-bin\apache-maven-3.9.16\bin;C:\Program Files\Java\jdk-26\bin;D:\gradle-8.14.5\bin;C:\Program Files\MySQL\MySQL Shell 8.0\bin\;D:\anaconda3;D:\anaconda3\Library\mingw-w64\bin;D:\anaconda3\Library\usr\bin;D:\anaconda3\Library\bin;D:\anaconda3\Scripts;C:\Users\Harsh Khatana\AppData\Local\Programs\Python\Python313\Scripts\;C:\Users\Harsh Khatana\AppData\Local\Programs\Python\Python313\;C:\Users\Harsh Khatana\AppData\Local\Programs\Python\Launcher\;C:\Users\Harsh Khatana\AppData\Local\Microsoft\WindowsApps;C:\Users\Harsh Khatana\AppData\Roaming\npm;D:\vs code setup\Microsoft VS Code\bin;;.]
05-Jun-2026 10:01:42.268 INFO [main] org.apache.coyote.AbstractProtocol.init Initializing ProtocolHandler ["http-nio-8080"]
05-Jun-2026 10:01:42.288 INFO [main] org.apache.catalina.startup.Catalina.load Server initialization in [704] milliseconds
05-Jun-2026 10:01:42.339 INFO [main] org.apache.catalina.core.StandardService.startInternal Starting service [Catalina]
05-Jun-2026 10:01:42.339 INFO [main] org.apache.catalina.core.StandardEngine.startInternal Starting Servlet engine: [Apache Tomcat/10.1.55]
05-Jun-2026 10:01:42.356 INFO [main] org.apache.catalina.startup.HostConfig.deployDescriptor Deploying deployment descriptor [D:\JAVA_FULL_STACK\RestAPI\jerseyProject1\src\main\webapp\conf\Catalina\localhost\jerseyProject1.xml]
05-Jun-2026 10:01:46.720 INFO [main] org.apache.jasper.servlet.TldScanner.scanJars At least one JAR was scanned for TLDs yet contained no TLDs. Enable debug logging for this logger for a complete list of JARs that were scanned but no TLDs were found in them. Skipping unneeded JARs during scanning can improve startup time and JSP compilation time.
05-Jun-2026 10:01:52.643 WARNING [main] org.glassfish.jersey.message.internal.MessagingBinders$EnabledProvidersBinder.bindToBinder A class jakarta.activation.DataSource for a default provider MessageBodyWriter<jakarta.activation.DataSource> was not found. The provider is not available.
05-Jun-2026 10:01:52.959 WARNING [main] org.glassfish.jersey.server.wadl.WadlFeature.configure JAX-B API not found . WADL feature is disabled.
05-Jun-2026 10:01:55.713 WARNING [main] org.glassfish.jersey.internal.Errors.logErrors The following warnings have been detected: WARNING: A resource, Resource{"/aliens", 0 child resources, 0 resource methods, 0 sub-resource locator, 0 method handler classes, 0 method handler instances}, with path "/aliens" is empty. It has no resource (or sub resource) methods neither sub resource locators defined.

05-Jun-2026 10:01:55.747 INFO [main] org.apache.catalina.startup.HostConfig.deployDescriptor Deployment of deployment descriptor [D:\JAVA_FULL_STACK\RestAPI\jerseyProject1\src\main\webapp\conf\Catalina\localhost\jerseyProject1.xml] has finished in [13,390] ms
05-Jun-2026 10:01:55.748 INFO [main] org.apache.catalina.startup.HostConfig.deployDescriptor Deploying deployment descriptor [D:\JAVA_FULL_STACK\RestAPI\jerseyProject1\src\main\webapp\conf\Catalina\localhost\registrationWebApp.xml]
05-Jun-2026 10:01:55.827 INFO [main] org.apache.catalina.startup.HostConfig.deployDescriptor Deployment of deployment descriptor [D:\JAVA_FULL_STACK\RestAPI\jerseyProject1\src\main\webapp\conf\Catalina\localhost\registrationWebApp.xml] has finished in [80] ms
05-Jun-2026 10:01:55.835 INFO [main] org.apache.coyote.AbstractProtocol.start Starting ProtocolHandler ["http-nio-8080"]
05-Jun-2026 10:01:55.869 INFO [main] org.apache.catalina.startup.Catalina.start Server startup in [13579] milliseconds
05-Jun-2026 10:02:38.286 INFO [Thread-1] org.apache.coyote.AbstractProtocol.pause Pausing ProtocolHandler ["http-nio-8080"]
05-Jun-2026 10:02:38.299 INFO [Thread-1] org.apache.catalina.core.StandardService.stopInternal Stopping service [Catalina]
05-Jun-2026 10:02:38.331 INFO [Thread-1] org.apache.coyote.AbstractProtocol.stop Stopping ProtocolHandler ["http-nio-8080"]
05-Jun-2026 10:02:38.343 INFO [Thread-1] org.apache.coyote.AbstractProtocol.destroy Destroying ProtocolHandler ["http-nio-8080"]
05-Jun-2026 10:02:41.057 INFO [main] org.apache.catalina.startup.VersionLoggerListener.log Server version name:   Apache Tomcat/10.1.55
05-Jun-2026 10:02:41.059 INFO [main] org.apache.catalina.startup.VersionLoggerListener.log Server built:          May 5 2026 13:33:02 UTC
05-Jun-2026 10:02:41.060 INFO [main] org.apache.catalina.startup.VersionLoggerListener.log Server version number: 10.1.55.0
05-Jun-2026 10:02:41.060 INFO [main] org.apache.catalina.startup.VersionLoggerListener.log OS Name:               Windows 11
05-Jun-2026 10:02:41.060 INFO [main] org.apache.catalina.startup.VersionLoggerListener.log OS Version:            10.0
05-Jun-2026 10:02:41.060 INFO [main] org.apache.catalina.startup.VersionLoggerListener.log Architecture:          amd64
05-Jun-2026 10:02:41.060 INFO [main] org.apache.catalina.startup.VersionLoggerListener.log Java Home:             C:\Program Files\JetBrains\IntelliJ IDEA 2026.1.2\jbr
05-Jun-2026 10:02:41.060 INFO [main] org.apache.catalina.startup.VersionLoggerListener.log JVM Version:           25.0.2+1-b329.117
05-Jun-2026 10:02:41.060 INFO [main] org.apache.catalina.startup.VersionLoggerListener.log JVM Vendor:            JetBrains s.r.o.
05-Jun-2026 10:02:41.060 INFO [main] org.apache.catalina.startup.VersionLoggerListener.log CATALINA_BASE:         D:\JAVA_FULL_STACK\RestAPI\jerseyProject1\src\main\webapp
05-Jun-2026 10:02:41.060 INFO [main] org.apache.catalina.startup.VersionLoggerListener.log CATALINA_HOME:         C:\Program Files\Apache Software Foundation\Tomcat 10.1
05-Jun-2026 10:02:41.071 INFO [main] org.apache.catalina.startup.VersionLoggerListener.log Command line argument: --add-opens=java.base/java.lang=ALL-UNNAMED
05-Jun-2026 10:02:41.071 INFO [main] org.apache.catalina.startup.VersionLoggerListener.log Command line argument: --add-opens=java.base/java.io=ALL-UNNAMED
05-Jun-2026 10:02:41.071 INFO [main] org.apache.catalina.startup.VersionLoggerListener.log Command line argument: --add-opens=java.base/java.util=ALL-UNNAMED
05-Jun-2026 10:02:41.071 INFO [main] org.apache.catalina.startup.VersionLoggerListener.log Command line argument: --add-opens=java.base/java.util.concurrent=ALL-UNNAMED
05-Jun-2026 10:02:41.072 INFO [main] org.apache.catalina.startup.VersionLoggerListener.log Command line argument: --add-opens=java.rmi/sun.rmi.transport=ALL-UNNAMED
05-Jun-2026 10:02:41.072 INFO [main] org.apache.catalina.startup.VersionLoggerListener.log Command line argument: -Dcatalina.home=C:\Program Files\Apache Software Foundation\Tomcat 10.1
05-Jun-2026 10:02:41.072 INFO [main] org.apache.catalina.startup.VersionLoggerListener.log Command line argument: -Dcatalina.base=D:\JAVA_FULL_STACK\RestAPI\jerseyProject1\src\main\webapp
05-Jun-2026 10:02:41.072 INFO [main] org.apache.catalina.startup.VersionLoggerListener.log Command line argument: -Djava.io.tmpdir=D:\JAVA_FULL_STACK\RestAPI\jerseyProject1\src\main\webapp\temp
05-Jun-2026 10:02:41.072 INFO [main] org.apache.catalina.startup.VersionLoggerListener.log Command line argument: -Djava.util.logging.config.file=D:\JAVA_FULL_STACK\RestAPI\jerseyProject1\src\main\webapp\conf\logging.properties
05-Jun-2026 10:02:41.072 INFO [main] org.apache.catalina.startup.VersionLoggerListener.log Command line argument: -Djava.util.logging.manager=org.apache.juli.ClassLoaderLogManager
05-Jun-2026 10:02:41.072 INFO [main] org.apache.catalina.startup.VersionLoggerListener.log Command line argument: -javaagent:C:\Program Files\JetBrains\IntelliJ IDEA 2026.1.2\lib\idea_rt.jar=50062
05-Jun-2026 10:02:41.072 INFO [main] org.apache.catalina.startup.VersionLoggerListener.log Command line argument: -Dfile.encoding=UTF-8
05-Jun-2026 10:02:41.072 INFO [main] org.apache.catalina.startup.VersionLoggerListener.log Command line argument: -Dsun.stdout.encoding=UTF-8
05-Jun-2026 10:02:41.072 INFO [main] org.apache.catalina.startup.VersionLoggerListener.log Command line argument: -Dsun.stderr.encoding=UTF-8
05-Jun-2026 10:02:41.094 INFO [main] org.apache.catalina.core.AprLifecycleListener.lifecycleEvent The Apache Tomcat Native library which allows using OpenSSL was not found on the java.library.path: [C:\Program Files\JetBrains\IntelliJ IDEA 2026.1.2\jbr\bin;C:\WINDOWS\Sun\Java\bin;C:\WINDOWS\system32;C:\WINDOWS;C:\Program Files\Common Files\Oracle\Java\javapath;C:\WINDOWS\system32;C:\WINDOWS;C:\WINDOWS\System32\Wbem;C:\WINDOWS\System32\WindowsPowerShell\v1.0\;C:\WINDOWS\System32\OpenSSH\;C:\Program Files (x86)\NVIDIA Corporation\PhysX\Common;C:\Program Files\NVIDIA Corporation\NVIDIA NvDLISR;C:\Program Files\MySQL\MySQL Server 8.0\bin;C:\Program Files\nodejs\;C:\Program Files\Git\cmd;C:\Program Files\PuTTY\;C:\Program Files\dotnet\;C:\apache-maven-3.9.16-bin\apache-maven-3.9.16\bin;C:\Program Files\Java\jdk-26\bin;D:\gradle-8.14.5\bin;C:\Program Files\MySQL\MySQL Shell 8.0\bin\;D:\anaconda3;D:\anaconda3\Library\mingw-w64\bin;D:\anaconda3\Library\usr\bin;D:\anaconda3\Library\bin;D:\anaconda3\Scripts;C:\Users\Harsh Khatana\AppData\Local\Programs\Python\Python313\Scripts\;C:\Users\Harsh Khatana\AppData\Local\Programs\Python\Python313\;C:\Users\Harsh Khatana\AppData\Local\Programs\Python\Launcher\;C:\Users\Harsh Khatana\AppData\Local\Microsoft\WindowsApps;C:\Users\Harsh Khatana\AppData\Roaming\npm;D:\vs code setup\Microsoft VS Code\bin;;.]
05-Jun-2026 10:02:41.379 INFO [main] org.apache.coyote.AbstractProtocol.init Initializing ProtocolHandler ["http-nio-8080"]
05-Jun-2026 10:02:41.392 INFO [main] org.apache.catalina.startup.Catalina.load Server initialization in [535] milliseconds
05-Jun-2026 10:02:41.438 INFO [main] org.apache.catalina.core.StandardService.startInternal Starting service [Catalina]
05-Jun-2026 10:02:41.439 INFO [main] org.apache.catalina.core.StandardEngine.startInternal Starting Servlet engine: [Apache Tomcat/10.1.55]
05-Jun-2026 10:02:41.450 INFO [main] org.apache.catalina.startup.HostConfig.deployDescriptor Deploying deployment descriptor [D:\JAVA_FULL_STACK\RestAPI\jerseyProject1\src\main\webapp\conf\Catalina\localhost\jerseyProject1.xml]
05-Jun-2026 10:02:44.734 INFO [main] org.apache.jasper.servlet.TldScanner.scanJars At least one JAR was scanned for TLDs yet contained no TLDs. Enable debug logging for this logger for a complete list of JARs that were scanned but no TLDs were found in them. Skipping unneeded JARs during scanning can improve startup time and JSP compilation time.
05-Jun-2026 10:02:49.236 WARNING [main] org.glassfish.jersey.message.internal.MessagingBinders$EnabledProvidersBinder.bindToBinder A class jakarta.activation.DataSource for a default provider MessageBodyWriter<jakarta.activation.DataSource> was not found. The provider is not available.
05-Jun-2026 10:02:49.389 WARNING [main] org.glassfish.jersey.server.wadl.WadlFeature.configure JAX-B API not found . WADL feature is disabled.
05-Jun-2026 10:02:51.758 INFO [main] org.apache.catalina.startup.HostConfig.deployDescriptor Deployment of deployment descriptor [D:\JAVA_FULL_STACK\RestAPI\jerseyProject1\src\main\webapp\conf\Catalina\localhost\jerseyProject1.xml] has finished in [10,302] ms
05-Jun-2026 10:02:51.759 INFO [main] org.apache.catalina.startup.HostConfig.deployDescriptor Deploying deployment descriptor [D:\JAVA_FULL_STACK\RestAPI\jerseyProject1\src\main\webapp\conf\Catalina\localhost\registrationWebApp.xml]
05-Jun-2026 10:02:51.878 INFO [main] org.apache.catalina.startup.HostConfig.deployDescriptor Deployment of deployment descriptor [D:\JAVA_FULL_STACK\RestAPI\jerseyProject1\src\main\webapp\conf\Catalina\localhost\registrationWebApp.xml] has finished in [119] ms
05-Jun-2026 10:02:51.883 INFO [main] org.apache.coyote.AbstractProtocol.start Starting ProtocolHandler ["http-nio-8080"]
05-Jun-2026 10:02:51.907 INFO [main] org.apache.catalina.startup.Catalina.start Server startup in [10514] milliseconds
05-Jun-2026 10:06:12.769 INFO [Thread-1] org.apache.coyote.AbstractProtocol.pause Pausing ProtocolHandler ["http-nio-8080"]
05-Jun-2026 10:06:12.782 INFO [Thread-1] org.apache.catalina.core.StandardService.stopInternal Stopping service [Catalina]
05-Jun-2026 10:06:12.817 INFO [Thread-1] org.apache.coyote.AbstractProtocol.stop Stopping ProtocolHandler ["http-nio-8080"]
05-Jun-2026 10:06:12.826 INFO [Thread-1] org.apache.coyote.AbstractProtocol.destroy Destroying ProtocolHandler ["http-nio-8080"]
05-Jun-2026 10:06:15.936 INFO [main] org.apache.catalina.startup.VersionLoggerListener.log Server version name:   Apache Tomcat/10.1.55
05-Jun-2026 10:06:15.940 INFO [main] org.apache.catalina.startup.VersionLoggerListener.log Server built:          May 5 2026 13:33:02 UTC
05-Jun-2026 10:06:15.941 INFO [main] org.apache.catalina.startup.VersionLoggerListener.log Server version number: 10.1.55.0
05-Jun-2026 10:06:15.941 INFO [main] org.apache.catalina.startup.VersionLoggerListener.log OS Name:               Windows 11
05-Jun-2026 10:06:15.941 INFO [main] org.apache.catalina.startup.VersionLoggerListener.log OS Version:            10.0
05-Jun-2026 10:06:15.941 INFO [main] org.apache.catalina.startup.VersionLoggerListener.log Architecture:          amd64
05-Jun-2026 10:06:15.941 INFO [main] org.apache.catalina.startup.VersionLoggerListener.log Java Home:             C:\Program Files\JetBrains\IntelliJ IDEA 2026.1.2\jbr
05-Jun-2026 10:06:15.941 INFO [main] org.apache.catalina.startup.VersionLoggerListener.log JVM Version:           25.0.2+1-b329.117
05-Jun-2026 10:06:15.941 INFO [main] org.apache.catalina.startup.VersionLoggerListener.log JVM Vendor:            JetBrains s.r.o.
05-Jun-2026 10:06:15.941 INFO [main] org.apache.catalina.startup.VersionLoggerListener.log CATALINA_BASE:         D:\JAVA_FULL_STACK\RestAPI\jerseyProject1\src\main\webapp
05-Jun-2026 10:06:15.942 INFO [main] org.apache.catalina.startup.VersionLoggerListener.log CATALINA_HOME:         C:\Program Files\Apache Software Foundation\Tomcat 10.1
05-Jun-2026 10:06:15.956 INFO [main] org.apache.catalina.startup.VersionLoggerListener.log Command line argument: --add-opens=java.base/java.lang=ALL-UNNAMED
05-Jun-2026 10:06:15.956 INFO [main] org.apache.catalina.startup.VersionLoggerListener.log Command line argument: --add-opens=java.base/java.io=ALL-UNNAMED
05-Jun-2026 10:06:15.956 INFO [main] org.apache.catalina.startup.VersionLoggerListener.log Command line argument: --add-opens=java.base/java.util=ALL-UNNAMED
05-Jun-2026 10:06:15.957 INFO [main] org.apache.catalina.startup.VersionLoggerListener.log Command line argument: --add-opens=java.base/java.util.concurrent=ALL-UNNAMED
05-Jun-2026 10:06:15.957 INFO [main] org.apache.catalina.startup.VersionLoggerListener.log Command line argument: --add-opens=java.rmi/sun.rmi.transport=ALL-UNNAMED
05-Jun-2026 10:06:15.957 INFO [main] org.apache.catalina.startup.VersionLoggerListener.log Command line argument: -Dcatalina.home=C:\Program Files\Apache Software Foundation\Tomcat 10.1
05-Jun-2026 10:06:15.957 INFO [main] org.apache.catalina.startup.VersionLoggerListener.log Command line argument: -Dcatalina.base=D:\JAVA_FULL_STACK\RestAPI\jerseyProject1\src\main\webapp
05-Jun-2026 10:06:15.957 INFO [main] org.apache.catalina.startup.VersionLoggerListener.log Command line argument: -Djava.io.tmpdir=D:\JAVA_FULL_STACK\RestAPI\jerseyProject1\src\main\webapp\temp
05-Jun-2026 10:06:15.957 INFO [main] org.apache.catalina.startup.VersionLoggerListener.log Command line argument: -Djava.util.logging.config.file=D:\JAVA_FULL_STACK\RestAPI\jerseyProject1\src\main\webapp\conf\logging.properties
05-Jun-2026 10:06:15.958 INFO [main] org.apache.catalina.startup.VersionLoggerListener.log Command line argument: -Djava.util.logging.manager=org.apache.juli.ClassLoaderLogManager
05-Jun-2026 10:06:15.958 INFO [main] org.apache.catalina.startup.VersionLoggerListener.log Command line argument: -javaagent:C:\Program Files\JetBrains\IntelliJ IDEA 2026.1.2\lib\idea_rt.jar=57845
05-Jun-2026 10:06:15.958 INFO [main] org.apache.catalina.startup.VersionLoggerListener.log Command line argument: -Dfile.encoding=UTF-8
05-Jun-2026 10:06:15.958 INFO [main] org.apache.catalina.startup.VersionLoggerListener.log Command line argument: -Dsun.stdout.encoding=UTF-8
05-Jun-2026 10:06:15.958 INFO [main] org.apache.catalina.startup.VersionLoggerListener.log Command line argument: -Dsun.stderr.encoding=UTF-8
05-Jun-2026 10:06:15.987 INFO [main] org.apache.catalina.core.AprLifecycleListener.lifecycleEvent The Apache Tomcat Native library which allows using OpenSSL was not found on the java.library.path: [C:\Program Files\JetBrains\IntelliJ IDEA 2026.1.2\jbr\bin;C:\WINDOWS\Sun\Java\bin;C:\WINDOWS\system32;C:\WINDOWS;C:\Program Files\Common Files\Oracle\Java\javapath;C:\WINDOWS\system32;C:\WINDOWS;C:\WINDOWS\System32\Wbem;C:\WINDOWS\System32\WindowsPowerShell\v1.0\;C:\WINDOWS\System32\OpenSSH\;C:\Program Files (x86)\NVIDIA Corporation\PhysX\Common;C:\Program Files\NVIDIA Corporation\NVIDIA NvDLISR;C:\Program Files\MySQL\MySQL Server 8.0\bin;C:\Program Files\nodejs\;C:\Program Files\Git\cmd;C:\Program Files\PuTTY\;C:\Program Files\dotnet\;C:\apache-maven-3.9.16-bin\apache-maven-3.9.16\bin;C:\Program Files\Java\jdk-26\bin;D:\gradle-8.14.5\bin;C:\Program Files\MySQL\MySQL Shell 8.0\bin\;D:\anaconda3;D:\anaconda3\Library\mingw-w64\bin;D:\anaconda3\Library\usr\bin;D:\anaconda3\Library\bin;D:\anaconda3\Scripts;C:\Users\Harsh Khatana\AppData\Local\Programs\Python\Python313\Scripts\;C:\Users\Harsh Khatana\AppData\Local\Programs\Python\Python313\;C:\Users\Harsh Khatana\AppData\Local\Programs\Python\Launcher\;C:\Users\Harsh Khatana\AppData\Local\Microsoft\WindowsApps;C:\Users\Harsh Khatana\AppData\Roaming\npm;D:\vs code setup\Microsoft VS Code\bin;;.]
05-Jun-2026 10:06:16.323 INFO [main] org.apache.coyote.AbstractProtocol.init Initializing ProtocolHandler ["http-nio-8080"]
05-Jun-2026 10:06:16.339 INFO [main] org.apache.catalina.startup.Catalina.load Server initialization in [678] milliseconds
05-Jun-2026 10:06:16.392 INFO [main] org.apache.catalina.core.StandardService.startInternal Starting service [Catalina]
05-Jun-2026 10:06:16.392 INFO [main] org.apache.catalina.core.StandardEngine.startInternal Starting Servlet engine: [Apache Tomcat/10.1.55]
05-Jun-2026 10:06:16.406 INFO [main] org.apache.catalina.startup.HostConfig.deployDescriptor Deploying deployment descriptor [D:\JAVA_FULL_STACK\RestAPI\jerseyProject1\src\main\webapp\conf\Catalina\localhost\jerseyProject1.xml]
05-Jun-2026 10:06:20.254 INFO [main] org.apache.jasper.servlet.TldScanner.scanJars At least one JAR was scanned for TLDs yet contained no TLDs. Enable debug logging for this logger for a complete list of JARs that were scanned but no TLDs were found in them. Skipping unneeded JARs during scanning can improve startup time and JSP compilation time.
05-Jun-2026 10:06:24.956 WARNING [main] org.glassfish.jersey.message.internal.MessagingBinders$EnabledProvidersBinder.bindToBinder A class jakarta.activation.DataSource for a default provider MessageBodyWriter<jakarta.activation.DataSource> was not found. The provider is not available.
05-Jun-2026 10:06:25.375 WARNING [main] org.glassfish.jersey.server.wadl.WadlFeature.configure JAX-B API not found . WADL feature is disabled.
05-Jun-2026 10:06:28.521 INFO [main] org.apache.catalina.startup.HostConfig.deployDescriptor Deployment of deployment descriptor [D:\JAVA_FULL_STACK\RestAPI\jerseyProject1\src\main\webapp\conf\Catalina\localhost\jerseyProject1.xml] has finished in [12,111] ms
05-Jun-2026 10:06:28.522 INFO [main] org.apache.catalina.startup.HostConfig.deployDescriptor Deploying deployment descriptor [D:\JAVA_FULL_STACK\RestAPI\jerseyProject1\src\main\webapp\conf\Catalina\localhost\registrationWebApp.xml]
05-Jun-2026 10:06:28.600 INFO [main] org.apache.catalina.startup.HostConfig.deployDescriptor Deployment of deployment descriptor [D:\JAVA_FULL_STACK\RestAPI\jerseyProject1\src\main\webapp\conf\Catalina\localhost\registrationWebApp.xml] has finished in [78] ms
05-Jun-2026 10:06:28.606 INFO [main] org.apache.coyote.AbstractProtocol.start Starting ProtocolHandler ["http-nio-8080"]
05-Jun-2026 10:06:28.633 INFO [main] org.apache.catalina.startup.Catalina.start Server startup in [12291] milliseconds
05-Jun-2026 10:07:35.213 SEVERE [http-nio-8080-exec-8] org.glassfish.jersey.message.internal.WriterInterceptorExecutor$TerminalWriterInterceptor.aroundWriteTo MessageBodyWriter not found for media type=application/xml, type=class com.telusko.Alien, genericType=class com.telusko.Alien.
05-Jun-2026 10:07:50.221 SEVERE [http-nio-8080-exec-9] org.glassfish.jersey.message.internal.WriterInterceptorExecutor$TerminalWriterInterceptor.aroundWriteTo MessageBodyWriter not found for media type=application/xml, type=class com.telusko.Alien, genericType=class com.telusko.Alien.
05-Jun-2026 10:11:51.189 INFO [Thread-1] org.apache.coyote.AbstractProtocol.pause Pausing ProtocolHandler ["http-nio-8080"]
05-Jun-2026 10:11:51.206 INFO [Thread-1] org.apache.catalina.core.StandardService.stopInternal Stopping service [Catalina]
05-Jun-2026 10:11:51.251 INFO [Thread-1] org.apache.coyote.AbstractProtocol.stop Stopping ProtocolHandler ["http-nio-8080"]
05-Jun-2026 10:11:51.260 INFO [Thread-1] org.apache.coyote.AbstractProtocol.destroy Destroying ProtocolHandler ["http-nio-8080"]
05-Jun-2026 10:11:56.217 INFO [main] org.apache.catalina.startup.VersionLoggerListener.log Server version name:   Apache Tomcat/10.1.55
05-Jun-2026 10:11:56.221 INFO [main] org.apache.catalina.startup.VersionLoggerListener.log Server built:          May 5 2026 13:33:02 UTC
05-Jun-2026 10:11:56.221 INFO [main] org.apache.catalina.startup.VersionLoggerListener.log Server version number: 10.1.55.0
05-Jun-2026 10:11:56.221 INFO [main] org.apache.catalina.startup.VersionLoggerListener.log OS Name:               Windows 11
05-Jun-2026 10:11:56.221 INFO [main] org.apache.catalina.startup.VersionLoggerListener.log OS Version:            10.0
05-Jun-2026 10:11:56.221 INFO [main] org.apache.catalina.startup.VersionLoggerListener.log Architecture:          amd64
05-Jun-2026 10:11:56.221 INFO [main] org.apache.catalina.startup.VersionLoggerListener.log Java Home:             C:\Program Files\JetBrains\IntelliJ IDEA 2026.1.2\jbr
05-Jun-2026 10:11:56.222 INFO [main] org.apache.catalina.startup.VersionLoggerListener.log JVM Version:           25.0.2+1-b329.117
05-Jun-2026 10:11:56.222 INFO [main] org.apache.catalina.startup.VersionLoggerListener.log JVM Vendor:            JetBrains s.r.o.
05-Jun-2026 10:11:56.222 INFO [main] org.apache.catalina.startup.VersionLoggerListener.log CATALINA_BASE:         D:\JAVA_FULL_STACK\RestAPI\jerseyProject1\src\main\webapp
05-Jun-2026 10:11:56.222 INFO [main] org.apache.catalina.startup.VersionLoggerListener.log CATALINA_HOME:         C:\Program Files\Apache Software Foundation\Tomcat 10.1
05-Jun-2026 10:11:56.234 INFO [main] org.apache.catalina.startup.VersionLoggerListener.log Command line argument: --add-opens=java.base/java.lang=ALL-UNNAMED
05-Jun-2026 10:11:56.234 INFO [main] org.apache.catalina.startup.VersionLoggerListener.log Command line argument: --add-opens=java.base/java.io=ALL-UNNAMED
05-Jun-2026 10:11:56.234 INFO [main] org.apache.catalina.startup.VersionLoggerListener.log Command line argument: --add-opens=java.base/java.util=ALL-UNNAMED
05-Jun-2026 10:11:56.234 INFO [main] org.apache.catalina.startup.VersionLoggerListener.log Command line argument: --add-opens=java.base/java.util.concurrent=ALL-UNNAMED
05-Jun-2026 10:11:56.234 INFO [main] org.apache.catalina.startup.VersionLoggerListener.log Command line argument: --add-opens=java.rmi/sun.rmi.transport=ALL-UNNAMED
05-Jun-2026 10:11:56.234 INFO [main] org.apache.catalina.startup.VersionLoggerListener.log Command line argument: -Dcatalina.home=C:\Program Files\Apache Software Foundation\Tomcat 10.1
05-Jun-2026 10:11:56.234 INFO [main] org.apache.catalina.startup.VersionLoggerListener.log Command line argument: -Dcatalina.base=D:\JAVA_FULL_STACK\RestAPI\jerseyProject1\src\main\webapp
05-Jun-2026 10:11:56.235 INFO [main] org.apache.catalina.startup.VersionLoggerListener.log Command line argument: -Djava.io.tmpdir=D:\JAVA_FULL_STACK\RestAPI\jerseyProject1\src\main\webapp\temp
05-Jun-2026 10:11:56.235 INFO [main] org.apache.catalina.startup.VersionLoggerListener.log Command line argument: -Djava.util.logging.config.file=D:\JAVA_FULL_STACK\RestAPI\jerseyProject1\src\main\webapp\conf\logging.properties
05-Jun-2026 10:11:56.235 INFO [main] org.apache.catalina.startup.VersionLoggerListener.log Command line argument: -Djava.util.logging.manager=org.apache.juli.ClassLoaderLogManager
05-Jun-2026 10:11:56.235 INFO [main] org.apache.catalina.startup.VersionLoggerListener.log Command line argument: -javaagent:C:\Program Files\JetBrains\IntelliJ IDEA 2026.1.2\lib\idea_rt.jar=51115
05-Jun-2026 10:11:56.235 INFO [main] org.apache.catalina.startup.VersionLoggerListener.log Command line argument: -Dfile.encoding=UTF-8
05-Jun-2026 10:11:56.235 INFO [main] org.apache.catalina.startup.VersionLoggerListener.log Command line argument: -Dsun.stdout.encoding=UTF-8
05-Jun-2026 10:11:56.235 INFO [main] org.apache.catalina.startup.VersionLoggerListener.log Command line argument: -Dsun.stderr.encoding=UTF-8
05-Jun-2026 10:11:56.261 INFO [main] org.apache.catalina.core.AprLifecycleListener.lifecycleEvent The Apache Tomcat Native library which allows using OpenSSL was not found on the java.library.path: [C:\Program Files\JetBrains\IntelliJ IDEA 2026.1.2\jbr\bin;C:\WINDOWS\Sun\Java\bin;C:\WINDOWS\system32;C:\WINDOWS;C:\Program Files\Common Files\Oracle\Java\javapath;C:\WINDOWS\system32;C:\WINDOWS;C:\WINDOWS\System32\Wbem;C:\WINDOWS\System32\WindowsPowerShell\v1.0\;C:\WINDOWS\System32\OpenSSH\;C:\Program Files (x86)\NVIDIA Corporation\PhysX\Common;C:\Program Files\NVIDIA Corporation\NVIDIA NvDLISR;C:\Program Files\MySQL\MySQL Server 8.0\bin;C:\Program Files\nodejs\;C:\Program Files\Git\cmd;C:\Program Files\PuTTY\;C:\Program Files\dotnet\;C:\apache-maven-3.9.16-bin\apache-maven-3.9.16\bin;C:\Program Files\Java\jdk-26\bin;D:\gradle-8.14.5\bin;C:\Program Files\MySQL\MySQL Shell 8.0\bin\;D:\anaconda3;D:\anaconda3\Library\mingw-w64\bin;D:\anaconda3\Library\usr\bin;D:\anaconda3\Library\bin;D:\anaconda3\Scripts;C:\Users\Harsh Khatana\AppData\Local\Programs\Python\Python313\Scripts\;C:\Users\Harsh Khatana\AppData\Local\Programs\Python\Python313\;C:\Users\Harsh Khatana\AppData\Local\Programs\Python\Launcher\;C:\Users\Harsh Khatana\AppData\Local\Microsoft\WindowsApps;C:\Users\Harsh Khatana\AppData\Roaming\npm;D:\vs code setup\Microsoft VS Code\bin;;.]
05-Jun-2026 10:11:56.579 INFO [main] org.apache.coyote.AbstractProtocol.init Initializing ProtocolHandler ["http-nio-8080"]
05-Jun-2026 10:11:56.597 INFO [main] org.apache.catalina.startup.Catalina.load Server initialization in [630] milliseconds
05-Jun-2026 10:11:56.659 INFO [main] org.apache.catalina.core.StandardService.startInternal Starting service [Catalina]
05-Jun-2026 10:11:56.660 INFO [main] org.apache.catalina.core.StandardEngine.startInternal Starting Servlet engine: [Apache Tomcat/10.1.55]
05-Jun-2026 10:11:56.676 INFO [main] org.apache.catalina.startup.HostConfig.deployDescriptor Deploying deployment descriptor [D:\JAVA_FULL_STACK\RestAPI\jerseyProject1\src\main\webapp\conf\Catalina\localhost\jerseyProject1.xml]
05-Jun-2026 10:12:02.396 INFO [main] org.apache.jasper.servlet.TldScanner.scanJars At least one JAR was scanned for TLDs yet contained no TLDs. Enable debug logging for this logger for a complete list of JARs that were scanned but no TLDs were found in them. Skipping unneeded JARs during scanning can improve startup time and JSP compilation time.
05-Jun-2026 10:12:14.880 INFO [main] org.apache.catalina.startup.HostConfig.deployDescriptor Deployment of deployment descriptor [D:\JAVA_FULL_STACK\RestAPI\jerseyProject1\src\main\webapp\conf\Catalina\localhost\jerseyProject1.xml] has finished in [18,199] ms
05-Jun-2026 10:12:14.881 INFO [main] org.apache.catalina.startup.HostConfig.deployDescriptor Deploying deployment descriptor [D:\JAVA_FULL_STACK\RestAPI\jerseyProject1\src\main\webapp\conf\Catalina\localhost\registrationWebApp.xml]
05-Jun-2026 10:12:14.961 INFO [main] org.apache.catalina.startup.HostConfig.deployDescriptor Deployment of deployment descriptor [D:\JAVA_FULL_STACK\RestAPI\jerseyProject1\src\main\webapp\conf\Catalina\localhost\registrationWebApp.xml] has finished in [81] ms
05-Jun-2026 10:12:14.966 INFO [main] org.apache.coyote.AbstractProtocol.start Starting ProtocolHandler ["http-nio-8080"]
05-Jun-2026 10:12:14.994 INFO [main] org.apache.catalina.startup.Catalina.start Server startup in [18394] milliseconds
05-Jun-2026 10:12:15.875 SEVERE [http-nio-8080-exec-1] org.glassfish.jersey.message.internal.WriterInterceptorExecutor$TerminalWriterInterceptor.aroundWriteTo MessageBodyWriter not found for media type=application/xml, type=class com.telusko.Alien, genericType=class com.telusko.Alien.
05-Jun-2026 10:12:19.508 SEVERE [http-nio-8080-exec-2] org.glassfish.jersey.message.internal.WriterInterceptorExecutor$TerminalWriterInterceptor.aroundWriteTo MessageBodyWriter not found for media type=application/xml, type=class com.telusko.Alien, genericType=class com.telusko.Alien.
05-Jun-2026 10:12:21.218 SEVERE [http-nio-8080-exec-3] org.glassfish.jersey.message.internal.WriterInterceptorExecutor$TerminalWriterInterceptor.aroundWriteTo MessageBodyWriter not found for media type=application/xml, type=class com.telusko.Alien, genericType=class com.telusko.Alien.
05-Jun-2026 10:12:22.488 SEVERE [http-nio-8080-exec-4] org.glassfish.jersey.message.internal.WriterInterceptorExecutor$TerminalWriterInterceptor.aroundWriteTo MessageBodyWriter not found for media type=application/xml, type=class com.telusko.Alien, genericType=class com.telusko.Alien.
05-Jun-2026 10:13:18.412 INFO [Thread-1] org.apache.coyote.AbstractProtocol.pause Pausing ProtocolHandler ["http-nio-8080"]
05-Jun-2026 10:13:18.424 INFO [Thread-1] org.apache.catalina.core.StandardService.stopInternal Stopping service [Catalina]
05-Jun-2026 10:13:18.478 INFO [Thread-1] org.apache.coyote.AbstractProtocol.stop Stopping ProtocolHandler ["http-nio-8080"]
05-Jun-2026 10:13:18.486 INFO [Thread-1] org.apache.coyote.AbstractProtocol.destroy Destroying ProtocolHandler ["http-nio-8080"]
05-Jun-2026 10:13:23.324 INFO [main] org.apache.catalina.startup.VersionLoggerListener.log Server version name:   Apache Tomcat/10.1.55
05-Jun-2026 10:13:23.328 INFO [main] org.apache.catalina.startup.VersionLoggerListener.log Server built:          May 5 2026 13:33:02 UTC
05-Jun-2026 10:13:23.329 INFO [main] org.apache.catalina.startup.VersionLoggerListener.log Server version number: 10.1.55.0
05-Jun-2026 10:13:23.329 INFO [main] org.apache.catalina.startup.VersionLoggerListener.log OS Name:               Windows 11
05-Jun-2026 10:13:23.329 INFO [main] org.apache.catalina.startup.VersionLoggerListener.log OS Version:            10.0
05-Jun-2026 10:13:23.329 INFO [main] org.apache.catalina.startup.VersionLoggerListener.log Architecture:          amd64
05-Jun-2026 10:13:23.329 INFO [main] org.apache.catalina.startup.VersionLoggerListener.log Java Home:             C:\Program Files\JetBrains\IntelliJ IDEA 2026.1.2\jbr
05-Jun-2026 10:13:23.330 INFO [main] org.apache.catalina.startup.VersionLoggerListener.log JVM Version:           25.0.2+1-b329.117
05-Jun-2026 10:13:23.330 INFO [main] org.apache.catalina.startup.VersionLoggerListener.log JVM Vendor:            JetBrains s.r.o.
05-Jun-2026 10:13:23.330 INFO [main] org.apache.catalina.startup.VersionLoggerListener.log CATALINA_BASE:         D:\JAVA_FULL_STACK\RestAPI\jerseyProject1\src\main\webapp
05-Jun-2026 10:13:23.330 INFO [main] org.apache.catalina.startup.VersionLoggerListener.log CATALINA_HOME:         C:\Program Files\Apache Software Foundation\Tomcat 10.1
05-Jun-2026 10:13:23.352 INFO [main] org.apache.catalina.startup.VersionLoggerListener.log Command line argument: --add-opens=java.base/java.lang=ALL-UNNAMED
05-Jun-2026 10:13:23.352 INFO [main] org.apache.catalina.startup.VersionLoggerListener.log Command line argument: --add-opens=java.base/java.io=ALL-UNNAMED
05-Jun-2026 10:13:23.353 INFO [main] org.apache.catalina.startup.VersionLoggerListener.log Command line argument: --add-opens=java.base/java.util=ALL-UNNAMED
05-Jun-2026 10:13:23.353 INFO [main] org.apache.catalina.startup.VersionLoggerListener.log Command line argument: --add-opens=java.base/java.util.concurrent=ALL-UNNAMED
05-Jun-2026 10:13:23.353 INFO [main] org.apache.catalina.startup.VersionLoggerListener.log Command line argument: --add-opens=java.rmi/sun.rmi.transport=ALL-UNNAMED
05-Jun-2026 10:13:23.353 INFO [main] org.apache.catalina.startup.VersionLoggerListener.log Command line argument: -Dcatalina.home=C:\Program Files\Apache Software Foundation\Tomcat 10.1
05-Jun-2026 10:13:23.353 INFO [main] org.apache.catalina.startup.VersionLoggerListener.log Command line argument: -Dcatalina.base=D:\JAVA_FULL_STACK\RestAPI\jerseyProject1\src\main\webapp
05-Jun-2026 10:13:23.353 INFO [main] org.apache.catalina.startup.VersionLoggerListener.log Command line argument: -Djava.io.tmpdir=D:\JAVA_FULL_STACK\RestAPI\jerseyProject1\src\main\webapp\temp
05-Jun-2026 10:13:23.353 INFO [main] org.apache.catalina.startup.VersionLoggerListener.log Command line argument: -Djava.util.logging.config.file=D:\JAVA_FULL_STACK\RestAPI\jerseyProject1\src\main\webapp\conf\logging.properties
05-Jun-2026 10:13:23.353 INFO [main] org.apache.catalina.startup.VersionLoggerListener.log Command line argument: -Djava.util.logging.manager=org.apache.juli.ClassLoaderLogManager
05-Jun-2026 10:13:23.353 INFO [main] org.apache.catalina.startup.VersionLoggerListener.log Command line argument: -javaagent:C:\Program Files\JetBrains\IntelliJ IDEA 2026.1.2\lib\idea_rt.jar=63824
05-Jun-2026 10:13:23.353 INFO [main] org.apache.catalina.startup.VersionLoggerListener.log Command line argument: -Dfile.encoding=UTF-8
05-Jun-2026 10:13:23.354 INFO [main] org.apache.catalina.startup.VersionLoggerListener.log Command line argument: -Dsun.stdout.encoding=UTF-8
05-Jun-2026 10:13:23.354 INFO [main] org.apache.catalina.startup.VersionLoggerListener.log Command line argument: -Dsun.stderr.encoding=UTF-8
05-Jun-2026 10:13:23.401 INFO [main] org.apache.catalina.core.AprLifecycleListener.lifecycleEvent The Apache Tomcat Native library which allows using OpenSSL was not found on the java.library.path: [C:\Program Files\JetBrains\IntelliJ IDEA 2026.1.2\jbr\bin;C:\WINDOWS\Sun\Java\bin;C:\WINDOWS\system32;C:\WINDOWS;C:\Program Files\Common Files\Oracle\Java\javapath;C:\WINDOWS\system32;C:\WINDOWS;C:\WINDOWS\System32\Wbem;C:\WINDOWS\System32\WindowsPowerShell\v1.0\;C:\WINDOWS\System32\OpenSSH\;C:\Program Files (x86)\NVIDIA Corporation\PhysX\Common;C:\Program Files\NVIDIA Corporation\NVIDIA NvDLISR;C:\Program Files\MySQL\MySQL Server 8.0\bin;C:\Program Files\nodejs\;C:\Program Files\Git\cmd;C:\Program Files\PuTTY\;C:\Program Files\dotnet\;C:\apache-maven-3.9.16-bin\apache-maven-3.9.16\bin;C:\Program Files\Java\jdk-26\bin;D:\gradle-8.14.5\bin;C:\Program Files\MySQL\MySQL Shell 8.0\bin\;D:\anaconda3;D:\anaconda3\Library\mingw-w64\bin;D:\anaconda3\Library\usr\bin;D:\anaconda3\Library\bin;D:\anaconda3\Scripts;C:\Users\Harsh Khatana\AppData\Local\Programs\Python\Python313\Scripts\;C:\Users\Harsh Khatana\AppData\Local\Programs\Python\Python313\;C:\Users\Harsh Khatana\AppData\Local\Programs\Python\Launcher\;C:\Users\Harsh Khatana\AppData\Local\Microsoft\WindowsApps;C:\Users\Harsh Khatana\AppData\Roaming\npm;D:\vs code setup\Microsoft VS Code\bin;;.]
05-Jun-2026 10:13:23.699 INFO [main] org.apache.coyote.AbstractProtocol.init Initializing ProtocolHandler ["http-nio-8080"]
05-Jun-2026 10:13:23.718 INFO [main] org.apache.catalina.startup.Catalina.load Server initialization in [698] milliseconds
05-Jun-2026 10:13:23.765 INFO [main] org.apache.catalina.core.StandardService.startInternal Starting service [Catalina]
05-Jun-2026 10:13:23.765 INFO [main] org.apache.catalina.core.StandardEngine.startInternal Starting Servlet engine: [Apache Tomcat/10.1.55]
05-Jun-2026 10:13:23.780 INFO [main] org.apache.catalina.startup.HostConfig.deployDescriptor Deploying deployment descriptor [D:\JAVA_FULL_STACK\RestAPI\jerseyProject1\src\main\webapp\conf\Catalina\localhost\jerseyProject1.xml]
05-Jun-2026 10:13:28.344 INFO [main] org.apache.jasper.servlet.TldScanner.scanJars At least one JAR was scanned for TLDs yet contained no TLDs. Enable debug logging for this logger for a complete list of JARs that were scanned but no TLDs were found in them. Skipping unneeded JARs during scanning can improve startup time and JSP compilation time.
05-Jun-2026 10:13:38.819 INFO [main] org.apache.catalina.startup.HostConfig.deployDescriptor Deployment of deployment descriptor [D:\JAVA_FULL_STACK\RestAPI\jerseyProject1\src\main\webapp\conf\Catalina\localhost\jerseyProject1.xml] has finished in [15,035] ms
05-Jun-2026 10:13:38.819 INFO [main] org.apache.catalina.startup.HostConfig.deployDescriptor Deploying deployment descriptor [D:\JAVA_FULL_STACK\RestAPI\jerseyProject1\src\main\webapp\conf\Catalina\localhost\registrationWebApp.xml]
05-Jun-2026 10:13:38.999 INFO [main] org.apache.catalina.startup.HostConfig.deployDescriptor Deployment of deployment descriptor [D:\JAVA_FULL_STACK\RestAPI\jerseyProject1\src\main\webapp\conf\Catalina\localhost\registrationWebApp.xml] has finished in [180] ms
05-Jun-2026 10:13:39.007 INFO [main] org.apache.coyote.AbstractProtocol.start Starting ProtocolHandler ["http-nio-8080"]
05-Jun-2026 10:13:39.050 INFO [main] org.apache.catalina.startup.Catalina.start Server startup in [15331] milliseconds
05-Jun-2026 10:13:57.975 SEVERE [http-nio-8080-exec-6] org.glassfish.jersey.message.internal.WriterInterceptorExecutor$TerminalWriterInterceptor.aroundWriteTo MessageBodyWriter not found for media type=application/xml, type=class com.telusko.Alien, genericType=class com.telusko.Alien.
05-Jun-2026 10:16:12.649 INFO [Thread-1] org.apache.coyote.AbstractProtocol.pause Pausing ProtocolHandler ["http-nio-8080"]
05-Jun-2026 10:16:12.664 INFO [Thread-1] org.apache.catalina.core.StandardService.stopInternal Stopping service [Catalina]
05-Jun-2026 10:16:12.715 INFO [Thread-1] org.apache.coyote.AbstractProtocol.stop Stopping ProtocolHandler ["http-nio-8080"]
05-Jun-2026 10:16:12.718 INFO [Thread-1] org.apache.coyote.AbstractProtocol.destroy Destroying ProtocolHandler ["http-nio-8080"]
05-Jun-2026 10:16:20.110 INFO [main] org.apache.catalina.startup.VersionLoggerListener.log Server version name:   Apache Tomcat/10.1.55
05-Jun-2026 10:16:20.113 INFO [main] org.apache.catalina.startup.VersionLoggerListener.log Server built:          May 5 2026 13:33:02 UTC
05-Jun-2026 10:16:20.113 INFO [main] org.apache.catalina.startup.VersionLoggerListener.log Server version number: 10.1.55.0
05-Jun-2026 10:16:20.113 INFO [main] org.apache.catalina.startup.VersionLoggerListener.log OS Name:               Windows 11
05-Jun-2026 10:16:20.114 INFO [main] org.apache.catalina.startup.VersionLoggerListener.log OS Version:            10.0
05-Jun-2026 10:16:20.114 INFO [main] org.apache.catalina.startup.VersionLoggerListener.log Architecture:          amd64
05-Jun-2026 10:16:20.114 INFO [main] org.apache.catalina.startup.VersionLoggerListener.log Java Home:             C:\Program Files\JetBrains\IntelliJ IDEA 2026.1.2\jbr
05-Jun-2026 10:16:20.114 INFO [main] org.apache.catalina.startup.VersionLoggerListener.log JVM Version:           25.0.2+1-b329.117
05-Jun-2026 10:16:20.114 INFO [main] org.apache.catalina.startup.VersionLoggerListener.log JVM Vendor:            JetBrains s.r.o.
05-Jun-2026 10:16:20.114 INFO [main] org.apache.catalina.startup.VersionLoggerListener.log CATALINA_BASE:         D:\JAVA_FULL_STACK\RestAPI\jerseyProject1\src\main\webapp
05-Jun-2026 10:16:20.114 INFO [main] org.apache.catalina.startup.VersionLoggerListener.log CATALINA_HOME:         C:\Program Files\Apache Software Foundation\Tomcat 10.1
05-Jun-2026 10:16:20.128 INFO [main] org.apache.catalina.startup.VersionLoggerListener.log Command line argument: --add-opens=java.base/java.lang=ALL-UNNAMED
05-Jun-2026 10:16:20.128 INFO [main] org.apache.catalina.startup.VersionLoggerListener.log Command line argument: --add-opens=java.base/java.io=ALL-UNNAMED
05-Jun-2026 10:16:20.128 INFO [main] org.apache.catalina.startup.VersionLoggerListener.log Command line argument: --add-opens=java.base/java.util=ALL-UNNAMED
05-Jun-2026 10:16:20.128 INFO [main] org.apache.catalina.startup.VersionLoggerListener.log Command line argument: --add-opens=java.base/java.util.concurrent=ALL-UNNAMED
05-Jun-2026 10:16:20.128 INFO [main] org.apache.catalina.startup.VersionLoggerListener.log Command line argument: --add-opens=java.rmi/sun.rmi.transport=ALL-UNNAMED
05-Jun-2026 10:16:20.128 INFO [main] org.apache.catalina.startup.VersionLoggerListener.log Command line argument: -Dcatalina.home=C:\Program Files\Apache Software Foundation\Tomcat 10.1
05-Jun-2026 10:16:20.128 INFO [main] org.apache.catalina.startup.VersionLoggerListener.log Command line argument: -Dcatalina.base=D:\JAVA_FULL_STACK\RestAPI\jerseyProject1\src\main\webapp
05-Jun-2026 10:16:20.128 INFO [main] org.apache.catalina.startup.VersionLoggerListener.log Command line argument: -Djava.io.tmpdir=D:\JAVA_FULL_STACK\RestAPI\jerseyProject1\src\main\webapp\temp
05-Jun-2026 10:16:20.128 INFO [main] org.apache.catalina.startup.VersionLoggerListener.log Command line argument: -Djava.util.logging.config.file=D:\JAVA_FULL_STACK\RestAPI\jerseyProject1\src\main\webapp\conf\logging.properties
05-Jun-2026 10:16:20.129 INFO [main] org.apache.catalina.startup.VersionLoggerListener.log Command line argument: -Djava.util.logging.manager=org.apache.juli.ClassLoaderLogManager
05-Jun-2026 10:16:20.129 INFO [main] org.apache.catalina.startup.VersionLoggerListener.log Command line argument: -javaagent:C:\Program Files\JetBrains\IntelliJ IDEA 2026.1.2\lib\idea_rt.jar=58853
05-Jun-2026 10:16:20.129 INFO [main] org.apache.catalina.startup.VersionLoggerListener.log Command line argument: -Dfile.encoding=UTF-8
05-Jun-2026 10:16:20.129 INFO [main] org.apache.catalina.startup.VersionLoggerListener.log Command line argument: -Dsun.stdout.encoding=UTF-8
05-Jun-2026 10:16:20.129 INFO [main] org.apache.catalina.startup.VersionLoggerListener.log Command line argument: -Dsun.stderr.encoding=UTF-8
05-Jun-2026 10:16:20.154 INFO [main] org.apache.catalina.core.AprLifecycleListener.lifecycleEvent The Apache Tomcat Native library which allows using OpenSSL was not found on the java.library.path: [C:\Program Files\JetBrains\IntelliJ IDEA 2026.1.2\jbr\bin;C:\WINDOWS\Sun\Java\bin;C:\WINDOWS\system32;C:\WINDOWS;C:\Program Files\Common Files\Oracle\Java\javapath;C:\WINDOWS\system32;C:\WINDOWS;C:\WINDOWS\System32\Wbem;C:\WINDOWS\System32\WindowsPowerShell\v1.0\;C:\WINDOWS\System32\OpenSSH\;C:\Program Files (x86)\NVIDIA Corporation\PhysX\Common;C:\Program Files\NVIDIA Corporation\NVIDIA NvDLISR;C:\Program Files\MySQL\MySQL Server 8.0\bin;C:\Program Files\nodejs\;C:\Program Files\Git\cmd;C:\Program Files\PuTTY\;C:\Program Files\dotnet\;C:\apache-maven-3.9.16-bin\apache-maven-3.9.16\bin;C:\Program Files\Java\jdk-26\bin;D:\gradle-8.14.5\bin;C:\Program Files\MySQL\MySQL Shell 8.0\bin\;D:\anaconda3;D:\anaconda3\Library\mingw-w64\bin;D:\anaconda3\Library\usr\bin;D:\anaconda3\Library\bin;D:\anaconda3\Scripts;C:\Users\Harsh Khatana\AppData\Local\Programs\Python\Python313\Scripts\;C:\Users\Harsh Khatana\AppData\Local\Programs\Python\Python313\;C:\Users\Harsh Khatana\AppData\Local\Programs\Python\Launcher\;C:\Users\Harsh Khatana\AppData\Local\Microsoft\WindowsApps;C:\Users\Harsh Khatana\AppData\Roaming\npm;D:\vs code setup\Microsoft VS Code\bin;;.]
05-Jun-2026 10:16:20.417 INFO [main] org.apache.coyote.AbstractProtocol.init Initializing ProtocolHandler ["http-nio-8080"]
05-Jun-2026 10:16:20.433 INFO [main] org.apache.catalina.startup.Catalina.load Server initialization in [591] milliseconds
05-Jun-2026 10:16:20.474 INFO [main] org.apache.catalina.core.StandardService.startInternal Starting service [Catalina]
05-Jun-2026 10:16:20.474 INFO [main] org.apache.catalina.core.StandardEngine.startInternal Starting Servlet engine: [Apache Tomcat/10.1.55]
05-Jun-2026 10:16:20.489 INFO [main] org.apache.catalina.startup.HostConfig.deployDescriptor Deploying deployment descriptor [D:\JAVA_FULL_STACK\RestAPI\jerseyProject1\src\main\webapp\conf\Catalina\localhost\jerseyProject1.xml]
05-Jun-2026 10:16:29.960 INFO [main] org.apache.jasper.servlet.TldScanner.scanJars At least one JAR was scanned for TLDs yet contained no TLDs. Enable debug logging for this logger for a complete list of JARs that were scanned but no TLDs were found in them. Skipping unneeded JARs during scanning can improve startup time and JSP compilation time.
05-Jun-2026 10:16:56.017 INFO [main] org.apache.catalina.startup.HostConfig.deployDescriptor Deployment of deployment descriptor [D:\JAVA_FULL_STACK\RestAPI\jerseyProject1\src\main\webapp\conf\Catalina\localhost\jerseyProject1.xml] has finished in [35,519] ms
05-Jun-2026 10:16:56.019 INFO [main] org.apache.catalina.startup.HostConfig.deployDescriptor Deploying deployment descriptor [D:\JAVA_FULL_STACK\RestAPI\jerseyProject1\src\main\webapp\conf\Catalina\localhost\registrationWebApp.xml]
05-Jun-2026 10:16:56.378 INFO [main] org.apache.catalina.startup.HostConfig.deployDescriptor Deployment of deployment descriptor [D:\JAVA_FULL_STACK\RestAPI\jerseyProject1\src\main\webapp\conf\Catalina\localhost\registrationWebApp.xml] has finished in [359] ms
05-Jun-2026 10:16:56.394 INFO [main] org.apache.coyote.AbstractProtocol.start Starting ProtocolHandler ["http-nio-8080"]
05-Jun-2026 10:16:56.519 INFO [main] org.apache.catalina.startup.Catalina.start Server startup in [36084] milliseconds
05-Jun-2026 10:18:57.013 INFO [Thread-1] org.apache.coyote.AbstractProtocol.pause Pausing ProtocolHandler ["http-nio-8080"]
05-Jun-2026 10:18:57.022 INFO [Thread-1] org.apache.catalina.core.StandardService.stopInternal Stopping service [Catalina]
05-Jun-2026 10:18:57.059 INFO [Thread-1] org.apache.coyote.AbstractProtocol.stop Stopping ProtocolHandler ["http-nio-8080"]
05-Jun-2026 10:18:57.070 INFO [Thread-1] org.apache.coyote.AbstractProtocol.destroy Destroying ProtocolHandler ["http-nio-8080"]
05-Jun-2026 10:18:59.846 INFO [main] org.apache.catalina.startup.VersionLoggerListener.log Server version name:   Apache Tomcat/10.1.55
05-Jun-2026 10:18:59.849 INFO [main] org.apache.catalina.startup.VersionLoggerListener.log Server built:          May 5 2026 13:33:02 UTC
05-Jun-2026 10:18:59.849 INFO [main] org.apache.catalina.startup.VersionLoggerListener.log Server version number: 10.1.55.0
05-Jun-2026 10:18:59.849 INFO [main] org.apache.catalina.startup.VersionLoggerListener.log OS Name:               Windows 11
05-Jun-2026 10:18:59.850 INFO [main] org.apache.catalina.startup.VersionLoggerListener.log OS Version:            10.0
05-Jun-2026 10:18:59.850 INFO [main] org.apache.catalina.startup.VersionLoggerListener.log Architecture:          amd64
05-Jun-2026 10:18:59.850 INFO [main] org.apache.catalina.startup.VersionLoggerListener.log Java Home:             C:\Program Files\JetBrains\IntelliJ IDEA 2026.1.2\jbr
05-Jun-2026 10:18:59.850 INFO [main] org.apache.catalina.startup.VersionLoggerListener.log JVM Version:           25.0.2+1-b329.117
05-Jun-2026 10:18:59.850 INFO [main] org.apache.catalina.startup.VersionLoggerListener.log JVM Vendor:            JetBrains s.r.o.
05-Jun-2026 10:18:59.850 INFO [main] org.apache.catalina.startup.VersionLoggerListener.log CATALINA_BASE:         D:\JAVA_FULL_STACK\RestAPI\jerseyProject1\src\main\webapp
05-Jun-2026 10:18:59.850 INFO [main] org.apache.catalina.startup.VersionLoggerListener.log CATALINA_HOME:         C:\Program Files\Apache Software Foundation\Tomcat 10.1
05-Jun-2026 10:18:59.865 INFO [main] org.apache.catalina.startup.VersionLoggerListener.log Command line argument: --add-opens=java.base/java.lang=ALL-UNNAMED
05-Jun-2026 10:18:59.866 INFO [main] org.apache.catalina.startup.VersionLoggerListener.log Command line argument: --add-opens=java.base/java.io=ALL-UNNAMED
05-Jun-2026 10:18:59.866 INFO [main] org.apache.catalina.startup.VersionLoggerListener.log Command line argument: --add-opens=java.base/java.util=ALL-UNNAMED
05-Jun-2026 10:18:59.866 INFO [main] org.apache.catalina.startup.VersionLoggerListener.log Command line argument: --add-opens=java.base/java.util.concurrent=ALL-UNNAMED
05-Jun-2026 10:18:59.866 INFO [main] org.apache.catalina.startup.VersionLoggerListener.log Command line argument: --add-opens=java.rmi/sun.rmi.transport=ALL-UNNAMED
05-Jun-2026 10:18:59.866 INFO [main] org.apache.catalina.startup.VersionLoggerListener.log Command line argument: -Dcatalina.home=C:\Program Files\Apache Software Foundation\Tomcat 10.1
05-Jun-2026 10:18:59.866 INFO [main] org.apache.catalina.startup.VersionLoggerListener.log Command line argument: -Dcatalina.base=D:\JAVA_FULL_STACK\RestAPI\jerseyProject1\src\main\webapp
05-Jun-2026 10:18:59.866 INFO [main] org.apache.catalina.startup.VersionLoggerListener.log Command line argument: -Djava.io.tmpdir=D:\JAVA_FULL_STACK\RestAPI\jerseyProject1\src\main\webapp\temp
05-Jun-2026 10:18:59.866 INFO [main] org.apache.catalina.startup.VersionLoggerListener.log Command line argument: -Djava.util.logging.config.file=D:\JAVA_FULL_STACK\RestAPI\jerseyProject1\src\main\webapp\conf\logging.properties
05-Jun-2026 10:18:59.866 INFO [main] org.apache.catalina.startup.VersionLoggerListener.log Command line argument: -Djava.util.logging.manager=org.apache.juli.ClassLoaderLogManager
05-Jun-2026 10:18:59.866 INFO [main] org.apache.catalina.startup.VersionLoggerListener.log Command line argument: -javaagent:C:\Program Files\JetBrains\IntelliJ IDEA 2026.1.2\lib\idea_rt.jar=51916
05-Jun-2026 10:18:59.866 INFO [main] org.apache.catalina.startup.VersionLoggerListener.log Command line argument: -Dfile.encoding=UTF-8
05-Jun-2026 10:18:59.867 INFO [main] org.apache.catalina.startup.VersionLoggerListener.log Command line argument: -Dsun.stdout.encoding=UTF-8
05-Jun-2026 10:18:59.867 INFO [main] org.apache.catalina.startup.VersionLoggerListener.log Command line argument: -Dsun.stderr.encoding=UTF-8
05-Jun-2026 10:18:59.889 INFO [main] org.apache.catalina.core.AprLifecycleListener.lifecycleEvent The Apache Tomcat Native library which allows using OpenSSL was not found on the java.library.path: [C:\Program Files\JetBrains\IntelliJ IDEA 2026.1.2\jbr\bin;C:\WINDOWS\Sun\Java\bin;C:\WINDOWS\system32;C:\WINDOWS;C:\Program Files\Common Files\Oracle\Java\javapath;C:\WINDOWS\system32;C:\WINDOWS;C:\WINDOWS\System32\Wbem;C:\WINDOWS\System32\WindowsPowerShell\v1.0\;C:\WINDOWS\System32\OpenSSH\;C:\Program Files (x86)\NVIDIA Corporation\PhysX\Common;C:\Program Files\NVIDIA Corporation\NVIDIA NvDLISR;C:\Program Files\MySQL\MySQL Server 8.0\bin;C:\Program Files\nodejs\;C:\Program Files\Git\cmd;C:\Program Files\PuTTY\;C:\Program Files\dotnet\;C:\apache-maven-3.9.16-bin\apache-maven-3.9.16\bin;C:\Program Files\Java\jdk-26\bin;D:\gradle-8.14.5\bin;C:\Program Files\MySQL\MySQL Shell 8.0\bin\;D:\anaconda3;D:\anaconda3\Library\mingw-w64\bin;D:\anaconda3\Library\usr\bin;D:\anaconda3\Library\bin;D:\anaconda3\Scripts;C:\Users\Harsh Khatana\AppData\Local\Programs\Python\Python313\Scripts\;C:\Users\Harsh Khatana\AppData\Local\Programs\Python\Python313\;C:\Users\Harsh Khatana\AppData\Local\Programs\Python\Launcher\;C:\Users\Harsh Khatana\AppData\Local\Microsoft\WindowsApps;C:\Users\Harsh Khatana\AppData\Roaming\npm;D:\vs code setup\Microsoft VS Code\bin;;.]
05-Jun-2026 10:19:00.186 INFO [main] org.apache.coyote.AbstractProtocol.init Initializing ProtocolHandler ["http-nio-8080"]
05-Jun-2026 10:19:00.199 INFO [main] org.apache.catalina.startup.Catalina.load Server initialization in [574] milliseconds
05-Jun-2026 10:19:00.252 INFO [main] org.apache.catalina.core.StandardService.startInternal Starting service [Catalina]
05-Jun-2026 10:19:00.253 INFO [main] org.apache.catalina.core.StandardEngine.startInternal Starting Servlet engine: [Apache Tomcat/10.1.55]
05-Jun-2026 10:19:00.268 INFO [main] org.apache.catalina.startup.HostConfig.deployDescriptor Deploying deployment descriptor [D:\JAVA_FULL_STACK\RestAPI\jerseyProject1\src\main\webapp\conf\Catalina\localhost\jerseyProject1.xml]
05-Jun-2026 10:19:05.135 INFO [main] org.apache.jasper.servlet.TldScanner.scanJars At least one JAR was scanned for TLDs yet contained no TLDs. Enable debug logging for this logger for a complete list of JARs that were scanned but no TLDs were found in them. Skipping unneeded JARs during scanning can improve startup time and JSP compilation time.
05-Jun-2026 10:19:20.844 INFO [main] org.apache.catalina.startup.HostConfig.deployDescriptor Deployment of deployment descriptor [D:\JAVA_FULL_STACK\RestAPI\jerseyProject1\src\main\webapp\conf\Catalina\localhost\jerseyProject1.xml] has finished in [20,571] ms
05-Jun-2026 10:19:20.844 INFO [main] org.apache.catalina.startup.HostConfig.deployDescriptor Deploying deployment descriptor [D:\JAVA_FULL_STACK\RestAPI\jerseyProject1\src\main\webapp\conf\Catalina\localhost\registrationWebApp.xml]
05-Jun-2026 10:19:21.007 INFO [main] org.apache.catalina.startup.HostConfig.deployDescriptor Deployment of deployment descriptor [D:\JAVA_FULL_STACK\RestAPI\jerseyProject1\src\main\webapp\conf\Catalina\localhost\registrationWebApp.xml] has finished in [162] ms
05-Jun-2026 10:19:21.016 INFO [main] org.apache.coyote.AbstractProtocol.start Starting ProtocolHandler ["http-nio-8080"]
05-Jun-2026 10:19:21.083 INFO [main] org.apache.catalina.startup.Catalina.start Server startup in [20882] milliseconds
05-Jun-2026 10:21:13.290 INFO [Thread-1] org.apache.coyote.AbstractProtocol.pause Pausing ProtocolHandler ["http-nio-8080"]
05-Jun-2026 10:21:13.310 INFO [Thread-1] org.apache.catalina.core.StandardService.stopInternal Stopping service [Catalina]
05-Jun-2026 10:21:13.358 INFO [Thread-1] org.apache.coyote.AbstractProtocol.stop Stopping ProtocolHandler ["http-nio-8080"]
05-Jun-2026 10:21:13.369 INFO [Thread-1] org.apache.coyote.AbstractProtocol.destroy Destroying ProtocolHandler ["http-nio-8080"]
05-Jun-2026 10:21:16.037 INFO [main] org.apache.catalina.startup.VersionLoggerListener.log Server version name:   Apache Tomcat/10.1.55
05-Jun-2026 10:21:16.040 INFO [main] org.apache.catalina.startup.VersionLoggerListener.log Server built:          May 5 2026 13:33:02 UTC
05-Jun-2026 10:21:16.041 INFO [main] org.apache.catalina.startup.VersionLoggerListener.log Server version number: 10.1.55.0
05-Jun-2026 10:21:16.041 INFO [main] org.apache.catalina.startup.VersionLoggerListener.log OS Name:               Windows 11
05-Jun-2026 10:21:16.041 INFO [main] org.apache.catalina.startup.VersionLoggerListener.log OS Version:            10.0
05-Jun-2026 10:21:16.041 INFO [main] org.apache.catalina.startup.VersionLoggerListener.log Architecture:          amd64
05-Jun-2026 10:21:16.041 INFO [main] org.apache.catalina.startup.VersionLoggerListener.log Java Home:             C:\Program Files\JetBrains\IntelliJ IDEA 2026.1.2\jbr
05-Jun-2026 10:21:16.041 INFO [main] org.apache.catalina.startup.VersionLoggerListener.log JVM Version:           25.0.2+1-b329.117
05-Jun-2026 10:21:16.042 INFO [main] org.apache.catalina.startup.VersionLoggerListener.log JVM Vendor:            JetBrains s.r.o.
05-Jun-2026 10:21:16.042 INFO [main] org.apache.catalina.startup.VersionLoggerListener.log CATALINA_BASE:         D:\JAVA_FULL_STACK\RestAPI\jerseyProject1\src\main\webapp
05-Jun-2026 10:21:16.042 INFO [main] org.apache.catalina.startup.VersionLoggerListener.log CATALINA_HOME:         C:\Program Files\Apache Software Foundation\Tomcat 10.1
05-Jun-2026 10:21:16.056 INFO [main] org.apache.catalina.startup.VersionLoggerListener.log Command line argument: --add-opens=java.base/java.lang=ALL-UNNAMED
05-Jun-2026 10:21:16.057 INFO [main] org.apache.catalina.startup.VersionLoggerListener.log Command line argument: --add-opens=java.base/java.io=ALL-UNNAMED
05-Jun-2026 10:21:16.057 INFO [main] org.apache.catalina.startup.VersionLoggerListener.log Command line argument: --add-opens=java.base/java.util=ALL-UNNAMED
05-Jun-2026 10:21:16.057 INFO [main] org.apache.catalina.startup.VersionLoggerListener.log Command line argument: --add-opens=java.base/java.util.concurrent=ALL-UNNAMED
05-Jun-2026 10:21:16.057 INFO [main] org.apache.catalina.startup.VersionLoggerListener.log Command line argument: --add-opens=java.rmi/sun.rmi.transport=ALL-UNNAMED
05-Jun-2026 10:21:16.057 INFO [main] org.apache.catalina.startup.VersionLoggerListener.log Command line argument: -Dcatalina.home=C:\Program Files\Apache Software Foundation\Tomcat 10.1
05-Jun-2026 10:21:16.057 INFO [main] org.apache.catalina.startup.VersionLoggerListener.log Command line argument: -Dcatalina.base=D:\JAVA_FULL_STACK\RestAPI\jerseyProject1\src\main\webapp
05-Jun-2026 10:21:16.057 INFO [main] org.apache.catalina.startup.VersionLoggerListener.log Command line argument: -Djava.io.tmpdir=D:\JAVA_FULL_STACK\RestAPI\jerseyProject1\src\main\webapp\temp
05-Jun-2026 10:21:16.057 INFO [main] org.apache.catalina.startup.VersionLoggerListener.log Command line argument: -Djava.util.logging.config.file=D:\JAVA_FULL_STACK\RestAPI\jerseyProject1\src\main\webapp\conf\logging.properties
05-Jun-2026 10:21:16.057 INFO [main] org.apache.catalina.startup.VersionLoggerListener.log Command line argument: -Djava.util.logging.manager=org.apache.juli.ClassLoaderLogManager
05-Jun-2026 10:21:16.057 INFO [main] org.apache.catalina.startup.VersionLoggerListener.log Command line argument: -javaagent:C:\Program Files\JetBrains\IntelliJ IDEA 2026.1.2\lib\idea_rt.jar=64942
05-Jun-2026 10:21:16.057 INFO [main] org.apache.catalina.startup.VersionLoggerListener.log Command line argument: -Dfile.encoding=UTF-8
05-Jun-2026 10:21:16.057 INFO [main] org.apache.catalina.startup.VersionLoggerListener.log Command line argument: -Dsun.stdout.encoding=UTF-8
05-Jun-2026 10:21:16.058 INFO [main] org.apache.catalina.startup.VersionLoggerListener.log Command line argument: -Dsun.stderr.encoding=UTF-8
05-Jun-2026 10:21:16.081 INFO [main] org.apache.catalina.core.AprLifecycleListener.lifecycleEvent The Apache Tomcat Native library which allows using OpenSSL was not found on the java.library.path: [C:\Program Files\JetBrains\IntelliJ IDEA 2026.1.2\jbr\bin;C:\WINDOWS\Sun\Java\bin;C:\WINDOWS\system32;C:\WINDOWS;C:\Program Files\Common Files\Oracle\Java\javapath;C:\WINDOWS\system32;C:\WINDOWS;C:\WINDOWS\System32\Wbem;C:\WINDOWS\System32\WindowsPowerShell\v1.0\;C:\WINDOWS\System32\OpenSSH\;C:\Program Files (x86)\NVIDIA Corporation\PhysX\Common;C:\Program Files\NVIDIA Corporation\NVIDIA NvDLISR;C:\Program Files\MySQL\MySQL Server 8.0\bin;C:\Program Files\nodejs\;C:\Program Files\Git\cmd;C:\Program Files\PuTTY\;C:\Program Files\dotnet\;C:\apache-maven-3.9.16-bin\apache-maven-3.9.16\bin;C:\Program Files\Java\jdk-26\bin;D:\gradle-8.14.5\bin;C:\Program Files\MySQL\MySQL Shell 8.0\bin\;D:\anaconda3;D:\anaconda3\Library\mingw-w64\bin;D:\anaconda3\Library\usr\bin;D:\anaconda3\Library\bin;D:\anaconda3\Scripts;C:\Users\Harsh Khatana\AppData\Local\Programs\Python\Python313\Scripts\;C:\Users\Harsh Khatana\AppData\Local\Programs\Python\Python313\;C:\Users\Harsh Khatana\AppData\Local\Programs\Python\Launcher\;C:\Users\Harsh Khatana\AppData\Local\Microsoft\WindowsApps;C:\Users\Harsh Khatana\AppData\Roaming\npm;D:\vs code setup\Microsoft VS Code\bin;;.]
05-Jun-2026 10:21:16.380 INFO [main] org.apache.coyote.AbstractProtocol.init Initializing ProtocolHandler ["http-nio-8080"]
05-Jun-2026 10:21:16.395 INFO [main] org.apache.catalina.startup.Catalina.load Server initialization in [588] milliseconds
05-Jun-2026 10:21:16.450 INFO [main] org.apache.catalina.core.StandardService.startInternal Starting service [Catalina]
05-Jun-2026 10:21:16.450 INFO [main] org.apache.catalina.core.StandardEngine.startInternal Starting Servlet engine: [Apache Tomcat/10.1.55]
05-Jun-2026 10:21:16.464 INFO [main] org.apache.catalina.startup.HostConfig.deployDescriptor Deploying deployment descriptor [D:\JAVA_FULL_STACK\RestAPI\jerseyProject1\src\main\webapp\conf\Catalina\localhost\jerseyProject1.xml]
05-Jun-2026 10:21:21.368 INFO [main] org.apache.jasper.servlet.TldScanner.scanJars At least one JAR was scanned for TLDs yet contained no TLDs. Enable debug logging for this logger for a complete list of JARs that were scanned but no TLDs were found in them. Skipping unneeded JARs during scanning can improve startup time and JSP compilation time.
05-Jun-2026 10:21:32.289 INFO [main] org.apache.catalina.startup.HostConfig.deployDescriptor Deployment of deployment descriptor [D:\JAVA_FULL_STACK\RestAPI\jerseyProject1\src\main\webapp\conf\Catalina\localhost\jerseyProject1.xml] has finished in [15,822] ms
05-Jun-2026 10:21:32.289 INFO [main] org.apache.catalina.startup.HostConfig.deployDescriptor Deploying deployment descriptor [D:\JAVA_FULL_STACK\RestAPI\jerseyProject1\src\main\webapp\conf\Catalina\localhost\registrationWebApp.xml]
05-Jun-2026 10:21:32.361 INFO [main] org.apache.catalina.startup.HostConfig.deployDescriptor Deployment of deployment descriptor [D:\JAVA_FULL_STACK\RestAPI\jerseyProject1\src\main\webapp\conf\Catalina\localhost\registrationWebApp.xml] has finished in [72] ms
05-Jun-2026 10:21:32.366 INFO [main] org.apache.coyote.AbstractProtocol.start Starting ProtocolHandler ["http-nio-8080"]
05-Jun-2026 10:21:32.402 INFO [main] org.apache.catalina.startup.Catalina.start Server startup in [16005] milliseconds
05-Jun-2026 10:24:11.010 INFO [Thread-1] org.apache.coyote.AbstractProtocol.pause Pausing ProtocolHandler ["http-nio-8080"]
05-Jun-2026 10:24:11.046 INFO [Thread-1] org.apache.catalina.core.StandardService.stopInternal Stopping service [Catalina]
05-Jun-2026 10:24:11.082 INFO [Thread-1] org.apache.coyote.AbstractProtocol.stop Stopping ProtocolHandler ["http-nio-8080"]
05-Jun-2026 10:24:11.094 INFO [Thread-1] org.apache.coyote.AbstractProtocol.destroy Destroying ProtocolHandler ["http-nio-8080"]
05-Jun-2026 10:42:50.593 INFO [main] org.apache.catalina.startup.VersionLoggerListener.log Server version name:   Apache Tomcat/10.1.55
05-Jun-2026 10:42:50.595 INFO [main] org.apache.catalina.startup.VersionLoggerListener.log Server built:          May 5 2026 13:33:02 UTC
05-Jun-2026 10:42:50.596 INFO [main] org.apache.catalina.startup.VersionLoggerListener.log Server version number: 10.1.55.0
05-Jun-2026 10:42:50.596 INFO [main] org.apache.catalina.startup.VersionLoggerListener.log OS Name:               Windows 11
05-Jun-2026 10:42:50.596 INFO [main] org.apache.catalina.startup.VersionLoggerListener.log OS Version:            10.0
05-Jun-2026 10:42:50.596 INFO [main] org.apache.catalina.startup.VersionLoggerListener.log Architecture:          amd64
05-Jun-2026 10:42:50.596 INFO [main] org.apache.catalina.startup.VersionLoggerListener.log Java Home:             C:\Program Files\JetBrains\IntelliJ IDEA 2026.1.2\jbr
05-Jun-2026 10:42:50.596 INFO [main] org.apache.catalina.startup.VersionLoggerListener.log JVM Version:           25.0.2+1-b329.117
05-Jun-2026 10:42:50.596 INFO [main] org.apache.catalina.startup.VersionLoggerListener.log JVM Vendor:            JetBrains s.r.o.
05-Jun-2026 10:42:50.596 INFO [main] org.apache.catalina.startup.VersionLoggerListener.log CATALINA_BASE:         D:\JAVA_FULL_STACK\RestAPI\jerseyProject1\src\main\webapp
05-Jun-2026 10:42:50.596 INFO [main] org.apache.catalina.startup.VersionLoggerListener.log CATALINA_HOME:         C:\Program Files\Apache Software Foundation\Tomcat 10.1
05-Jun-2026 10:42:50.608 INFO [main] org.apache.catalina.startup.VersionLoggerListener.log Command line argument: --add-opens=java.base/java.lang=ALL-UNNAMED
05-Jun-2026 10:42:50.608 INFO [main] org.apache.catalina.startup.VersionLoggerListener.log Command line argument: --add-opens=java.base/java.io=ALL-UNNAMED
05-Jun-2026 10:42:50.608 INFO [main] org.apache.catalina.startup.VersionLoggerListener.log Command line argument: --add-opens=java.base/java.util=ALL-UNNAMED
05-Jun-2026 10:42:50.608 INFO [main] org.apache.catalina.startup.VersionLoggerListener.log Command line argument: --add-opens=java.base/java.util.concurrent=ALL-UNNAMED
05-Jun-2026 10:42:50.608 INFO [main] org.apache.catalina.startup.VersionLoggerListener.log Command line argument: --add-opens=java.rmi/sun.rmi.transport=ALL-UNNAMED
05-Jun-2026 10:42:50.608 INFO [main] org.apache.catalina.startup.VersionLoggerListener.log Command line argument: -Dcatalina.home=C:\Program Files\Apache Software Foundation\Tomcat 10.1
05-Jun-2026 10:42:50.608 INFO [main] org.apache.catalina.startup.VersionLoggerListener.log Command line argument: -Dcatalina.base=D:\JAVA_FULL_STACK\RestAPI\jerseyProject1\src\main\webapp
05-Jun-2026 10:42:50.609 INFO [main] org.apache.catalina.startup.VersionLoggerListener.log Command line argument: -Djava.io.tmpdir=D:\JAVA_FULL_STACK\RestAPI\jerseyProject1\src\main\webapp\temp
05-Jun-2026 10:42:50.609 INFO [main] org.apache.catalina.startup.VersionLoggerListener.log Command line argument: -Djava.util.logging.config.file=D:\JAVA_FULL_STACK\RestAPI\jerseyProject1\src\main\webapp\conf\logging.properties
05-Jun-2026 10:42:50.609 INFO [main] org.apache.catalina.startup.VersionLoggerListener.log Command line argument: -Djava.util.logging.manager=org.apache.juli.ClassLoaderLogManager
05-Jun-2026 10:42:50.609 INFO [main] org.apache.catalina.startup.VersionLoggerListener.log Command line argument: -javaagent:C:\Program Files\JetBrains\IntelliJ IDEA 2026.1.2\lib\idea_rt.jar=62072
05-Jun-2026 10:42:50.609 INFO [main] org.apache.catalina.startup.VersionLoggerListener.log Command line argument: -Dfile.encoding=UTF-8
05-Jun-2026 10:42:50.609 INFO [main] org.apache.catalina.startup.VersionLoggerListener.log Command line argument: -Dsun.stdout.encoding=UTF-8
05-Jun-2026 10:42:50.609 INFO [main] org.apache.catalina.startup.VersionLoggerListener.log Command line argument: -Dsun.stderr.encoding=UTF-8
05-Jun-2026 10:42:50.633 INFO [main] org.apache.catalina.core.AprLifecycleListener.lifecycleEvent The Apache Tomcat Native library which allows using OpenSSL was not found on the java.library.path: [C:\Program Files\JetBrains\IntelliJ IDEA 2026.1.2\jbr\bin;C:\WINDOWS\Sun\Java\bin;C:\WINDOWS\system32;C:\WINDOWS;C:\Program Files\Common Files\Oracle\Java\javapath;C:\WINDOWS\system32;C:\WINDOWS;C:\WINDOWS\System32\Wbem;C:\WINDOWS\System32\WindowsPowerShell\v1.0\;C:\WINDOWS\System32\OpenSSH\;C:\Program Files (x86)\NVIDIA Corporation\PhysX\Common;C:\Program Files\NVIDIA Corporation\NVIDIA NvDLISR;C:\Program Files\MySQL\MySQL Server 8.0\bin;C:\Program Files\nodejs\;C:\Program Files\Git\cmd;C:\Program Files\PuTTY\;C:\Program Files\dotnet\;C:\apache-maven-3.9.16-bin\apache-maven-3.9.16\bin;C:\Program Files\Java\jdk-26\bin;D:\gradle-8.14.5\bin;C:\Program Files\MySQL\MySQL Shell 8.0\bin\;D:\anaconda3;D:\anaconda3\Library\mingw-w64\bin;D:\anaconda3\Library\usr\bin;D:\anaconda3\Library\bin;D:\anaconda3\Scripts;C:\Users\Harsh Khatana\AppData\Local\Programs\Python\Python313\Scripts\;C:\Users\Harsh Khatana\AppData\Local\Programs\Python\Python313\;C:\Users\Harsh Khatana\AppData\Local\Programs\Python\Launcher\;C:\Users\Harsh Khatana\AppData\Local\Microsoft\WindowsApps;C:\Users\Harsh Khatana\AppData\Roaming\npm;D:\vs code setup\Microsoft VS Code\bin;;.]
05-Jun-2026 10:42:50.935 INFO [main] org.apache.coyote.AbstractProtocol.init Initializing ProtocolHandler ["http-nio-8080"]
05-Jun-2026 10:42:50.952 INFO [main] org.apache.catalina.startup.Catalina.load Server initialization in [592] milliseconds
05-Jun-2026 10:42:51.008 INFO [main] org.apache.catalina.core.StandardService.startInternal Starting service [Catalina]
05-Jun-2026 10:42:51.008 INFO [main] org.apache.catalina.core.StandardEngine.startInternal Starting Servlet engine: [Apache Tomcat/10.1.55]
05-Jun-2026 10:42:51.021 INFO [main] org.apache.catalina.startup.HostConfig.deployDescriptor Deploying deployment descriptor [D:\JAVA_FULL_STACK\RestAPI\jerseyProject1\src\main\webapp\conf\Catalina\localhost\jerseyProject1.xml]
05-Jun-2026 10:42:56.634 INFO [main] org.apache.jasper.servlet.TldScanner.scanJars At least one JAR was scanned for TLDs yet contained no TLDs. Enable debug logging for this logger for a complete list of JARs that were scanned but no TLDs were found in them. Skipping unneeded JARs during scanning can improve startup time and JSP compilation time.
05-Jun-2026 10:43:09.466 INFO [main] org.apache.catalina.startup.HostConfig.deployDescriptor Deployment of deployment descriptor [D:\JAVA_FULL_STACK\RestAPI\jerseyProject1\src\main\webapp\conf\Catalina\localhost\jerseyProject1.xml] has finished in [18,440] ms
05-Jun-2026 10:43:09.466 INFO [main] org.apache.catalina.startup.HostConfig.deployDescriptor Deploying deployment descriptor [D:\JAVA_FULL_STACK\RestAPI\jerseyProject1\src\main\webapp\conf\Catalina\localhost\registrationWebApp.xml]
05-Jun-2026 10:43:09.553 INFO [main] org.apache.catalina.startup.HostConfig.deployDescriptor Deployment of deployment descriptor [D:\JAVA_FULL_STACK\RestAPI\jerseyProject1\src\main\webapp\conf\Catalina\localhost\registrationWebApp.xml] has finished in [87] ms
05-Jun-2026 10:43:09.559 INFO [main] org.apache.coyote.AbstractProtocol.start Starting ProtocolHandler ["http-nio-8080"]
05-Jun-2026 10:43:09.602 INFO [main] org.apache.catalina.startup.Catalina.start Server startup in [18648] milliseconds
05-Jun-2026 10:47:44.455 INFO [Thread-1] org.apache.coyote.AbstractProtocol.pause Pausing ProtocolHandler ["http-nio-8080"]
05-Jun-2026 10:47:44.478 INFO [Thread-1] org.apache.catalina.core.StandardService.stopInternal Stopping service [Catalina]
05-Jun-2026 10:47:44.523 INFO [Thread-1] org.apache.coyote.AbstractProtocol.stop Stopping ProtocolHandler ["http-nio-8080"]
05-Jun-2026 10:47:44.535 INFO [Thread-1] org.apache.coyote.AbstractProtocol.destroy Destroying ProtocolHandler ["http-nio-8080"]
05-Jun-2026 10:47:47.445 INFO [main] org.apache.catalina.startup.VersionLoggerListener.log Server version name:   Apache Tomcat/10.1.55
05-Jun-2026 10:47:47.447 INFO [main] org.apache.catalina.startup.VersionLoggerListener.log Server built:          May 5 2026 13:33:02 UTC
05-Jun-2026 10:47:47.447 INFO [main] org.apache.catalina.startup.VersionLoggerListener.log Server version number: 10.1.55.0
05-Jun-2026 10:47:47.447 INFO [main] org.apache.catalina.startup.VersionLoggerListener.log OS Name:               Windows 11
05-Jun-2026 10:47:47.447 INFO [main] org.apache.catalina.startup.VersionLoggerListener.log OS Version:            10.0
05-Jun-2026 10:47:47.447 INFO [main] org.apache.catalina.startup.VersionLoggerListener.log Architecture:          amd64
05-Jun-2026 10:47:47.447 INFO [main] org.apache.catalina.startup.VersionLoggerListener.log Java Home:             C:\Program Files\JetBrains\IntelliJ IDEA 2026.1.2\jbr
05-Jun-2026 10:47:47.448 INFO [main] org.apache.catalina.startup.VersionLoggerListener.log JVM Version:           25.0.2+1-b329.117
05-Jun-2026 10:47:47.448 INFO [main] org.apache.catalina.startup.VersionLoggerListener.log JVM Vendor:            JetBrains s.r.o.
05-Jun-2026 10:47:47.448 INFO [main] org.apache.catalina.startup.VersionLoggerListener.log CATALINA_BASE:         D:\JAVA_FULL_STACK\RestAPI\jerseyProject1\src\main\webapp
05-Jun-2026 10:47:47.448 INFO [main] org.apache.catalina.startup.VersionLoggerListener.log CATALINA_HOME:         C:\Program Files\Apache Software Foundation\Tomcat 10.1
05-Jun-2026 10:47:47.460 INFO [main] org.apache.catalina.startup.VersionLoggerListener.log Command line argument: --add-opens=java.base/java.lang=ALL-UNNAMED
05-Jun-2026 10:47:47.460 INFO [main] org.apache.catalina.startup.VersionLoggerListener.log Command line argument: --add-opens=java.base/java.io=ALL-UNNAMED
05-Jun-2026 10:47:47.460 INFO [main] org.apache.catalina.startup.VersionLoggerListener.log Command line argument: --add-opens=java.base/java.util=ALL-UNNAMED
05-Jun-2026 10:47:47.460 INFO [main] org.apache.catalina.startup.VersionLoggerListener.log Command line argument: --add-opens=java.base/java.util.concurrent=ALL-UNNAMED
05-Jun-2026 10:47:47.460 INFO [main] org.apache.catalina.startup.VersionLoggerListener.log Command line argument: --add-opens=java.rmi/sun.rmi.transport=ALL-UNNAMED
05-Jun-2026 10:47:47.460 INFO [main] org.apache.catalina.startup.VersionLoggerListener.log Command line argument: -Dcatalina.home=C:\Program Files\Apache Software Foundation\Tomcat 10.1
05-Jun-2026 10:47:47.461 INFO [main] org.apache.catalina.startup.VersionLoggerListener.log Command line argument: -Dcatalina.base=D:\JAVA_FULL_STACK\RestAPI\jerseyProject1\src\main\webapp
05-Jun-2026 10:47:47.461 INFO [main] org.apache.catalina.startup.VersionLoggerListener.log Command line argument: -Djava.io.tmpdir=D:\JAVA_FULL_STACK\RestAPI\jerseyProject1\src\main\webapp\temp
05-Jun-2026 10:47:47.461 INFO [main] org.apache.catalina.startup.VersionLoggerListener.log Command line argument: -Djava.util.logging.config.file=D:\JAVA_FULL_STACK\RestAPI\jerseyProject1\src\main\webapp\conf\logging.properties
05-Jun-2026 10:47:47.461 INFO [main] org.apache.catalina.startup.VersionLoggerListener.log Command line argument: -Djava.util.logging.manager=org.apache.juli.ClassLoaderLogManager
05-Jun-2026 10:47:47.461 INFO [main] org.apache.catalina.startup.VersionLoggerListener.log Command line argument: -javaagent:C:\Program Files\JetBrains\IntelliJ IDEA 2026.1.2\lib\idea_rt.jar=62239
05-Jun-2026 10:47:47.461 INFO [main] org.apache.catalina.startup.VersionLoggerListener.log Command line argument: -Dfile.encoding=UTF-8
05-Jun-2026 10:47:47.461 INFO [main] org.apache.catalina.startup.VersionLoggerListener.log Command line argument: -Dsun.stdout.encoding=UTF-8
05-Jun-2026 10:47:47.461 INFO [main] org.apache.catalina.startup.VersionLoggerListener.log Command line argument: -Dsun.stderr.encoding=UTF-8
05-Jun-2026 10:47:47.484 INFO [main] org.apache.catalina.core.AprLifecycleListener.lifecycleEvent The Apache Tomcat Native library which allows using OpenSSL was not found on the java.library.path: [C:\Program Files\JetBrains\IntelliJ IDEA 2026.1.2\jbr\bin;C:\WINDOWS\Sun\Java\bin;C:\WINDOWS\system32;C:\WINDOWS;C:\Program Files\Common Files\Oracle\Java\javapath;C:\WINDOWS\system32;C:\WINDOWS;C:\WINDOWS\System32\Wbem;C:\WINDOWS\System32\WindowsPowerShell\v1.0\;C:\WINDOWS\System32\OpenSSH\;C:\Program Files (x86)\NVIDIA Corporation\PhysX\Common;C:\Program Files\NVIDIA Corporation\NVIDIA NvDLISR;C:\Program Files\MySQL\MySQL Server 8.0\bin;C:\Program Files\nodejs\;C:\Program Files\Git\cmd;C:\Program Files\PuTTY\;C:\Program Files\dotnet\;C:\apache-maven-3.9.16-bin\apache-maven-3.9.16\bin;C:\Program Files\Java\jdk-26\bin;D:\gradle-8.14.5\bin;C:\Program Files\MySQL\MySQL Shell 8.0\bin\;D:\anaconda3;D:\anaconda3\Library\mingw-w64\bin;D:\anaconda3\Library\usr\bin;D:\anaconda3\Library\bin;D:\anaconda3\Scripts;C:\Users\Harsh Khatana\AppData\Local\Programs\Python\Python313\Scripts\;C:\Users\Harsh Khatana\AppData\Local\Programs\Python\Python313\;C:\Users\Harsh Khatana\AppData\Local\Programs\Python\Launcher\;C:\Users\Harsh Khatana\AppData\Local\Microsoft\WindowsApps;C:\Users\Harsh Khatana\AppData\Roaming\npm;D:\vs code setup\Microsoft VS Code\bin;;.]
05-Jun-2026 10:47:47.792 INFO [main] org.apache.coyote.AbstractProtocol.init Initializing ProtocolHandler ["http-nio-8080"]
05-Jun-2026 10:47:47.807 INFO [main] org.apache.catalina.startup.Catalina.load Server initialization in [580] milliseconds
05-Jun-2026 10:47:47.855 INFO [main] org.apache.catalina.core.StandardService.startInternal Starting service [Catalina]
05-Jun-2026 10:47:47.856 INFO [main] org.apache.catalina.core.StandardEngine.startInternal Starting Servlet engine: [Apache Tomcat/10.1.55]
05-Jun-2026 10:47:47.873 INFO [main] org.apache.catalina.startup.HostConfig.deployDescriptor Deploying deployment descriptor [D:\JAVA_FULL_STACK\RestAPI\jerseyProject1\src\main\webapp\conf\Catalina\localhost\jerseyProject1.xml]
05-Jun-2026 10:47:52.705 INFO [main] org.apache.jasper.servlet.TldScanner.scanJars At least one JAR was scanned for TLDs yet contained no TLDs. Enable debug logging for this logger for a complete list of JARs that were scanned but no TLDs were found in them. Skipping unneeded JARs during scanning can improve startup time and JSP compilation time.
05-Jun-2026 10:48:07.586 INFO [main] org.apache.catalina.startup.HostConfig.deployDescriptor Deployment of deployment descriptor [D:\JAVA_FULL_STACK\RestAPI\jerseyProject1\src\main\webapp\conf\Catalina\localhost\jerseyProject1.xml] has finished in [19,711] ms
05-Jun-2026 10:48:07.587 INFO [main] org.apache.catalina.startup.HostConfig.deployDescriptor Deploying deployment descriptor [D:\JAVA_FULL_STACK\RestAPI\jerseyProject1\src\main\webapp\conf\Catalina\localhost\registrationWebApp.xml]
05-Jun-2026 10:48:07.662 INFO [main] org.apache.catalina.startup.HostConfig.deployDescriptor Deployment of deployment descriptor [D:\JAVA_FULL_STACK\RestAPI\jerseyProject1\src\main\webapp\conf\Catalina\localhost\registrationWebApp.xml] has finished in [75] ms
05-Jun-2026 10:48:07.667 INFO [main] org.apache.coyote.AbstractProtocol.start Starting ProtocolHandler ["http-nio-8080"]
05-Jun-2026 10:48:07.704 INFO [main] org.apache.catalina.startup.Catalina.start Server startup in [19895] milliseconds
05-Jun-2026 10:48:13.980 WARNING [http-nio-8080-exec-6] org.glassfish.jersey.server.ServerRuntime$Responder.process An exception mapping did not successfully produce and processed a response. Logging the exception propagated to the default exception mapper.
	java.lang.NullPointerException: Cannot invoke "com.telusko.AlienRepository.getAlienList()" because "this.alienRepository" is null
		at com.telusko.AlienResources.getAlien(AlienResources.java:26)
		at java.base/jdk.internal.reflect.DirectMethodHandleAccessor.invoke(DirectMethodHandleAccessor.java:104)
		at java.base/java.lang.reflect.Method.invoke(Method.java:565)
		at org.glassfish.jersey.server.model.internal.ResourceMethodInvocationHandlerFactory.lambda$static$0(ResourceMethodInvocationHandlerFactory.java:52)
		at org.glassfish.jersey.server.model.internal.AbstractJavaResourceMethodDispatcher$1.run(AbstractJavaResourceMethodDispatcher.java:146)
		at org.glassfish.jersey.server.model.internal.AbstractJavaResourceMethodDispatcher.invoke(AbstractJavaResourceMethodDispatcher.java:189)
		at org.glassfish.jersey.server.model.internal.JavaResourceMethodDispatcherProvider$TypeOutInvoker.doDispatch(JavaResourceMethodDispatcherProvider.java:219)
		at org.glassfish.jersey.server.model.internal.AbstractJavaResourceMethodDispatcher.dispatch(AbstractJavaResourceMethodDispatcher.java:93)
		at org.glassfish.jersey.server.model.ResourceMethodInvoker.invoke(ResourceMethodInvoker.java:478)
		at org.glassfish.jersey.server.model.ResourceMethodInvoker.apply(ResourceMethodInvoker.java:400)
		at org.glassfish.jersey.server.model.ResourceMethodInvoker.apply(ResourceMethodInvoker.java:81)
		at org.glassfish.jersey.server.ServerRuntime$1.run(ServerRuntime.java:263)
		at org.glassfish.jersey.internal.Errors$1.call(Errors.java:248)
		at org.glassfish.jersey.internal.Errors$1.call(Errors.java:244)
		at org.glassfish.jersey.internal.Errors.process(Errors.java:292)
		at org.glassfish.jersey.internal.Errors.process(Errors.java:274)
		at org.glassfish.jersey.internal.Errors.process(Errors.java:244)
		at org.glassfish.jersey.process.internal.RequestScope.runInScope(RequestScope.java:266)
		at org.glassfish.jersey.server.ServerRuntime.process(ServerRuntime.java:242)
		at org.glassfish.jersey.server.ApplicationHandler.handle(ApplicationHandler.java:697)
		at org.glassfish.jersey.servlet.WebComponent.serviceImpl(WebComponent.java:394)
		at org.glassfish.jersey.servlet.WebComponent.service(WebComponent.java:346)
		at org.glassfish.jersey.servlet.ServletContainer.service(ServletContainer.java:358)
		at org.glassfish.jersey.servlet.ServletContainer.service(ServletContainer.java:312)
		at org.glassfish.jersey.servlet.ServletContainer.service(ServletContainer.java:205)
		at org.apache.catalina.core.ApplicationFilterChain.internalDoFilter(ApplicationFilterChain.java:193)
		at org.apache.catalina.core.ApplicationFilterChain.doFilter(ApplicationFilterChain.java:138)
		at org.apache.tomcat.websocket.server.WsFilter.doFilter(WsFilter.java:51)
		at org.apache.catalina.core.ApplicationFilterChain.internalDoFilter(ApplicationFilterChain.java:162)
		at org.apache.catalina.core.ApplicationFilterChain.doFilter(ApplicationFilterChain.java:138)
		at org.apache.catalina.core.StandardWrapperValve.invoke(StandardWrapperValve.java:165)
		at org.apache.catalina.core.StandardContextValve.invoke(StandardContextValve.java:88)
		at org.apache.catalina.authenticator.AuthenticatorBase.invoke(AuthenticatorBase.java:492)
		at org.apache.catalina.core.StandardHostValve.invoke(StandardHostValve.java:113)
		at org.apache.catalina.valves.ErrorReportValve.invoke(ErrorReportValve.java:83)
		at org.apache.catalina.valves.AbstractAccessLogValve.invoke(AbstractAccessLogValve.java:782)
		at org.apache.catalina.core.StandardEngineValve.invoke(StandardEngineValve.java:72)
		at org.apache.catalina.connector.CoyoteAdapter.service(CoyoteAdapter.java:342)
		at org.apache.coyote.http11.Http11Processor.service(Http11Processor.java:399)
		at org.apache.coyote.AbstractProcessorLight.process(AbstractProcessorLight.java:63)
		at org.apache.coyote.AbstractProtocol$ConnectionHandler.process(AbstractProtocol.java:1272)
		at org.apache.tomcat.util.net.NioEndpoint$SocketProcessor.doRun(NioEndpoint.java:1797)
		at org.apache.tomcat.util.net.SocketProcessorBase.run(SocketProcessorBase.java:52)
		at org.apache.tomcat.util.threads.ThreadPoolExecutor.runWorker(ThreadPoolExecutor.java:973)
		at org.apache.tomcat.util.threads.ThreadPoolExecutor$Worker.run(ThreadPoolExecutor.java:491)
		at org.apache.tomcat.util.threads.TaskThread$WrappingRunnable.run(TaskThread.java:63)
		at java.base/java.lang.Thread.run(Thread.java:1474)
05-Jun-2026 10:49:56.558 INFO [Thread-1] org.apache.coyote.AbstractProtocol.pause Pausing ProtocolHandler ["http-nio-8080"]
05-Jun-2026 10:49:56.570 INFO [Thread-1] org.apache.catalina.core.StandardService.stopInternal Stopping service [Catalina]
05-Jun-2026 10:49:56.602 INFO [Thread-1] org.apache.coyote.AbstractProtocol.stop Stopping ProtocolHandler ["http-nio-8080"]
05-Jun-2026 10:49:56.617 INFO [Thread-1] org.apache.coyote.AbstractProtocol.destroy Destroying ProtocolHandler ["http-nio-8080"]
05-Jun-2026 10:49:59.128 INFO [main] org.apache.catalina.startup.VersionLoggerListener.log Server version name:   Apache Tomcat/10.1.55
05-Jun-2026 10:49:59.132 INFO [main] org.apache.catalina.startup.VersionLoggerListener.log Server built:          May 5 2026 13:33:02 UTC
05-Jun-2026 10:49:59.132 INFO [main] org.apache.catalina.startup.VersionLoggerListener.log Server version number: 10.1.55.0
05-Jun-2026 10:49:59.132 INFO [main] org.apache.catalina.startup.VersionLoggerListener.log OS Name:               Windows 11
05-Jun-2026 10:49:59.132 INFO [main] org.apache.catalina.startup.VersionLoggerListener.log OS Version:            10.0
05-Jun-2026 10:49:59.132 INFO [main] org.apache.catalina.startup.VersionLoggerListener.log Architecture:          amd64
05-Jun-2026 10:49:59.132 INFO [main] org.apache.catalina.startup.VersionLoggerListener.log Java Home:             C:\Program Files\JetBrains\IntelliJ IDEA 2026.1.2\jbr
05-Jun-2026 10:49:59.132 INFO [main] org.apache.catalina.startup.VersionLoggerListener.log JVM Version:           25.0.2+1-b329.117
05-Jun-2026 10:49:59.133 INFO [main] org.apache.catalina.startup.VersionLoggerListener.log JVM Vendor:            JetBrains s.r.o.
05-Jun-2026 10:49:59.133 INFO [main] org.apache.catalina.startup.VersionLoggerListener.log CATALINA_BASE:         D:\JAVA_FULL_STACK\RestAPI\jerseyProject1\src\main\webapp
05-Jun-2026 10:49:59.133 INFO [main] org.apache.catalina.startup.VersionLoggerListener.log CATALINA_HOME:         C:\Program Files\Apache Software Foundation\Tomcat 10.1
05-Jun-2026 10:49:59.144 INFO [main] org.apache.catalina.startup.VersionLoggerListener.log Command line argument: --add-opens=java.base/java.lang=ALL-UNNAMED
05-Jun-2026 10:49:59.144 INFO [main] org.apache.catalina.startup.VersionLoggerListener.log Command line argument: --add-opens=java.base/java.io=ALL-UNNAMED
05-Jun-2026 10:49:59.144 INFO [main] org.apache.catalina.startup.VersionLoggerListener.log Command line argument: --add-opens=java.base/java.util=ALL-UNNAMED
05-Jun-2026 10:49:59.144 INFO [main] org.apache.catalina.startup.VersionLoggerListener.log Command line argument: --add-opens=java.base/java.util.concurrent=ALL-UNNAMED
05-Jun-2026 10:49:59.144 INFO [main] org.apache.catalina.startup.VersionLoggerListener.log Command line argument: --add-opens=java.rmi/sun.rmi.transport=ALL-UNNAMED
05-Jun-2026 10:49:59.144 INFO [main] org.apache.catalina.startup.VersionLoggerListener.log Command line argument: -Dcatalina.home=C:\Program Files\Apache Software Foundation\Tomcat 10.1
05-Jun-2026 10:49:59.144 INFO [main] org.apache.catalina.startup.VersionLoggerListener.log Command line argument: -Dcatalina.base=D:\JAVA_FULL_STACK\RestAPI\jerseyProject1\src\main\webapp
05-Jun-2026 10:49:59.145 INFO [main] org.apache.catalina.startup.VersionLoggerListener.log Command line argument: -Djava.io.tmpdir=D:\JAVA_FULL_STACK\RestAPI\jerseyProject1\src\main\webapp\temp
05-Jun-2026 10:49:59.145 INFO [main] org.apache.catalina.startup.VersionLoggerListener.log Command line argument: -Djava.util.logging.config.file=D:\JAVA_FULL_STACK\RestAPI\jerseyProject1\src\main\webapp\conf\logging.properties
05-Jun-2026 10:49:59.145 INFO [main] org.apache.catalina.startup.VersionLoggerListener.log Command line argument: -Djava.util.logging.manager=org.apache.juli.ClassLoaderLogManager
05-Jun-2026 10:49:59.145 INFO [main] org.apache.catalina.startup.VersionLoggerListener.log Command line argument: -javaagent:C:\Program Files\JetBrains\IntelliJ IDEA 2026.1.2\lib\idea_rt.jar=61563
05-Jun-2026 10:49:59.145 INFO [main] org.apache.catalina.startup.VersionLoggerListener.log Command line argument: -Dfile.encoding=UTF-8
05-Jun-2026 10:49:59.145 INFO [main] org.apache.catalina.startup.VersionLoggerListener.log Command line argument: -Dsun.stdout.encoding=UTF-8
05-Jun-2026 10:49:59.145 INFO [main] org.apache.catalina.startup.VersionLoggerListener.log Command line argument: -Dsun.stderr.encoding=UTF-8
05-Jun-2026 10:49:59.175 INFO [main] org.apache.catalina.core.AprLifecycleListener.lifecycleEvent The Apache Tomcat Native library which allows using OpenSSL was not found on the java.library.path: [C:\Program Files\JetBrains\IntelliJ IDEA 2026.1.2\jbr\bin;C:\WINDOWS\Sun\Java\bin;C:\WINDOWS\system32;C:\WINDOWS;C:\Program Files\Common Files\Oracle\Java\javapath;C:\WINDOWS\system32;C:\WINDOWS;C:\WINDOWS\System32\Wbem;C:\WINDOWS\System32\WindowsPowerShell\v1.0\;C:\WINDOWS\System32\OpenSSH\;C:\Program Files (x86)\NVIDIA Corporation\PhysX\Common;C:\Program Files\NVIDIA Corporation\NVIDIA NvDLISR;C:\Program Files\MySQL\MySQL Server 8.0\bin;C:\Program Files\nodejs\;C:\Program Files\Git\cmd;C:\Program Files\PuTTY\;C:\Program Files\dotnet\;C:\apache-maven-3.9.16-bin\apache-maven-3.9.16\bin;C:\Program Files\Java\jdk-26\bin;D:\gradle-8.14.5\bin;C:\Program Files\MySQL\MySQL Shell 8.0\bin\;D:\anaconda3;D:\anaconda3\Library\mingw-w64\bin;D:\anaconda3\Library\usr\bin;D:\anaconda3\Library\bin;D:\anaconda3\Scripts;C:\Users\Harsh Khatana\AppData\Local\Programs\Python\Python313\Scripts\;C:\Users\Harsh Khatana\AppData\Local\Programs\Python\Python313\;C:\Users\Harsh Khatana\AppData\Local\Programs\Python\Launcher\;C:\Users\Harsh Khatana\AppData\Local\Microsoft\WindowsApps;C:\Users\Harsh Khatana\AppData\Roaming\npm;D:\vs code setup\Microsoft VS Code\bin;;.]
05-Jun-2026 10:49:59.461 INFO [main] org.apache.coyote.AbstractProtocol.init Initializing ProtocolHandler ["http-nio-8080"]
05-Jun-2026 10:49:59.475 INFO [main] org.apache.catalina.startup.Catalina.load Server initialization in [547] milliseconds
05-Jun-2026 10:49:59.522 INFO [main] org.apache.catalina.core.StandardService.startInternal Starting service [Catalina]
05-Jun-2026 10:49:59.522 INFO [main] org.apache.catalina.core.StandardEngine.startInternal Starting Servlet engine: [Apache Tomcat/10.1.55]
05-Jun-2026 10:49:59.535 INFO [main] org.apache.catalina.startup.HostConfig.deployDescriptor Deploying deployment descriptor [D:\JAVA_FULL_STACK\RestAPI\jerseyProject1\src\main\webapp\conf\Catalina\localhost\jerseyProject1.xml]
05-Jun-2026 10:50:04.165 INFO [main] org.apache.jasper.servlet.TldScanner.scanJars At least one JAR was scanned for TLDs yet contained no TLDs. Enable debug logging for this logger for a complete list of JARs that were scanned but no TLDs were found in them. Skipping unneeded JARs during scanning can improve startup time and JSP compilation time.
05-Jun-2026 10:50:15.701 INFO [main] org.apache.catalina.startup.HostConfig.deployDescriptor Deployment of deployment descriptor [D:\JAVA_FULL_STACK\RestAPI\jerseyProject1\src\main\webapp\conf\Catalina\localhost\jerseyProject1.xml] has finished in [16,162] ms
05-Jun-2026 10:50:15.702 INFO [main] org.apache.catalina.startup.HostConfig.deployDescriptor Deploying deployment descriptor [D:\JAVA_FULL_STACK\RestAPI\jerseyProject1\src\main\webapp\conf\Catalina\localhost\registrationWebApp.xml]
05-Jun-2026 10:50:15.782 INFO [main] org.apache.catalina.startup.HostConfig.deployDescriptor Deployment of deployment descriptor [D:\JAVA_FULL_STACK\RestAPI\jerseyProject1\src\main\webapp\conf\Catalina\localhost\registrationWebApp.xml] has finished in [80] ms
05-Jun-2026 10:50:15.786 INFO [main] org.apache.coyote.AbstractProtocol.start Starting ProtocolHandler ["http-nio-8080"]
05-Jun-2026 10:50:15.823 INFO [main] org.apache.catalina.startup.Catalina.start Server startup in [16346] milliseconds
05-Jun-2026 10:50:20.831 WARNING [http-nio-8080-exec-4] org.glassfish.jersey.server.ServerRuntime$Responder.process An exception mapping did not successfully produce and processed a response. Logging the exception propagated to the default exception mapper.
MultiException stack 1 of 1
	java.lang.NoSuchMethodException: Could not find a suitable constructor in com.telusko.AlienResources class.
		at org.glassfish.jersey.inject.hk2.JerseyClassAnalyzer.getConstructor(JerseyClassAnalyzer.java:168)
		at org.jvnet.hk2.internal.Utilities.getConstructor(Utilities.java:157)
		at org.jvnet.hk2.internal.Utilities.justCreate(Utilities.java:1043)
		at org.jvnet.hk2.internal.ServiceLocatorImpl.create(ServiceLocatorImpl.java:984)
		at org.jvnet.hk2.internal.ServiceLocatorImpl.createAndInitialize(ServiceLocatorImpl.java:1088)
		at org.jvnet.hk2.internal.ServiceLocatorImpl.createAndInitialize(ServiceLocatorImpl.java:1080)
		at org.glassfish.jersey.inject.hk2.AbstractHk2InjectionManager.createAndInitialize(AbstractHk2InjectionManager.java:199)
		at org.glassfish.jersey.inject.hk2.ImmediateHk2InjectionManager.createAndInitialize(ImmediateHk2InjectionManager.java:30)
		at org.glassfish.jersey.internal.inject.Injections.getOrCreate(Injections.java:123)
		at org.glassfish.jersey.server.model.MethodHandler$ClassBasedMethodHandler.getInstance(MethodHandler.java:260)
		at org.glassfish.jersey.server.internal.routing.PushMethodHandlerRouter.apply(PushMethodHandlerRouter.java:51)
		at org.glassfish.jersey.server.internal.routing.RoutingStage._apply(RoutingStage.java:86)
		at org.glassfish.jersey.server.internal.routing.RoutingStage._apply(RoutingStage.java:89)
		at org.glassfish.jersey.server.internal.routing.RoutingStage._apply(RoutingStage.java:89)
		at org.glassfish.jersey.server.internal.routing.RoutingStage._apply(RoutingStage.java:89)
		at org.glassfish.jersey.server.internal.routing.RoutingStage.apply(RoutingStage.java:69)
		at org.glassfish.jersey.server.internal.routing.RoutingStage.apply(RoutingStage.java:38)
		at org.glassfish.jersey.process.internal.Stages.process(Stages.java:173)
		at org.glassfish.jersey.server.ServerRuntime$1.run(ServerRuntime.java:255)
		at org.glassfish.jersey.internal.Errors$1.call(Errors.java:248)
		at org.glassfish.jersey.internal.Errors$1.call(Errors.java:244)
		at org.glassfish.jersey.internal.Errors.process(Errors.java:292)
		at org.glassfish.jersey.internal.Errors.process(Errors.java:274)
		at org.glassfish.jersey.internal.Errors.process(Errors.java:244)
		at org.glassfish.jersey.process.internal.RequestScope.runInScope(RequestScope.java:266)
		at org.glassfish.jersey.server.ServerRuntime.process(ServerRuntime.java:242)
		at org.glassfish.jersey.server.ApplicationHandler.handle(ApplicationHandler.java:697)
		at org.glassfish.jersey.servlet.WebComponent.serviceImpl(WebComponent.java:394)
		at org.glassfish.jersey.servlet.WebComponent.service(WebComponent.java:346)
		at org.glassfish.jersey.servlet.ServletContainer.service(ServletContainer.java:358)
		at org.glassfish.jersey.servlet.ServletContainer.service(ServletContainer.java:312)
		at org.glassfish.jersey.servlet.ServletContainer.service(ServletContainer.java:205)
		at org.apache.catalina.core.ApplicationFilterChain.internalDoFilter(ApplicationFilterChain.java:193)
		at org.apache.catalina.core.ApplicationFilterChain.doFilter(ApplicationFilterChain.java:138)
		at org.apache.tomcat.websocket.server.WsFilter.doFilter(WsFilter.java:51)
		at org.apache.catalina.core.ApplicationFilterChain.internalDoFilter(ApplicationFilterChain.java:162)
		at org.apache.catalina.core.ApplicationFilterChain.doFilter(ApplicationFilterChain.java:138)
		at org.apache.catalina.core.StandardWrapperValve.invoke(StandardWrapperValve.java:165)
		at org.apache.catalina.core.StandardContextValve.invoke(StandardContextValve.java:88)
		at org.apache.catalina.authenticator.AuthenticatorBase.invoke(AuthenticatorBase.java:492)
		at org.apache.catalina.core.StandardHostValve.invoke(StandardHostValve.java:113)
		at org.apache.catalina.valves.ErrorReportValve.invoke(ErrorReportValve.java:83)
		at org.apache.catalina.valves.AbstractAccessLogValve.invoke(AbstractAccessLogValve.java:782)
		at org.apache.catalina.core.StandardEngineValve.invoke(StandardEngineValve.java:72)
		at org.apache.catalina.connector.CoyoteAdapter.service(CoyoteAdapter.java:342)
		at org.apache.coyote.http11.Http11Processor.service(Http11Processor.java:399)
		at org.apache.coyote.AbstractProcessorLight.process(AbstractProcessorLight.java:63)
		at org.apache.coyote.AbstractProtocol$ConnectionHandler.process(AbstractProtocol.java:1272)
		at org.apache.tomcat.util.net.NioEndpoint$SocketProcessor.doRun(NioEndpoint.java:1797)
		at org.apache.tomcat.util.net.SocketProcessorBase.run(SocketProcessorBase.java:52)
		at org.apache.tomcat.util.threads.ThreadPoolExecutor.runWorker(ThreadPoolExecutor.java:973)
		at org.apache.tomcat.util.threads.ThreadPoolExecutor$Worker.run(ThreadPoolExecutor.java:491)
		at org.apache.tomcat.util.threads.TaskThread$WrappingRunnable.run(TaskThread.java:63)
		at java.base/java.lang.Thread.run(Thread.java:1474)
05-Jun-2026 10:50:21.010 WARNING [http-nio-8080-exec-4] org.glassfish.jersey.internal.Errors.logErrors The following warnings have been detected: WARNING: HK2 service reification failed for [com.telusko.AlienResources] with an exception:
MultiException stack 1 of 2
java.lang.NoSuchMethodException: Could not find a suitable constructor in com.telusko.AlienResources class.
	at org.glassfish.jersey.inject.hk2.JerseyClassAnalyzer.getConstructor(JerseyClassAnalyzer.java:168)
	at org.jvnet.hk2.internal.Utilities.getConstructor(Utilities.java:157)
	at org.jvnet.hk2.internal.ClazzCreator.initialize(ClazzCreator.java:106)
	at org.jvnet.hk2.internal.ClazzCreator.initialize(ClazzCreator.java:165)
	at org.jvnet.hk2.internal.SystemDescriptor.internalReify(SystemDescriptor.java:719)
	at org.jvnet.hk2.internal.SystemDescriptor.reify(SystemDescriptor.java:673)
	at org.jvnet.hk2.internal.ServiceLocatorImpl.reifyDescriptor(ServiceLocatorImpl.java:438)
	at org.jvnet.hk2.internal.ServiceLocatorImpl.narrow(ServiceLocatorImpl.java:2316)
	at org.jvnet.hk2.internal.ServiceLocatorImpl.igdCacheCompute(ServiceLocatorImpl.java:1192)
	at org.jvnet.hk2.internal.ServiceLocatorImpl$8.compute(ServiceLocatorImpl.java:1186)
	at org.jvnet.hk2.internal.ServiceLocatorImpl$8.compute(ServiceLocatorImpl.java:1183)
	at org.glassfish.hk2.utilities.cache.internal.WeakCARCacheImpl.compute(WeakCARCacheImpl.java:105)
	at org.jvnet.hk2.internal.ServiceLocatorImpl.internalGetDescriptor(ServiceLocatorImpl.java:1266)
	at org.jvnet.hk2.internal.ServiceLocatorImpl.internalGetService(ServiceLocatorImpl.java:765)
	at org.jvnet.hk2.internal.ServiceLocatorImpl.internalGetService(ServiceLocatorImpl.java:732)
	at org.jvnet.hk2.internal.ServiceLocatorImpl.getService(ServiceLocatorImpl.java:702)
	at org.glassfish.jersey.inject.hk2.AbstractHk2InjectionManager.getInstance(AbstractHk2InjectionManager.java:160)
	at org.glassfish.jersey.inject.hk2.ImmediateHk2InjectionManager.getInstance(ImmediateHk2InjectionManager.java:30)
	at org.glassfish.jersey.internal.inject.Injections.getOrCreate(Injections.java:122)
	at org.glassfish.jersey.server.model.MethodHandler$ClassBasedMethodHandler.getInstance(MethodHandler.java:260)
	at org.glassfish.jersey.server.internal.routing.PushMethodHandlerRouter.apply(PushMethodHandlerRouter.java:51)
	at org.glassfish.jersey.server.internal.routing.RoutingStage._apply(RoutingStage.java:86)
	at org.glassfish.jersey.server.internal.routing.RoutingStage._apply(RoutingStage.java:89)
	at org.glassfish.jersey.server.internal.routing.RoutingStage._apply(RoutingStage.java:89)
	at org.glassfish.jersey.server.internal.routing.RoutingStage._apply(RoutingStage.java:89)
	at org.glassfish.jersey.server.internal.routing.RoutingStage.apply(RoutingStage.java:69)
	at org.glassfish.jersey.server.internal.routing.RoutingStage.apply(RoutingStage.java:38)
	at org.glassfish.jersey.process.internal.Stages.process(Stages.java:173)
	at org.glassfish.jersey.server.ServerRuntime$1.run(ServerRuntime.java:255)
	at org.glassfish.jersey.internal.Errors$1.call(Errors.java:248)
	at org.glassfish.jersey.internal.Errors$1.call(Errors.java:244)
	at org.glassfish.jersey.internal.Errors.process(Errors.java:292)
	at org.glassfish.jersey.internal.Errors.process(Errors.java:274)
	at org.glassfish.jersey.internal.Errors.process(Errors.java:244)
	at org.glassfish.jersey.process.internal.RequestScope.runInScope(RequestScope.java:266)
	at org.glassfish.jersey.server.ServerRuntime.process(ServerRuntime.java:242)
	at org.glassfish.jersey.server.ApplicationHandler.handle(ApplicationHandler.java:697)
	at org.glassfish.jersey.servlet.WebComponent.serviceImpl(WebComponent.java:394)
	at org.glassfish.jersey.servlet.WebComponent.service(WebComponent.java:346)
	at org.glassfish.jersey.servlet.ServletContainer.service(ServletContainer.java:358)
	at org.glassfish.jersey.servlet.ServletContainer.service(ServletContainer.java:312)
	at org.glassfish.jersey.servlet.ServletContainer.service(ServletContainer.java:205)
	at org.apache.catalina.core.ApplicationFilterChain.internalDoFilter(ApplicationFilterChain.java:193)
	at org.apache.catalina.core.ApplicationFilterChain.doFilter(ApplicationFilterChain.java:138)
	at org.apache.tomcat.websocket.server.WsFilter.doFilter(WsFilter.java:51)
	at org.apache.catalina.core.ApplicationFilterChain.internalDoFilter(ApplicationFilterChain.java:162)
	at org.apache.catalina.core.ApplicationFilterChain.doFilter(ApplicationFilterChain.java:138)
	at org.apache.catalina.core.StandardWrapperValve.invoke(StandardWrapperValve.java:165)
	at org.apache.catalina.core.StandardContextValve.invoke(StandardContextValve.java:88)
	at org.apache.catalina.authenticator.AuthenticatorBase.invoke(AuthenticatorBase.java:492)
	at org.apache.catalina.core.StandardHostValve.invoke(StandardHostValve.java:113)
	at org.apache.catalina.valves.ErrorReportValve.invoke(ErrorReportValve.java:83)
	at org.apache.catalina.valves.AbstractAccessLogValve.invoke(AbstractAccessLogValve.java:782)
	at org.apache.catalina.core.StandardEngineValve.invoke(StandardEngineValve.java:72)
	at org.apache.catalina.connector.CoyoteAdapter.service(CoyoteAdapter.java:342)
	at org.apache.coyote.http11.Http11Processor.service(Http11Processor.java:399)
	at org.apache.coyote.AbstractProcessorLight.process(AbstractProcessorLight.java:63)
	at org.apache.coyote.AbstractProtocol$ConnectionHandler.process(AbstractProtocol.java:1272)
	at org.apache.tomcat.util.net.NioEndpoint$SocketProcessor.doRun(NioEndpoint.java:1797)
	at org.apache.tomcat.util.net.SocketProcessorBase.run(SocketProcessorBase.java:52)
	at org.apache.tomcat.util.threads.ThreadPoolExecutor.runWorker(ThreadPoolExecutor.java:973)
	at org.apache.tomcat.util.threads.ThreadPoolExecutor$Worker.run(ThreadPoolExecutor.java:491)
	at org.apache.tomcat.util.threads.TaskThread$WrappingRunnable.run(TaskThread.java:63)
	at java.base/java.lang.Thread.run(Thread.java:1474)
MultiException stack 2 of 2
java.lang.IllegalArgumentException: Errors were discovered while reifying SystemDescriptor(
	implementation=com.telusko.AlienResources
	contracts={com.telusko.AlienResources}
	scope=org.glassfish.jersey.process.internal.RequestScoped
	qualifiers={}
	descriptorType=CLASS
	descriptorVisibility=NORMAL
	metadata=
	rank=0
	loader=null
	proxiable=null
	proxyForSameScope=null
	analysisName=null
	id=179
	locatorId=0
	identityHashCode=1479848344
	reified=false)
	at org.jvnet.hk2.internal.SystemDescriptor.reify(SystemDescriptor.java:684)
	at org.jvnet.hk2.internal.ServiceLocatorImpl.reifyDescriptor(ServiceLocatorImpl.java:438)
	at org.jvnet.hk2.internal.ServiceLocatorImpl.narrow(ServiceLocatorImpl.java:2316)
	at org.jvnet.hk2.internal.ServiceLocatorImpl.igdCacheCompute(ServiceLocatorImpl.java:1192)
	at org.jvnet.hk2.internal.ServiceLocatorImpl$8.compute(ServiceLocatorImpl.java:1186)
	at org.jvnet.hk2.internal.ServiceLocatorImpl$8.compute(ServiceLocatorImpl.java:1183)
	at org.glassfish.hk2.utilities.cache.internal.WeakCARCacheImpl.compute(WeakCARCacheImpl.java:105)
	at org.jvnet.hk2.internal.ServiceLocatorImpl.internalGetDescriptor(ServiceLocatorImpl.java:1266)
	at org.jvnet.hk2.internal.ServiceLocatorImpl.internalGetService(ServiceLocatorImpl.java:765)
	at org.jvnet.hk2.internal.ServiceLocatorImpl.internalGetService(ServiceLocatorImpl.java:732)
	at org.jvnet.hk2.internal.ServiceLocatorImpl.getService(ServiceLocatorImpl.java:702)
	at org.glassfish.jersey.inject.hk2.AbstractHk2InjectionManager.getInstance(AbstractHk2InjectionManager.java:160)
	at org.glassfish.jersey.inject.hk2.ImmediateHk2InjectionManager.getInstance(ImmediateHk2InjectionManager.java:30)
	at org.glassfish.jersey.internal.inject.Injections.getOrCreate(Injections.java:122)
	at org.glassfish.jersey.server.model.MethodHandler$ClassBasedMethodHandler.getInstance(MethodHandler.java:260)
	at org.glassfish.jersey.server.internal.routing.PushMethodHandlerRouter.apply(PushMethodHandlerRouter.java:51)
	at org.glassfish.jersey.server.internal.routing.RoutingStage._apply(RoutingStage.java:86)
	at org.glassfish.jersey.server.internal.routing.RoutingStage._apply(RoutingStage.java:89)
	at org.glassfish.jersey.server.internal.routing.RoutingStage._apply(RoutingStage.java:89)
	at org.glassfish.jersey.server.internal.routing.RoutingStage._apply(RoutingStage.java:89)
	at org.glassfish.jersey.server.internal.routing.RoutingStage.apply(RoutingStage.java:69)
	at org.glassfish.jersey.server.internal.routing.RoutingStage.apply(RoutingStage.java:38)
	at org.glassfish.jersey.process.internal.Stages.process(Stages.java:173)
	at org.glassfish.jersey.server.ServerRuntime$1.run(ServerRuntime.java:255)
	at org.glassfish.jersey.internal.Errors$1.call(Errors.java:248)
	at org.glassfish.jersey.internal.Errors$1.call(Errors.java:244)
	at org.glassfish.jersey.internal.Errors.process(Errors.java:292)
	at org.glassfish.jersey.internal.Errors.process(Errors.java:274)
	at org.glassfish.jersey.internal.Errors.process(Errors.java:244)
	at org.glassfish.jersey.process.internal.RequestScope.runInScope(RequestScope.java:266)
	at org.glassfish.jersey.server.ServerRuntime.process(ServerRuntime.java:242)
	at org.glassfish.jersey.server.ApplicationHandler.handle(ApplicationHandler.java:697)
	at org.glassfish.jersey.servlet.WebComponent.serviceImpl(WebComponent.java:394)
	at org.glassfish.jersey.servlet.WebComponent.service(WebComponent.java:346)
	at org.glassfish.jersey.servlet.ServletContainer.service(ServletContainer.java:358)
	at org.glassfish.jersey.servlet.ServletContainer.service(ServletContainer.java:312)
	at org.glassfish.jersey.servlet.ServletContainer.service(ServletContainer.java:205)
	at org.apache.catalina.core.ApplicationFilterChain.internalDoFilter(ApplicationFilterChain.java:193)
	at org.apache.catalina.core.ApplicationFilterChain.doFilter(ApplicationFilterChain.java:138)
	at org.apache.tomcat.websocket.server.WsFilter.doFilter(WsFilter.java:51)
	at org.apache.catalina.core.ApplicationFilterChain.internalDoFilter(ApplicationFilterChain.java:162)
	at org.apache.catalina.core.ApplicationFilterChain.doFilter(ApplicationFilterChain.java:138)
	at org.apache.catalina.core.StandardWrapperValve.invoke(StandardWrapperValve.java:165)
	at org.apache.catalina.core.StandardContextValve.invoke(StandardContextValve.java:88)
	at org.apache.catalina.authenticator.AuthenticatorBase.invoke(AuthenticatorBase.java:492)
	at org.apache.catalina.core.StandardHostValve.invoke(StandardHostValve.java:113)
	at org.apache.catalina.valves.ErrorReportValve.invoke(ErrorReportValve.java:83)
	at org.apache.catalina.valves.AbstractAccessLogValve.invoke(AbstractAccessLogValve.java:782)
	at org.apache.catalina.core.StandardEngineValve.invoke(StandardEngineValve.java:72)
	at org.apache.catalina.connector.CoyoteAdapter.service(CoyoteAdapter.java:342)
	at org.apache.coyote.http11.Http11Processor.service(Http11Processor.java:399)
	at org.apache.coyote.AbstractProcessorLight.process(AbstractProcessorLight.java:63)
	at org.apache.coyote.AbstractProtocol$ConnectionHandler.process(AbstractProtocol.java:1272)
	at org.apache.tomcat.util.net.NioEndpoint$SocketProcessor.doRun(NioEndpoint.java:1797)
	at org.apache.tomcat.util.net.SocketProcessorBase.run(SocketProcessorBase.java:52)
	at org.apache.tomcat.util.threads.ThreadPoolExecutor.runWorker(ThreadPoolExecutor.java:973)
	at org.apache.tomcat.util.threads.ThreadPoolExecutor$Worker.run(ThreadPoolExecutor.java:491)
	at org.apache.tomcat.util.threads.TaskThread$WrappingRunnable.run(TaskThread.java:63)
	at java.base/java.lang.Thread.run(Thread.java:1474)

WARNING: HK2 service reification failed for [com.telusko.AlienResources] with an exception:
MultiException stack 1 of 2
java.lang.NoSuchMethodException: Could not find a suitable constructor in com.telusko.AlienResources class.
	at org.glassfish.jersey.inject.hk2.JerseyClassAnalyzer.getConstructor(JerseyClassAnalyzer.java:168)
	at org.jvnet.hk2.internal.Utilities.getConstructor(Utilities.java:157)
	at org.jvnet.hk2.internal.ClazzCreator.initialize(ClazzCreator.java:106)
	at org.jvnet.hk2.internal.ClazzCreator.initialize(ClazzCreator.java:165)
	at org.jvnet.hk2.internal.SystemDescriptor.internalReify(SystemDescriptor.java:719)
	at org.jvnet.hk2.internal.SystemDescriptor.reify(SystemDescriptor.java:673)
	at org.jvnet.hk2.internal.ServiceLocatorImpl.reifyDescriptor(ServiceLocatorImpl.java:438)
	at org.jvnet.hk2.internal.ServiceLocatorImpl.narrow(ServiceLocatorImpl.java:2316)
	at org.jvnet.hk2.internal.ServiceLocatorImpl.igdCacheCompute(ServiceLocatorImpl.java:1192)
	at org.jvnet.hk2.internal.ServiceLocatorImpl$8.compute(ServiceLocatorImpl.java:1186)
	at org.jvnet.hk2.internal.ServiceLocatorImpl$8.compute(ServiceLocatorImpl.java:1183)
	at org.glassfish.hk2.utilities.cache.internal.WeakCARCacheImpl.compute(WeakCARCacheImpl.java:105)
	at org.jvnet.hk2.internal.ServiceLocatorImpl.internalGetDescriptor(ServiceLocatorImpl.java:1266)
	at org.jvnet.hk2.internal.ServiceLocatorImpl.internalGetService(ServiceLocatorImpl.java:765)
	at org.jvnet.hk2.internal.ServiceLocatorImpl.internalGetService(ServiceLocatorImpl.java:732)
	at org.jvnet.hk2.internal.ServiceLocatorImpl.getService(ServiceLocatorImpl.java:702)
	at org.glassfish.jersey.inject.hk2.AbstractHk2InjectionManager.getInstance(AbstractHk2InjectionManager.java:160)
	at org.glassfish.jersey.inject.hk2.ImmediateHk2InjectionManager.getInstance(ImmediateHk2InjectionManager.java:30)
	at org.glassfish.jersey.internal.inject.Injections.getOrCreate(Injections.java:122)
	at org.glassfish.jersey.server.model.MethodHandler$ClassBasedMethodHandler.getInstance(MethodHandler.java:260)
	at org.glassfish.jersey.server.internal.routing.PushMethodHandlerRouter.apply(PushMethodHandlerRouter.java:51)
	at org.glassfish.jersey.server.internal.routing.RoutingStage._apply(RoutingStage.java:86)
	at org.glassfish.jersey.server.internal.routing.RoutingStage._apply(RoutingStage.java:89)
	at org.glassfish.jersey.server.internal.routing.RoutingStage._apply(RoutingStage.java:89)
	at org.glassfish.jersey.server.internal.routing.RoutingStage._apply(RoutingStage.java:89)
	at org.glassfish.jersey.server.internal.routing.RoutingStage.apply(RoutingStage.java:69)
	at org.glassfish.jersey.server.internal.routing.RoutingStage.apply(RoutingStage.java:38)
	at org.glassfish.jersey.process.internal.Stages.process(Stages.java:173)
	at org.glassfish.jersey.server.ServerRuntime$1.run(ServerRuntime.java:255)
	at org.glassfish.jersey.internal.Errors$1.call(Errors.java:248)
	at org.glassfish.jersey.internal.Errors$1.call(Errors.java:244)
	at org.glassfish.jersey.internal.Errors.process(Errors.java:292)
	at org.glassfish.jersey.internal.Errors.process(Errors.java:274)
	at org.glassfish.jersey.internal.Errors.process(Errors.java:244)
	at org.glassfish.jersey.process.internal.RequestScope.runInScope(RequestScope.java:266)
	at org.glassfish.jersey.server.ServerRuntime.process(ServerRuntime.java:242)
	at org.glassfish.jersey.server.ApplicationHandler.handle(ApplicationHandler.java:697)
	at org.glassfish.jersey.servlet.WebComponent.serviceImpl(WebComponent.java:394)
	at org.glassfish.jersey.servlet.WebComponent.service(WebComponent.java:346)
	at org.glassfish.jersey.servlet.ServletContainer.service(ServletContainer.java:358)
	at org.glassfish.jersey.servlet.ServletContainer.service(ServletContainer.java:312)
	at org.glassfish.jersey.servlet.ServletContainer.service(ServletContainer.java:205)
	at org.apache.catalina.core.ApplicationFilterChain.internalDoFilter(ApplicationFilterChain.java:193)
	at org.apache.catalina.core.ApplicationFilterChain.doFilter(ApplicationFilterChain.java:138)
	at org.apache.tomcat.websocket.server.WsFilter.doFilter(WsFilter.java:51)
	at org.apache.catalina.core.ApplicationFilterChain.internalDoFilter(ApplicationFilterChain.java:162)
	at org.apache.catalina.core.ApplicationFilterChain.doFilter(ApplicationFilterChain.java:138)
	at org.apache.catalina.core.StandardWrapperValve.invoke(StandardWrapperValve.java:165)
	at org.apache.catalina.core.StandardContextValve.invoke(StandardContextValve.java:88)
	at org.apache.catalina.authenticator.AuthenticatorBase.invoke(AuthenticatorBase.java:492)
	at org.apache.catalina.core.StandardHostValve.invoke(StandardHostValve.java:113)
	at org.apache.catalina.valves.ErrorReportValve.invoke(ErrorReportValve.java:83)
	at org.apache.catalina.valves.AbstractAccessLogValve.invoke(AbstractAccessLogValve.java:782)
	at org.apache.catalina.core.StandardEngineValve.invoke(StandardEngineValve.java:72)
	at org.apache.catalina.connector.CoyoteAdapter.service(CoyoteAdapter.java:342)
	at org.apache.coyote.http11.Http11Processor.service(Http11Processor.java:399)
	at org.apache.coyote.AbstractProcessorLight.process(AbstractProcessorLight.java:63)
	at org.apache.coyote.AbstractProtocol$ConnectionHandler.process(AbstractProtocol.java:1272)
	at org.apache.tomcat.util.net.NioEndpoint$SocketProcessor.doRun(NioEndpoint.java:1797)
	at org.apache.tomcat.util.net.SocketProcessorBase.run(SocketProcessorBase.java:52)
	at org.apache.tomcat.util.threads.ThreadPoolExecutor.runWorker(ThreadPoolExecutor.java:973)
	at org.apache.tomcat.util.threads.ThreadPoolExecutor$Worker.run(ThreadPoolExecutor.java:491)
	at org.apache.tomcat.util.threads.TaskThread$WrappingRunnable.run(TaskThread.java:63)
	at java.base/java.lang.Thread.run(Thread.java:1474)
MultiException stack 2 of 2
java.lang.IllegalArgumentException: Errors were discovered while reifying SystemDescriptor(
	implementation=com.telusko.AlienResources
	contracts={com.telusko.AlienResources}
	scope=org.glassfish.jersey.process.internal.RequestScoped
	qualifiers={}
	descriptorType=CLASS
	descriptorVisibility=NORMAL
	metadata=
	rank=0
	loader=null
	proxiable=null
	proxyForSameScope=null
	analysisName=null
	id=179
	locatorId=0
	identityHashCode=1479848344
	reified=false)
	at org.jvnet.hk2.internal.SystemDescriptor.reify(SystemDescriptor.java:684)
	at org.jvnet.hk2.internal.ServiceLocatorImpl.reifyDescriptor(ServiceLocatorImpl.java:438)
	at org.jvnet.hk2.internal.ServiceLocatorImpl.narrow(ServiceLocatorImpl.java:2316)
	at org.jvnet.hk2.internal.ServiceLocatorImpl.igdCacheCompute(ServiceLocatorImpl.java:1192)
	at org.jvnet.hk2.internal.ServiceLocatorImpl$8.compute(ServiceLocatorImpl.java:1186)
	at org.jvnet.hk2.internal.ServiceLocatorImpl$8.compute(ServiceLocatorImpl.java:1183)
	at org.glassfish.hk2.utilities.cache.internal.WeakCARCacheImpl.compute(WeakCARCacheImpl.java:105)
	at org.jvnet.hk2.internal.ServiceLocatorImpl.internalGetDescriptor(ServiceLocatorImpl.java:1266)
	at org.jvnet.hk2.internal.ServiceLocatorImpl.internalGetService(ServiceLocatorImpl.java:765)
	at org.jvnet.hk2.internal.ServiceLocatorImpl.internalGetService(ServiceLocatorImpl.java:732)
	at org.jvnet.hk2.internal.ServiceLocatorImpl.getService(ServiceLocatorImpl.java:702)
	at org.glassfish.jersey.inject.hk2.AbstractHk2InjectionManager.getInstance(AbstractHk2InjectionManager.java:160)
	at org.glassfish.jersey.inject.hk2.ImmediateHk2InjectionManager.getInstance(ImmediateHk2InjectionManager.java:30)
	at org.glassfish.jersey.internal.inject.Injections.getOrCreate(Injections.java:122)
	at org.glassfish.jersey.server.model.MethodHandler$ClassBasedMethodHandler.getInstance(MethodHandler.java:260)
	at org.glassfish.jersey.server.internal.routing.PushMethodHandlerRouter.apply(PushMethodHandlerRouter.java:51)
	at org.glassfish.jersey.server.internal.routing.RoutingStage._apply(RoutingStage.java:86)
	at org.glassfish.jersey.server.internal.routing.RoutingStage._apply(RoutingStage.java:89)
	at org.glassfish.jersey.server.internal.routing.RoutingStage._apply(RoutingStage.java:89)
	at org.glassfish.jersey.server.internal.routing.RoutingStage._apply(RoutingStage.java:89)
	at org.glassfish.jersey.server.internal.routing.RoutingStage.apply(RoutingStage.java:69)
	at org.glassfish.jersey.server.internal.routing.RoutingStage.apply(RoutingStage.java:38)
	at org.glassfish.jersey.process.internal.Stages.process(Stages.java:173)
	at org.glassfish.jersey.server.ServerRuntime$1.run(ServerRuntime.java:255)
	at org.glassfish.jersey.internal.Errors$1.call(Errors.java:248)
	at org.glassfish.jersey.internal.Errors$1.call(Errors.java:244)
	at org.glassfish.jersey.internal.Errors.process(Errors.java:292)
	at org.glassfish.jersey.internal.Errors.process(Errors.java:274)
	at org.glassfish.jersey.internal.Errors.process(Errors.java:244)
	at org.glassfish.jersey.process.internal.RequestScope.runInScope(RequestScope.java:266)
	at org.glassfish.jersey.server.ServerRuntime.process(ServerRuntime.java:242)
	at org.glassfish.jersey.server.ApplicationHandler.handle(ApplicationHandler.java:697)
	at org.glassfish.jersey.servlet.WebComponent.serviceImpl(WebComponent.java:394)
	at org.glassfish.jersey.servlet.WebComponent.service(WebComponent.java:346)
	at org.glassfish.jersey.servlet.ServletContainer.service(ServletContainer.java:358)
	at org.glassfish.jersey.servlet.ServletContainer.service(ServletContainer.java:312)
	at org.glassfish.jersey.servlet.ServletContainer.service(ServletContainer.java:205)
	at org.apache.catalina.core.ApplicationFilterChain.internalDoFilter(ApplicationFilterChain.java:193)
	at org.apache.catalina.core.ApplicationFilterChain.doFilter(ApplicationFilterChain.java:138)
	at org.apache.tomcat.websocket.server.WsFilter.doFilter(WsFilter.java:51)
	at org.apache.catalina.core.ApplicationFilterChain.internalDoFilter(ApplicationFilterChain.java:162)
	at org.apache.catalina.core.ApplicationFilterChain.doFilter(ApplicationFilterChain.java:138)
	at org.apache.catalina.core.StandardWrapperValve.invoke(StandardWrapperValve.java:165)
	at org.apache.catalina.core.StandardContextValve.invoke(StandardContextValve.java:88)
	at org.apache.catalina.authenticator.AuthenticatorBase.invoke(AuthenticatorBase.java:492)
	at org.apache.catalina.core.StandardHostValve.invoke(StandardHostValve.java:113)
	at org.apache.catalina.valves.ErrorReportValve.invoke(ErrorReportValve.java:83)
	at org.apache.catalina.valves.AbstractAccessLogValve.invoke(AbstractAccessLogValve.java:782)
	at org.apache.catalina.core.StandardEngineValve.invoke(StandardEngineValve.java:72)
	at org.apache.catalina.connector.CoyoteAdapter.service(CoyoteAdapter.java:342)
	at org.apache.coyote.http11.Http11Processor.service(Http11Processor.java:399)
	at org.apache.coyote.AbstractProcessorLight.process(AbstractProcessorLight.java:63)
	at org.apache.coyote.AbstractProtocol$ConnectionHandler.process(AbstractProtocol.java:1272)
	at org.apache.tomcat.util.net.NioEndpoint$SocketProcessor.doRun(NioEndpoint.java:1797)
	at org.apache.tomcat.util.net.SocketProcessorBase.run(SocketProcessorBase.java:52)
	at org.apache.tomcat.util.threads.ThreadPoolExecutor.runWorker(ThreadPoolExecutor.java:973)
	at org.apache.tomcat.util.threads.ThreadPoolExecutor$Worker.run(ThreadPoolExecutor.java:491)
	at org.apache.tomcat.util.threads.TaskThread$WrappingRunnable.run(TaskThread.java:63)
	at java.base/java.lang.Thread.run(Thread.java:1474)


05-Jun-2026 10:51:03.616 INFO [Thread-1] org.apache.coyote.AbstractProtocol.pause Pausing ProtocolHandler ["http-nio-8080"]
05-Jun-2026 10:51:03.628 INFO [Thread-1] org.apache.catalina.core.StandardService.stopInternal Stopping service [Catalina]
05-Jun-2026 10:51:03.659 INFO [Thread-1] org.apache.coyote.AbstractProtocol.stop Stopping ProtocolHandler ["http-nio-8080"]
05-Jun-2026 10:51:03.672 INFO [Thread-1] org.apache.coyote.AbstractProtocol.destroy Destroying ProtocolHandler ["http-nio-8080"]
05-Jun-2026 10:51:05.991 INFO [main] org.apache.catalina.startup.VersionLoggerListener.log Server version name:   Apache Tomcat/10.1.55
05-Jun-2026 10:51:05.994 INFO [main] org.apache.catalina.startup.VersionLoggerListener.log Server built:          May 5 2026 13:33:02 UTC
05-Jun-2026 10:51:05.994 INFO [main] org.apache.catalina.startup.VersionLoggerListener.log Server version number: 10.1.55.0
05-Jun-2026 10:51:05.994 INFO [main] org.apache.catalina.startup.VersionLoggerListener.log OS Name:               Windows 11
05-Jun-2026 10:51:05.995 INFO [main] org.apache.catalina.startup.VersionLoggerListener.log OS Version:            10.0
05-Jun-2026 10:51:05.995 INFO [main] org.apache.catalina.startup.VersionLoggerListener.log Architecture:          amd64
05-Jun-2026 10:51:05.995 INFO [main] org.apache.catalina.startup.VersionLoggerListener.log Java Home:             C:\Program Files\JetBrains\IntelliJ IDEA 2026.1.2\jbr
05-Jun-2026 10:51:05.995 INFO [main] org.apache.catalina.startup.VersionLoggerListener.log JVM Version:           25.0.2+1-b329.117
05-Jun-2026 10:51:05.995 INFO [main] org.apache.catalina.startup.VersionLoggerListener.log JVM Vendor:            JetBrains s.r.o.
05-Jun-2026 10:51:05.995 INFO [main] org.apache.catalina.startup.VersionLoggerListener.log CATALINA_BASE:         D:\JAVA_FULL_STACK\RestAPI\jerseyProject1\src\main\webapp
05-Jun-2026 10:51:05.995 INFO [main] org.apache.catalina.startup.VersionLoggerListener.log CATALINA_HOME:         C:\Program Files\Apache Software Foundation\Tomcat 10.1
05-Jun-2026 10:51:06.006 INFO [main] org.apache.catalina.startup.VersionLoggerListener.log Command line argument: --add-opens=java.base/java.lang=ALL-UNNAMED
05-Jun-2026 10:51:06.007 INFO [main] org.apache.catalina.startup.VersionLoggerListener.log Command line argument: --add-opens=java.base/java.io=ALL-UNNAMED
05-Jun-2026 10:51:06.007 INFO [main] org.apache.catalina.startup.VersionLoggerListener.log Command line argument: --add-opens=java.base/java.util=ALL-UNNAMED
05-Jun-2026 10:51:06.007 INFO [main] org.apache.catalina.startup.VersionLoggerListener.log Command line argument: --add-opens=java.base/java.util.concurrent=ALL-UNNAMED
05-Jun-2026 10:51:06.007 INFO [main] org.apache.catalina.startup.VersionLoggerListener.log Command line argument: --add-opens=java.rmi/sun.rmi.transport=ALL-UNNAMED
05-Jun-2026 10:51:06.007 INFO [main] org.apache.catalina.startup.VersionLoggerListener.log Command line argument: -Dcatalina.home=C:\Program Files\Apache Software Foundation\Tomcat 10.1
05-Jun-2026 10:51:06.007 INFO [main] org.apache.catalina.startup.VersionLoggerListener.log Command line argument: -Dcatalina.base=D:\JAVA_FULL_STACK\RestAPI\jerseyProject1\src\main\webapp
05-Jun-2026 10:51:06.007 INFO [main] org.apache.catalina.startup.VersionLoggerListener.log Command line argument: -Djava.io.tmpdir=D:\JAVA_FULL_STACK\RestAPI\jerseyProject1\src\main\webapp\temp
05-Jun-2026 10:51:06.007 INFO [main] org.apache.catalina.startup.VersionLoggerListener.log Command line argument: -Djava.util.logging.config.file=D:\JAVA_FULL_STACK\RestAPI\jerseyProject1\src\main\webapp\conf\logging.properties
05-Jun-2026 10:51:06.007 INFO [main] org.apache.catalina.startup.VersionLoggerListener.log Command line argument: -Djava.util.logging.manager=org.apache.juli.ClassLoaderLogManager
05-Jun-2026 10:51:06.007 INFO [main] org.apache.catalina.startup.VersionLoggerListener.log Command line argument: -javaagent:C:\Program Files\JetBrains\IntelliJ IDEA 2026.1.2\lib\idea_rt.jar=56032
05-Jun-2026 10:51:06.008 INFO [main] org.apache.catalina.startup.VersionLoggerListener.log Command line argument: -Dfile.encoding=UTF-8
05-Jun-2026 10:51:06.008 INFO [main] org.apache.catalina.startup.VersionLoggerListener.log Command line argument: -Dsun.stdout.encoding=UTF-8
05-Jun-2026 10:51:06.008 INFO [main] org.apache.catalina.startup.VersionLoggerListener.log Command line argument: -Dsun.stderr.encoding=UTF-8
05-Jun-2026 10:51:06.032 INFO [main] org.apache.catalina.core.AprLifecycleListener.lifecycleEvent The Apache Tomcat Native library which allows using OpenSSL was not found on the java.library.path: [C:\Program Files\JetBrains\IntelliJ IDEA 2026.1.2\jbr\bin;C:\WINDOWS\Sun\Java\bin;C:\WINDOWS\system32;C:\WINDOWS;C:\Program Files\Common Files\Oracle\Java\javapath;C:\WINDOWS\system32;C:\WINDOWS;C:\WINDOWS\System32\Wbem;C:\WINDOWS\System32\WindowsPowerShell\v1.0\;C:\WINDOWS\System32\OpenSSH\;C:\Program Files (x86)\NVIDIA Corporation\PhysX\Common;C:\Program Files\NVIDIA Corporation\NVIDIA NvDLISR;C:\Program Files\MySQL\MySQL Server 8.0\bin;C:\Program Files\nodejs\;C:\Program Files\Git\cmd;C:\Program Files\PuTTY\;C:\Program Files\dotnet\;C:\apache-maven-3.9.16-bin\apache-maven-3.9.16\bin;C:\Program Files\Java\jdk-26\bin;D:\gradle-8.14.5\bin;C:\Program Files\MySQL\MySQL Shell 8.0\bin\;D:\anaconda3;D:\anaconda3\Library\mingw-w64\bin;D:\anaconda3\Library\usr\bin;D:\anaconda3\Library\bin;D:\anaconda3\Scripts;C:\Users\Harsh Khatana\AppData\Local\Programs\Python\Python313\Scripts\;C:\Users\Harsh Khatana\AppData\Local\Programs\Python\Python313\;C:\Users\Harsh Khatana\AppData\Local\Programs\Python\Launcher\;C:\Users\Harsh Khatana\AppData\Local\Microsoft\WindowsApps;C:\Users\Harsh Khatana\AppData\Roaming\npm;D:\vs code setup\Microsoft VS Code\bin;;.]
05-Jun-2026 10:51:06.303 INFO [main] org.apache.coyote.AbstractProtocol.init Initializing ProtocolHandler ["http-nio-8080"]
05-Jun-2026 10:51:06.317 INFO [main] org.apache.catalina.startup.Catalina.load Server initialization in [536] milliseconds
05-Jun-2026 10:51:06.363 INFO [main] org.apache.catalina.core.StandardService.startInternal Starting service [Catalina]
05-Jun-2026 10:51:06.363 INFO [main] org.apache.catalina.core.StandardEngine.startInternal Starting Servlet engine: [Apache Tomcat/10.1.55]
05-Jun-2026 10:51:06.375 INFO [main] org.apache.catalina.startup.HostConfig.deployDescriptor Deploying deployment descriptor [D:\JAVA_FULL_STACK\RestAPI\jerseyProject1\src\main\webapp\conf\Catalina\localhost\jerseyProject1.xml]
05-Jun-2026 10:51:10.315 INFO [main] org.apache.jasper.servlet.TldScanner.scanJars At least one JAR was scanned for TLDs yet contained no TLDs. Enable debug logging for this logger for a complete list of JARs that were scanned but no TLDs were found in them. Skipping unneeded JARs during scanning can improve startup time and JSP compilation time.
05-Jun-2026 10:51:22.274 INFO [main] org.apache.catalina.startup.HostConfig.deployDescriptor Deployment of deployment descriptor [D:\JAVA_FULL_STACK\RestAPI\jerseyProject1\src\main\webapp\conf\Catalina\localhost\jerseyProject1.xml] has finished in [15,896] ms
05-Jun-2026 10:51:22.275 INFO [main] org.apache.catalina.startup.HostConfig.deployDescriptor Deploying deployment descriptor [D:\JAVA_FULL_STACK\RestAPI\jerseyProject1\src\main\webapp\conf\Catalina\localhost\registrationWebApp.xml]
05-Jun-2026 10:51:22.347 INFO [main] org.apache.catalina.startup.HostConfig.deployDescriptor Deployment of deployment descriptor [D:\JAVA_FULL_STACK\RestAPI\jerseyProject1\src\main\webapp\conf\Catalina\localhost\registrationWebApp.xml] has finished in [73] ms
05-Jun-2026 10:51:22.351 INFO [main] org.apache.coyote.AbstractProtocol.start Starting ProtocolHandler ["http-nio-8080"]
05-Jun-2026 10:51:22.387 INFO [main] org.apache.catalina.startup.Catalina.start Server startup in [16069] milliseconds
05-Jun-2026 10:51:46.765 WARNING [http-nio-8080-exec-8] org.glassfish.jersey.server.ServerRuntime$Responder.process An exception mapping did not successfully produce and processed a response. Logging the exception propagated to the default exception mapper.
	java.lang.NullPointerException: Cannot invoke "com.telusko.AlienRepository.getAlienList()" because "this.alienRepository" is null
		at com.telusko.AlienResources.getAlien(AlienResources.java:33)
		at java.base/jdk.internal.reflect.DirectMethodHandleAccessor.invoke(DirectMethodHandleAccessor.java:104)
		at java.base/java.lang.reflect.Method.invoke(Method.java:565)
		at org.glassfish.jersey.server.model.internal.ResourceMethodInvocationHandlerFactory.lambda$static$0(ResourceMethodInvocationHandlerFactory.java:52)
		at org.glassfish.jersey.server.model.internal.AbstractJavaResourceMethodDispatcher$1.run(AbstractJavaResourceMethodDispatcher.java:146)
		at org.glassfish.jersey.server.model.internal.AbstractJavaResourceMethodDispatcher.invoke(AbstractJavaResourceMethodDispatcher.java:189)
		at org.glassfish.jersey.server.model.internal.JavaResourceMethodDispatcherProvider$TypeOutInvoker.doDispatch(JavaResourceMethodDispatcherProvider.java:219)
		at org.glassfish.jersey.server.model.internal.AbstractJavaResourceMethodDispatcher.dispatch(AbstractJavaResourceMethodDispatcher.java:93)
		at org.glassfish.jersey.server.model.ResourceMethodInvoker.invoke(ResourceMethodInvoker.java:478)
		at org.glassfish.jersey.server.model.ResourceMethodInvoker.apply(ResourceMethodInvoker.java:400)
		at org.glassfish.jersey.server.model.ResourceMethodInvoker.apply(ResourceMethodInvoker.java:81)
		at org.glassfish.jersey.server.ServerRuntime$1.run(ServerRuntime.java:263)
		at org.glassfish.jersey.internal.Errors$1.call(Errors.java:248)
		at org.glassfish.jersey.internal.Errors$1.call(Errors.java:244)
		at org.glassfish.jersey.internal.Errors.process(Errors.java:292)
		at org.glassfish.jersey.internal.Errors.process(Errors.java:274)
		at org.glassfish.jersey.internal.Errors.process(Errors.java:244)
		at org.glassfish.jersey.process.internal.RequestScope.runInScope(RequestScope.java:266)
		at org.glassfish.jersey.server.ServerRuntime.process(ServerRuntime.java:242)
		at org.glassfish.jersey.server.ApplicationHandler.handle(ApplicationHandler.java:697)
		at org.glassfish.jersey.servlet.WebComponent.serviceImpl(WebComponent.java:394)
		at org.glassfish.jersey.servlet.WebComponent.service(WebComponent.java:346)
		at org.glassfish.jersey.servlet.ServletContainer.service(ServletContainer.java:358)
		at org.glassfish.jersey.servlet.ServletContainer.service(ServletContainer.java:312)
		at org.glassfish.jersey.servlet.ServletContainer.service(ServletContainer.java:205)
		at org.apache.catalina.core.ApplicationFilterChain.internalDoFilter(ApplicationFilterChain.java:193)
		at org.apache.catalina.core.ApplicationFilterChain.doFilter(ApplicationFilterChain.java:138)
		at org.apache.tomcat.websocket.server.WsFilter.doFilter(WsFilter.java:51)
		at org.apache.catalina.core.ApplicationFilterChain.internalDoFilter(ApplicationFilterChain.java:162)
		at org.apache.catalina.core.ApplicationFilterChain.doFilter(ApplicationFilterChain.java:138)
		at org.apache.catalina.core.StandardWrapperValve.invoke(StandardWrapperValve.java:165)
		at org.apache.catalina.core.StandardContextValve.invoke(StandardContextValve.java:88)
		at org.apache.catalina.authenticator.AuthenticatorBase.invoke(AuthenticatorBase.java:492)
		at org.apache.catalina.core.StandardHostValve.invoke(StandardHostValve.java:113)
		at org.apache.catalina.valves.ErrorReportValve.invoke(ErrorReportValve.java:83)
		at org.apache.catalina.valves.AbstractAccessLogValve.invoke(AbstractAccessLogValve.java:782)
		at org.apache.catalina.core.StandardEngineValve.invoke(StandardEngineValve.java:72)
		at org.apache.catalina.connector.CoyoteAdapter.service(CoyoteAdapter.java:342)
		at org.apache.coyote.http11.Http11Processor.service(Http11Processor.java:399)
		at org.apache.coyote.AbstractProcessorLight.process(AbstractProcessorLight.java:63)
		at org.apache.coyote.AbstractProtocol$ConnectionHandler.process(AbstractProtocol.java:1272)
		at org.apache.tomcat.util.net.NioEndpoint$SocketProcessor.doRun(NioEndpoint.java:1797)
		at org.apache.tomcat.util.net.SocketProcessorBase.run(SocketProcessorBase.java:52)
		at org.apache.tomcat.util.threads.ThreadPoolExecutor.runWorker(ThreadPoolExecutor.java:973)
		at org.apache.tomcat.util.threads.ThreadPoolExecutor$Worker.run(ThreadPoolExecutor.java:491)
		at org.apache.tomcat.util.threads.TaskThread$WrappingRunnable.run(TaskThread.java:63)
		at java.base/java.lang.Thread.run(Thread.java:1474)
05-Jun-2026 10:53:54.850 INFO [Thread-1] org.apache.coyote.AbstractProtocol.pause Pausing ProtocolHandler ["http-nio-8080"]
05-Jun-2026 10:53:54.868 INFO [Thread-1] org.apache.catalina.core.StandardService.stopInternal Stopping service [Catalina]
05-Jun-2026 10:53:54.902 INFO [Thread-1] org.apache.coyote.AbstractProtocol.stop Stopping ProtocolHandler ["http-nio-8080"]
05-Jun-2026 10:53:54.912 INFO [Thread-1] org.apache.coyote.AbstractProtocol.destroy Destroying ProtocolHandler ["http-nio-8080"]
05-Jun-2026 10:53:57.472 INFO [main] org.apache.catalina.startup.VersionLoggerListener.log Server version name:   Apache Tomcat/10.1.55
05-Jun-2026 10:53:57.475 INFO [main] org.apache.catalina.startup.VersionLoggerListener.log Server built:          May 5 2026 13:33:02 UTC
05-Jun-2026 10:53:57.475 INFO [main] org.apache.catalina.startup.VersionLoggerListener.log Server version number: 10.1.55.0
05-Jun-2026 10:53:57.475 INFO [main] org.apache.catalina.startup.VersionLoggerListener.log OS Name:               Windows 11
05-Jun-2026 10:53:57.475 INFO [main] org.apache.catalina.startup.VersionLoggerListener.log OS Version:            10.0
05-Jun-2026 10:53:57.475 INFO [main] org.apache.catalina.startup.VersionLoggerListener.log Architecture:          amd64
05-Jun-2026 10:53:57.475 INFO [main] org.apache.catalina.startup.VersionLoggerListener.log Java Home:             C:\Program Files\JetBrains\IntelliJ IDEA 2026.1.2\jbr
05-Jun-2026 10:53:57.476 INFO [main] org.apache.catalina.startup.VersionLoggerListener.log JVM Version:           25.0.2+1-b329.117
05-Jun-2026 10:53:57.476 INFO [main] org.apache.catalina.startup.VersionLoggerListener.log JVM Vendor:            JetBrains s.r.o.
05-Jun-2026 10:53:57.476 INFO [main] org.apache.catalina.startup.VersionLoggerListener.log CATALINA_BASE:         D:\JAVA_FULL_STACK\RestAPI\jerseyProject1\src\main\webapp
05-Jun-2026 10:53:57.476 INFO [main] org.apache.catalina.startup.VersionLoggerListener.log CATALINA_HOME:         C:\Program Files\Apache Software Foundation\Tomcat 10.1
05-Jun-2026 10:53:57.487 INFO [main] org.apache.catalina.startup.VersionLoggerListener.log Command line argument: --add-opens=java.base/java.lang=ALL-UNNAMED
05-Jun-2026 10:53:57.487 INFO [main] org.apache.catalina.startup.VersionLoggerListener.log Command line argument: --add-opens=java.base/java.io=ALL-UNNAMED
05-Jun-2026 10:53:57.487 INFO [main] org.apache.catalina.startup.VersionLoggerListener.log Command line argument: --add-opens=java.base/java.util=ALL-UNNAMED
05-Jun-2026 10:53:57.487 INFO [main] org.apache.catalina.startup.VersionLoggerListener.log Command line argument: --add-opens=java.base/java.util.concurrent=ALL-UNNAMED
05-Jun-2026 10:53:57.487 INFO [main] org.apache.catalina.startup.VersionLoggerListener.log Command line argument: --add-opens=java.rmi/sun.rmi.transport=ALL-UNNAMED
05-Jun-2026 10:53:57.487 INFO [main] org.apache.catalina.startup.VersionLoggerListener.log Command line argument: -Dcatalina.home=C:\Program Files\Apache Software Foundation\Tomcat 10.1
05-Jun-2026 10:53:57.487 INFO [main] org.apache.catalina.startup.VersionLoggerListener.log Command line argument: -Dcatalina.base=D:\JAVA_FULL_STACK\RestAPI\jerseyProject1\src\main\webapp
05-Jun-2026 10:53:57.487 INFO [main] org.apache.catalina.startup.VersionLoggerListener.log Command line argument: -Djava.io.tmpdir=D:\JAVA_FULL_STACK\RestAPI\jerseyProject1\src\main\webapp\temp
05-Jun-2026 10:53:57.487 INFO [main] org.apache.catalina.startup.VersionLoggerListener.log Command line argument: -Djava.util.logging.config.file=D:\JAVA_FULL_STACK\RestAPI\jerseyProject1\src\main\webapp\conf\logging.properties
05-Jun-2026 10:53:57.487 INFO [main] org.apache.catalina.startup.VersionLoggerListener.log Command line argument: -Djava.util.logging.manager=org.apache.juli.ClassLoaderLogManager
05-Jun-2026 10:53:57.488 INFO [main] org.apache.catalina.startup.VersionLoggerListener.log Command line argument: -javaagent:C:\Program Files\JetBrains\IntelliJ IDEA 2026.1.2\lib\idea_rt.jar=60852
05-Jun-2026 10:53:57.488 INFO [main] org.apache.catalina.startup.VersionLoggerListener.log Command line argument: -Dfile.encoding=UTF-8
05-Jun-2026 10:53:57.488 INFO [main] org.apache.catalina.startup.VersionLoggerListener.log Command line argument: -Dsun.stdout.encoding=UTF-8
05-Jun-2026 10:53:57.488 INFO [main] org.apache.catalina.startup.VersionLoggerListener.log Command line argument: -Dsun.stderr.encoding=UTF-8
05-Jun-2026 10:53:57.510 INFO [main] org.apache.catalina.core.AprLifecycleListener.lifecycleEvent The Apache Tomcat Native library which allows using OpenSSL was not found on the java.library.path: [C:\Program Files\JetBrains\IntelliJ IDEA 2026.1.2\jbr\bin;C:\WINDOWS\Sun\Java\bin;C:\WINDOWS\system32;C:\WINDOWS;C:\Program Files\Common Files\Oracle\Java\javapath;C:\WINDOWS\system32;C:\WINDOWS;C:\WINDOWS\System32\Wbem;C:\WINDOWS\System32\WindowsPowerShell\v1.0\;C:\WINDOWS\System32\OpenSSH\;C:\Program Files (x86)\NVIDIA Corporation\PhysX\Common;C:\Program Files\NVIDIA Corporation\NVIDIA NvDLISR;C:\Program Files\MySQL\MySQL Server 8.0\bin;C:\Program Files\nodejs\;C:\Program Files\Git\cmd;C:\Program Files\PuTTY\;C:\Program Files\dotnet\;C:\apache-maven-3.9.16-bin\apache-maven-3.9.16\bin;C:\Program Files\Java\jdk-26\bin;D:\gradle-8.14.5\bin;C:\Program Files\MySQL\MySQL Shell 8.0\bin\;D:\anaconda3;D:\anaconda3\Library\mingw-w64\bin;D:\anaconda3\Library\usr\bin;D:\anaconda3\Library\bin;D:\anaconda3\Scripts;C:\Users\Harsh Khatana\AppData\Local\Programs\Python\Python313\Scripts\;C:\Users\Harsh Khatana\AppData\Local\Programs\Python\Python313\;C:\Users\Harsh Khatana\AppData\Local\Programs\Python\Launcher\;C:\Users\Harsh Khatana\AppData\Local\Microsoft\WindowsApps;C:\Users\Harsh Khatana\AppData\Roaming\npm;D:\vs code setup\Microsoft VS Code\bin;;.]
05-Jun-2026 10:53:57.794 INFO [main] org.apache.coyote.AbstractProtocol.init Initializing ProtocolHandler ["http-nio-8080"]
05-Jun-2026 10:53:57.811 INFO [main] org.apache.catalina.startup.Catalina.load Server initialization in [546] milliseconds
05-Jun-2026 10:53:57.860 INFO [main] org.apache.catalina.core.StandardService.startInternal Starting service [Catalina]
05-Jun-2026 10:53:57.860 INFO [main] org.apache.catalina.core.StandardEngine.startInternal Starting Servlet engine: [Apache Tomcat/10.1.55]
05-Jun-2026 10:53:57.875 INFO [main] org.apache.catalina.startup.HostConfig.deployDescriptor Deploying deployment descriptor [D:\JAVA_FULL_STACK\RestAPI\jerseyProject1\src\main\webapp\conf\Catalina\localhost\jerseyProject1.xml]
05-Jun-2026 10:54:02.600 INFO [main] org.apache.jasper.servlet.TldScanner.scanJars At least one JAR was scanned for TLDs yet contained no TLDs. Enable debug logging for this logger for a complete list of JARs that were scanned but no TLDs were found in them. Skipping unneeded JARs during scanning can improve startup time and JSP compilation time.
05-Jun-2026 10:54:15.268 INFO [main] org.apache.catalina.startup.HostConfig.deployDescriptor Deployment of deployment descriptor [D:\JAVA_FULL_STACK\RestAPI\jerseyProject1\src\main\webapp\conf\Catalina\localhost\jerseyProject1.xml] has finished in [17,388] ms
05-Jun-2026 10:54:15.268 INFO [main] org.apache.catalina.startup.HostConfig.deployDescriptor Deploying deployment descriptor [D:\JAVA_FULL_STACK\RestAPI\jerseyProject1\src\main\webapp\conf\Catalina\localhost\registrationWebApp.xml]
05-Jun-2026 10:54:15.340 INFO [main] org.apache.catalina.startup.HostConfig.deployDescriptor Deployment of deployment descriptor [D:\JAVA_FULL_STACK\RestAPI\jerseyProject1\src\main\webapp\conf\Catalina\localhost\registrationWebApp.xml] has finished in [72] ms
05-Jun-2026 10:54:15.345 INFO [main] org.apache.coyote.AbstractProtocol.start Starting ProtocolHandler ["http-nio-8080"]
05-Jun-2026 10:54:15.384 INFO [main] org.apache.catalina.startup.Catalina.start Server startup in [17571] milliseconds
05-Jun-2026 10:54:23.412 WARNING [http-nio-8080-exec-3] org.glassfish.jersey.server.ServerRuntime$Responder.process An exception mapping did not successfully produce and processed a response. Logging the exception propagated to the default exception mapper.
MultiException stack 1 of 2
	java.lang.NullPointerException: Cannot invoke "java.util.List.add(Object)" because "this.alienList" is null
		at com.telusko.AlienRepository.<init>(AlienRepository.java:24)
		at com.telusko.AlienResources.<init>(AlienResources.java:16)
		at java.base/jdk.internal.reflect.DirectConstructorHandleAccessor.newInstance(DirectConstructorHandleAccessor.java:62)
		at java.base/java.lang.reflect.Constructor.newInstanceWithCaller(Constructor.java:499)
		at java.base/java.lang.reflect.Constructor.newInstance(Constructor.java:483)
		at org.glassfish.hk2.utilities.reflection.ReflectionHelper.makeMe(ReflectionHelper.java:1356)
		at org.jvnet.hk2.internal.ClazzCreator.createMe(ClazzCreator.java:271)
		at org.jvnet.hk2.internal.ClazzCreator.create(ClazzCreator.java:395)
		at org.jvnet.hk2.internal.SystemDescriptor.create(SystemDescriptor.java:466)
		at org.glassfish.jersey.inject.hk2.RequestContext.findOrCreate(RequestContext.java:59)
		at org.jvnet.hk2.internal.Utilities.createService(Utilities.java:2109)
		at org.jvnet.hk2.internal.ServiceLocatorImpl.internalGetService(ServiceLocatorImpl.java:769)
		at org.jvnet.hk2.internal.ServiceLocatorImpl.internalGetService(ServiceLocatorImpl.java:732)
		at org.jvnet.hk2.internal.ServiceLocatorImpl.getService(ServiceLocatorImpl.java:702)
		at org.glassfish.jersey.inject.hk2.AbstractHk2InjectionManager.getInstance(AbstractHk2InjectionManager.java:160)
		at org.glassfish.jersey.inject.hk2.ImmediateHk2InjectionManager.getInstance(ImmediateHk2InjectionManager.java:30)
		at org.glassfish.jersey.internal.inject.Injections.getOrCreate(Injections.java:122)
		at org.glassfish.jersey.server.model.MethodHandler$ClassBasedMethodHandler.getInstance(MethodHandler.java:260)
		at org.glassfish.jersey.server.internal.routing.PushMethodHandlerRouter.apply(PushMethodHandlerRouter.java:51)
		at org.glassfish.jersey.server.internal.routing.RoutingStage._apply(RoutingStage.java:86)
		at org.glassfish.jersey.server.internal.routing.RoutingStage._apply(RoutingStage.java:89)
		at org.glassfish.jersey.server.internal.routing.RoutingStage._apply(RoutingStage.java:89)
		at org.glassfish.jersey.server.internal.routing.RoutingStage._apply(RoutingStage.java:89)
		at org.glassfish.jersey.server.internal.routing.RoutingStage.apply(RoutingStage.java:69)
		at org.glassfish.jersey.server.internal.routing.RoutingStage.apply(RoutingStage.java:38)
		at org.glassfish.jersey.process.internal.Stages.process(Stages.java:173)
		at org.glassfish.jersey.server.ServerRuntime$1.run(ServerRuntime.java:255)
		at org.glassfish.jersey.internal.Errors$1.call(Errors.java:248)
		at org.glassfish.jersey.internal.Errors$1.call(Errors.java:244)
		at org.glassfish.jersey.internal.Errors.process(Errors.java:292)
		at org.glassfish.jersey.internal.Errors.process(Errors.java:274)
		at org.glassfish.jersey.internal.Errors.process(Errors.java:244)
		at org.glassfish.jersey.process.internal.RequestScope.runInScope(RequestScope.java:266)
		at org.glassfish.jersey.server.ServerRuntime.process(ServerRuntime.java:242)
		at org.glassfish.jersey.server.ApplicationHandler.handle(ApplicationHandler.java:697)
		at org.glassfish.jersey.servlet.WebComponent.serviceImpl(WebComponent.java:394)
		at org.glassfish.jersey.servlet.WebComponent.service(WebComponent.java:346)
		at org.glassfish.jersey.servlet.ServletContainer.service(ServletContainer.java:358)
		at org.glassfish.jersey.servlet.ServletContainer.service(ServletContainer.java:312)
		at org.glassfish.jersey.servlet.ServletContainer.service(ServletContainer.java:205)
		at org.apache.catalina.core.ApplicationFilterChain.internalDoFilter(ApplicationFilterChain.java:193)
		at org.apache.catalina.core.ApplicationFilterChain.doFilter(ApplicationFilterChain.java:138)
		at org.apache.tomcat.websocket.server.WsFilter.doFilter(WsFilter.java:51)
		at org.apache.catalina.core.ApplicationFilterChain.internalDoFilter(ApplicationFilterChain.java:162)
		at org.apache.catalina.core.ApplicationFilterChain.doFilter(ApplicationFilterChain.java:138)
		at org.apache.catalina.core.StandardWrapperValve.invoke(StandardWrapperValve.java:165)
		at org.apache.catalina.core.StandardContextValve.invoke(StandardContextValve.java:88)
		at org.apache.catalina.authenticator.AuthenticatorBase.invoke(AuthenticatorBase.java:492)
		at org.apache.catalina.core.StandardHostValve.invoke(StandardHostValve.java:113)
		at org.apache.catalina.valves.ErrorReportValve.invoke(ErrorReportValve.java:83)
		at org.apache.catalina.valves.AbstractAccessLogValve.invoke(AbstractAccessLogValve.java:782)
		at org.apache.catalina.core.StandardEngineValve.invoke(StandardEngineValve.java:72)
		at org.apache.catalina.connector.CoyoteAdapter.service(CoyoteAdapter.java:342)
		at org.apache.coyote.http11.Http11Processor.service(Http11Processor.java:399)
		at org.apache.coyote.AbstractProcessorLight.process(AbstractProcessorLight.java:63)
		at org.apache.coyote.AbstractProtocol$ConnectionHandler.process(AbstractProtocol.java:1272)
		at org.apache.tomcat.util.net.NioEndpoint$SocketProcessor.doRun(NioEndpoint.java:1797)
		at org.apache.tomcat.util.net.SocketProcessorBase.run(SocketProcessorBase.java:52)
		at org.apache.tomcat.util.threads.ThreadPoolExecutor.runWorker(ThreadPoolExecutor.java:973)
		at org.apache.tomcat.util.threads.ThreadPoolExecutor$Worker.run(ThreadPoolExecutor.java:491)
		at org.apache.tomcat.util.threads.TaskThread$WrappingRunnable.run(TaskThread.java:63)
		at java.base/java.lang.Thread.run(Thread.java:1474)
MultiException stack 2 of 2
	java.lang.IllegalStateException: Unable to perform operation: create on com.telusko.AlienResources
		at org.jvnet.hk2.internal.ClazzCreator.create(ClazzCreator.java:428)
		at org.jvnet.hk2.internal.SystemDescriptor.create(SystemDescriptor.java:466)
		at org.glassfish.jersey.inject.hk2.RequestContext.findOrCreate(RequestContext.java:59)
		at org.jvnet.hk2.internal.Utilities.createService(Utilities.java:2109)
		at org.jvnet.hk2.internal.ServiceLocatorImpl.internalGetService(ServiceLocatorImpl.java:769)
		at org.jvnet.hk2.internal.ServiceLocatorImpl.internalGetService(ServiceLocatorImpl.java:732)
		at org.jvnet.hk2.internal.ServiceLocatorImpl.getService(ServiceLocatorImpl.java:702)
		at org.glassfish.jersey.inject.hk2.AbstractHk2InjectionManager.getInstance(AbstractHk2InjectionManager.java:160)
		at org.glassfish.jersey.inject.hk2.ImmediateHk2InjectionManager.getInstance(ImmediateHk2InjectionManager.java:30)
		at org.glassfish.jersey.internal.inject.Injections.getOrCreate(Injections.java:122)
		at org.glassfish.jersey.server.model.MethodHandler$ClassBasedMethodHandler.getInstance(MethodHandler.java:260)
		at org.glassfish.jersey.server.internal.routing.PushMethodHandlerRouter.apply(PushMethodHandlerRouter.java:51)
		at org.glassfish.jersey.server.internal.routing.RoutingStage._apply(RoutingStage.java:86)
		at org.glassfish.jersey.server.internal.routing.RoutingStage._apply(RoutingStage.java:89)
		at org.glassfish.jersey.server.internal.routing.RoutingStage._apply(RoutingStage.java:89)
		at org.glassfish.jersey.server.internal.routing.RoutingStage._apply(RoutingStage.java:89)
		at org.glassfish.jersey.server.internal.routing.RoutingStage.apply(RoutingStage.java:69)
		at org.glassfish.jersey.server.internal.routing.RoutingStage.apply(RoutingStage.java:38)
		at org.glassfish.jersey.process.internal.Stages.process(Stages.java:173)
		at org.glassfish.jersey.server.ServerRuntime$1.run(ServerRuntime.java:255)
		at org.glassfish.jersey.internal.Errors$1.call(Errors.java:248)
		at org.glassfish.jersey.internal.Errors$1.call(Errors.java:244)
		at org.glassfish.jersey.internal.Errors.process(Errors.java:292)
		at org.glassfish.jersey.internal.Errors.process(Errors.java:274)
		at org.glassfish.jersey.internal.Errors.process(Errors.java:244)
		at org.glassfish.jersey.process.internal.RequestScope.runInScope(RequestScope.java:266)
		at org.glassfish.jersey.server.ServerRuntime.process(ServerRuntime.java:242)
		at org.glassfish.jersey.server.ApplicationHandler.handle(ApplicationHandler.java:697)
		at org.glassfish.jersey.servlet.WebComponent.serviceImpl(WebComponent.java:394)
		at org.glassfish.jersey.servlet.WebComponent.service(WebComponent.java:346)
		at org.glassfish.jersey.servlet.ServletContainer.service(ServletContainer.java:358)
		at org.glassfish.jersey.servlet.ServletContainer.service(ServletContainer.java:312)
		at org.glassfish.jersey.servlet.ServletContainer.service(ServletContainer.java:205)
		at org.apache.catalina.core.ApplicationFilterChain.internalDoFilter(ApplicationFilterChain.java:193)
		at org.apache.catalina.core.ApplicationFilterChain.doFilter(ApplicationFilterChain.java:138)
		at org.apache.tomcat.websocket.server.WsFilter.doFilter(WsFilter.java:51)
		at org.apache.catalina.core.ApplicationFilterChain.internalDoFilter(ApplicationFilterChain.java:162)
		at org.apache.catalina.core.ApplicationFilterChain.doFilter(ApplicationFilterChain.java:138)
		at org.apache.catalina.core.StandardWrapperValve.invoke(StandardWrapperValve.java:165)
		at org.apache.catalina.core.StandardContextValve.invoke(StandardContextValve.java:88)
		at org.apache.catalina.authenticator.AuthenticatorBase.invoke(AuthenticatorBase.java:492)
		at org.apache.catalina.core.StandardHostValve.invoke(StandardHostValve.java:113)
		at org.apache.catalina.valves.ErrorReportValve.invoke(ErrorReportValve.java:83)
		at org.apache.catalina.valves.AbstractAccessLogValve.invoke(AbstractAccessLogValve.java:782)
		at org.apache.catalina.core.StandardEngineValve.invoke(StandardEngineValve.java:72)
		at org.apache.catalina.connector.CoyoteAdapter.service(CoyoteAdapter.java:342)
		at org.apache.coyote.http11.Http11Processor.service(Http11Processor.java:399)
		at org.apache.coyote.AbstractProcessorLight.process(AbstractProcessorLight.java:63)
		at org.apache.coyote.AbstractProtocol$ConnectionHandler.process(AbstractProtocol.java:1272)
		at org.apache.tomcat.util.net.NioEndpoint$SocketProcessor.doRun(NioEndpoint.java:1797)
		at org.apache.tomcat.util.net.SocketProcessorBase.run(SocketProcessorBase.java:52)
		at org.apache.tomcat.util.threads.ThreadPoolExecutor.runWorker(ThreadPoolExecutor.java:973)
		at org.apache.tomcat.util.threads.ThreadPoolExecutor$Worker.run(ThreadPoolExecutor.java:491)
		at org.apache.tomcat.util.threads.TaskThread$WrappingRunnable.run(TaskThread.java:63)
		at java.base/java.lang.Thread.run(Thread.java:1474)
05-Jun-2026 10:54:23.603 WARNING [http-nio-8080-exec-3] org.glassfish.jersey.internal.Errors.logErrors The following warnings have been detected: WARNING: Unknown HK2 failure detected:
MultiException stack 1 of 2
java.lang.NullPointerException: Cannot invoke "java.util.List.add(Object)" because "this.alienList" is null
	at com.telusko.AlienRepository.<init>(AlienRepository.java:24)
	at com.telusko.AlienResources.<init>(AlienResources.java:16)
	at java.base/jdk.internal.reflect.DirectConstructorHandleAccessor.newInstance(DirectConstructorHandleAccessor.java:62)
	at java.base/java.lang.reflect.Constructor.newInstanceWithCaller(Constructor.java:499)
	at java.base/java.lang.reflect.Constructor.newInstance(Constructor.java:483)
	at org.glassfish.hk2.utilities.reflection.ReflectionHelper.makeMe(ReflectionHelper.java:1356)
	at org.jvnet.hk2.internal.ClazzCreator.createMe(ClazzCreator.java:271)
	at org.jvnet.hk2.internal.ClazzCreator.create(ClazzCreator.java:395)
	at org.jvnet.hk2.internal.SystemDescriptor.create(SystemDescriptor.java:466)
	at org.glassfish.jersey.inject.hk2.RequestContext.findOrCreate(RequestContext.java:59)
	at org.jvnet.hk2.internal.Utilities.createService(Utilities.java:2109)
	at org.jvnet.hk2.internal.ServiceLocatorImpl.internalGetService(ServiceLocatorImpl.java:769)
	at org.jvnet.hk2.internal.ServiceLocatorImpl.internalGetService(ServiceLocatorImpl.java:732)
	at org.jvnet.hk2.internal.ServiceLocatorImpl.getService(ServiceLocatorImpl.java:702)
	at org.glassfish.jersey.inject.hk2.AbstractHk2InjectionManager.getInstance(AbstractHk2InjectionManager.java:160)
	at org.glassfish.jersey.inject.hk2.ImmediateHk2InjectionManager.getInstance(ImmediateHk2InjectionManager.java:30)
	at org.glassfish.jersey.internal.inject.Injections.getOrCreate(Injections.java:122)
	at org.glassfish.jersey.server.model.MethodHandler$ClassBasedMethodHandler.getInstance(MethodHandler.java:260)
	at org.glassfish.jersey.server.internal.routing.PushMethodHandlerRouter.apply(PushMethodHandlerRouter.java:51)
	at org.glassfish.jersey.server.internal.routing.RoutingStage._apply(RoutingStage.java:86)
	at org.glassfish.jersey.server.internal.routing.RoutingStage._apply(RoutingStage.java:89)
	at org.glassfish.jersey.server.internal.routing.RoutingStage._apply(RoutingStage.java:89)
	at org.glassfish.jersey.server.internal.routing.RoutingStage._apply(RoutingStage.java:89)
	at org.glassfish.jersey.server.internal.routing.RoutingStage.apply(RoutingStage.java:69)
	at org.glassfish.jersey.server.internal.routing.RoutingStage.apply(RoutingStage.java:38)
	at org.glassfish.jersey.process.internal.Stages.process(Stages.java:173)
	at org.glassfish.jersey.server.ServerRuntime$1.run(ServerRuntime.java:255)
	at org.glassfish.jersey.internal.Errors$1.call(Errors.java:248)
	at org.glassfish.jersey.internal.Errors$1.call(Errors.java:244)
	at org.glassfish.jersey.internal.Errors.process(Errors.java:292)
	at org.glassfish.jersey.internal.Errors.process(Errors.java:274)
	at org.glassfish.jersey.internal.Errors.process(Errors.java:244)
	at org.glassfish.jersey.process.internal.RequestScope.runInScope(RequestScope.java:266)
	at org.glassfish.jersey.server.ServerRuntime.process(ServerRuntime.java:242)
	at org.glassfish.jersey.server.ApplicationHandler.handle(ApplicationHandler.java:697)
	at org.glassfish.jersey.servlet.WebComponent.serviceImpl(WebComponent.java:394)
	at org.glassfish.jersey.servlet.WebComponent.service(WebComponent.java:346)
	at org.glassfish.jersey.servlet.ServletContainer.service(ServletContainer.java:358)
	at org.glassfish.jersey.servlet.ServletContainer.service(ServletContainer.java:312)
	at org.glassfish.jersey.servlet.ServletContainer.service(ServletContainer.java:205)
	at org.apache.catalina.core.ApplicationFilterChain.internalDoFilter(ApplicationFilterChain.java:193)
	at org.apache.catalina.core.ApplicationFilterChain.doFilter(ApplicationFilterChain.java:138)
	at org.apache.tomcat.websocket.server.WsFilter.doFilter(WsFilter.java:51)
	at org.apache.catalina.core.ApplicationFilterChain.internalDoFilter(ApplicationFilterChain.java:162)
	at org.apache.catalina.core.ApplicationFilterChain.doFilter(ApplicationFilterChain.java:138)
	at org.apache.catalina.core.StandardWrapperValve.invoke(StandardWrapperValve.java:165)
	at org.apache.catalina.core.StandardContextValve.invoke(StandardContextValve.java:88)
	at org.apache.catalina.authenticator.AuthenticatorBase.invoke(AuthenticatorBase.java:492)
	at org.apache.catalina.core.StandardHostValve.invoke(StandardHostValve.java:113)
	at org.apache.catalina.valves.ErrorReportValve.invoke(ErrorReportValve.java:83)
	at org.apache.catalina.valves.AbstractAccessLogValve.invoke(AbstractAccessLogValve.java:782)
	at org.apache.catalina.core.StandardEngineValve.invoke(StandardEngineValve.java:72)
	at org.apache.catalina.connector.CoyoteAdapter.service(CoyoteAdapter.java:342)
	at org.apache.coyote.http11.Http11Processor.service(Http11Processor.java:399)
	at org.apache.coyote.AbstractProcessorLight.process(AbstractProcessorLight.java:63)
	at org.apache.coyote.AbstractProtocol$ConnectionHandler.process(AbstractProtocol.java:1272)
	at org.apache.tomcat.util.net.NioEndpoint$SocketProcessor.doRun(NioEndpoint.java:1797)
	at org.apache.tomcat.util.net.SocketProcessorBase.run(SocketProcessorBase.java:52)
	at org.apache.tomcat.util.threads.ThreadPoolExecutor.runWorker(ThreadPoolExecutor.java:973)
	at org.apache.tomcat.util.threads.ThreadPoolExecutor$Worker.run(ThreadPoolExecutor.java:491)
	at org.apache.tomcat.util.threads.TaskThread$WrappingRunnable.run(TaskThread.java:63)
	at java.base/java.lang.Thread.run(Thread.java:1474)
MultiException stack 2 of 2
java.lang.IllegalStateException: Unable to perform operation: create on com.telusko.AlienResources
	at org.jvnet.hk2.internal.ClazzCreator.create(ClazzCreator.java:428)
	at org.jvnet.hk2.internal.SystemDescriptor.create(SystemDescriptor.java:466)
	at org.glassfish.jersey.inject.hk2.RequestContext.findOrCreate(RequestContext.java:59)
	at org.jvnet.hk2.internal.Utilities.createService(Utilities.java:2109)
	at org.jvnet.hk2.internal.ServiceLocatorImpl.internalGetService(ServiceLocatorImpl.java:769)
	at org.jvnet.hk2.internal.ServiceLocatorImpl.internalGetService(ServiceLocatorImpl.java:732)
	at org.jvnet.hk2.internal.ServiceLocatorImpl.getService(ServiceLocatorImpl.java:702)
	at org.glassfish.jersey.inject.hk2.AbstractHk2InjectionManager.getInstance(AbstractHk2InjectionManager.java:160)
	at org.glassfish.jersey.inject.hk2.ImmediateHk2InjectionManager.getInstance(ImmediateHk2InjectionManager.java:30)
	at org.glassfish.jersey.internal.inject.Injections.getOrCreate(Injections.java:122)
	at org.glassfish.jersey.server.model.MethodHandler$ClassBasedMethodHandler.getInstance(MethodHandler.java:260)
	at org.glassfish.jersey.server.internal.routing.PushMethodHandlerRouter.apply(PushMethodHandlerRouter.java:51)
	at org.glassfish.jersey.server.internal.routing.RoutingStage._apply(RoutingStage.java:86)
	at org.glassfish.jersey.server.internal.routing.RoutingStage._apply(RoutingStage.java:89)
	at org.glassfish.jersey.server.internal.routing.RoutingStage._apply(RoutingStage.java:89)
	at org.glassfish.jersey.server.internal.routing.RoutingStage._apply(RoutingStage.java:89)
	at org.glassfish.jersey.server.internal.routing.RoutingStage.apply(RoutingStage.java:69)
	at org.glassfish.jersey.server.internal.routing.RoutingStage.apply(RoutingStage.java:38)
	at org.glassfish.jersey.process.internal.Stages.process(Stages.java:173)
	at org.glassfish.jersey.server.ServerRuntime$1.run(ServerRuntime.java:255)
	at org.glassfish.jersey.internal.Errors$1.call(Errors.java:248)
	at org.glassfish.jersey.internal.Errors$1.call(Errors.java:244)
	at org.glassfish.jersey.internal.Errors.process(Errors.java:292)
	at org.glassfish.jersey.internal.Errors.process(Errors.java:274)
	at org.glassfish.jersey.internal.Errors.process(Errors.java:244)
	at org.glassfish.jersey.process.internal.RequestScope.runInScope(RequestScope.java:266)
	at org.glassfish.jersey.server.ServerRuntime.process(ServerRuntime.java:242)
	at org.glassfish.jersey.server.ApplicationHandler.handle(ApplicationHandler.java:697)
	at org.glassfish.jersey.servlet.WebComponent.serviceImpl(WebComponent.java:394)
	at org.glassfish.jersey.servlet.WebComponent.service(WebComponent.java:346)
	at org.glassfish.jersey.servlet.ServletContainer.service(ServletContainer.java:358)
	at org.glassfish.jersey.servlet.ServletContainer.service(ServletContainer.java:312)
	at org.glassfish.jersey.servlet.ServletContainer.service(ServletContainer.java:205)
	at org.apache.catalina.core.ApplicationFilterChain.internalDoFilter(ApplicationFilterChain.java:193)
	at org.apache.catalina.core.ApplicationFilterChain.doFilter(ApplicationFilterChain.java:138)
	at org.apache.tomcat.websocket.server.WsFilter.doFilter(WsFilter.java:51)
	at org.apache.catalina.core.ApplicationFilterChain.internalDoFilter(ApplicationFilterChain.java:162)
	at org.apache.catalina.core.ApplicationFilterChain.doFilter(ApplicationFilterChain.java:138)
	at org.apache.catalina.core.StandardWrapperValve.invoke(StandardWrapperValve.java:165)
	at org.apache.catalina.core.StandardContextValve.invoke(StandardContextValve.java:88)
	at org.apache.catalina.authenticator.AuthenticatorBase.invoke(AuthenticatorBase.java:492)
	at org.apache.catalina.core.StandardHostValve.invoke(StandardHostValve.java:113)
	at org.apache.catalina.valves.ErrorReportValve.invoke(ErrorReportValve.java:83)
	at org.apache.catalina.valves.AbstractAccessLogValve.invoke(AbstractAccessLogValve.java:782)
	at org.apache.catalina.core.StandardEngineValve.invoke(StandardEngineValve.java:72)
	at org.apache.catalina.connector.CoyoteAdapter.service(CoyoteAdapter.java:342)
	at org.apache.coyote.http11.Http11Processor.service(Http11Processor.java:399)
	at org.apache.coyote.AbstractProcessorLight.process(AbstractProcessorLight.java:63)
	at org.apache.coyote.AbstractProtocol$ConnectionHandler.process(AbstractProtocol.java:1272)
	at org.apache.tomcat.util.net.NioEndpoint$SocketProcessor.doRun(NioEndpoint.java:1797)
	at org.apache.tomcat.util.net.SocketProcessorBase.run(SocketProcessorBase.java:52)
	at org.apache.tomcat.util.threads.ThreadPoolExecutor.runWorker(ThreadPoolExecutor.java:973)
	at org.apache.tomcat.util.threads.ThreadPoolExecutor$Worker.run(ThreadPoolExecutor.java:491)
	at org.apache.tomcat.util.threads.TaskThread$WrappingRunnable.run(TaskThread.java:63)
	at java.base/java.lang.Thread.run(Thread.java:1474)


05-Jun-2026 10:55:31.577 INFO [Thread-1] org.apache.coyote.AbstractProtocol.pause Pausing ProtocolHandler ["http-nio-8080"]
05-Jun-2026 10:55:31.593 INFO [Thread-1] org.apache.catalina.core.StandardService.stopInternal Stopping service [Catalina]
05-Jun-2026 10:55:31.633 INFO [Thread-1] org.apache.coyote.AbstractProtocol.stop Stopping ProtocolHandler ["http-nio-8080"]
05-Jun-2026 10:55:31.636 INFO [Thread-1] org.apache.coyote.AbstractProtocol.destroy Destroying ProtocolHandler ["http-nio-8080"]
05-Jun-2026 10:55:34.156 INFO [main] org.apache.catalina.startup.VersionLoggerListener.log Server version name:   Apache Tomcat/10.1.55
05-Jun-2026 10:55:34.160 INFO [main] org.apache.catalina.startup.VersionLoggerListener.log Server built:          May 5 2026 13:33:02 UTC
05-Jun-2026 10:55:34.160 INFO [main] org.apache.catalina.startup.VersionLoggerListener.log Server version number: 10.1.55.0
05-Jun-2026 10:55:34.161 INFO [main] org.apache.catalina.startup.VersionLoggerListener.log OS Name:               Windows 11
05-Jun-2026 10:55:34.161 INFO [main] org.apache.catalina.startup.VersionLoggerListener.log OS Version:            10.0
05-Jun-2026 10:55:34.161 INFO [main] org.apache.catalina.startup.VersionLoggerListener.log Architecture:          amd64
05-Jun-2026 10:55:34.161 INFO [main] org.apache.catalina.startup.VersionLoggerListener.log Java Home:             C:\Program Files\JetBrains\IntelliJ IDEA 2026.1.2\jbr
05-Jun-2026 10:55:34.161 INFO [main] org.apache.catalina.startup.VersionLoggerListener.log JVM Version:           25.0.2+1-b329.117
05-Jun-2026 10:55:34.161 INFO [main] org.apache.catalina.startup.VersionLoggerListener.log JVM Vendor:            JetBrains s.r.o.
05-Jun-2026 10:55:34.161 INFO [main] org.apache.catalina.startup.VersionLoggerListener.log CATALINA_BASE:         D:\JAVA_FULL_STACK\RestAPI\jerseyProject1\src\main\webapp
05-Jun-2026 10:55:34.161 INFO [main] org.apache.catalina.startup.VersionLoggerListener.log CATALINA_HOME:         C:\Program Files\Apache Software Foundation\Tomcat 10.1
05-Jun-2026 10:55:34.174 INFO [main] org.apache.catalina.startup.VersionLoggerListener.log Command line argument: --add-opens=java.base/java.lang=ALL-UNNAMED
05-Jun-2026 10:55:34.175 INFO [main] org.apache.catalina.startup.VersionLoggerListener.log Command line argument: --add-opens=java.base/java.io=ALL-UNNAMED
05-Jun-2026 10:55:34.175 INFO [main] org.apache.catalina.startup.VersionLoggerListener.log Command line argument: --add-opens=java.base/java.util=ALL-UNNAMED
05-Jun-2026 10:55:34.175 INFO [main] org.apache.catalina.startup.VersionLoggerListener.log Command line argument: --add-opens=java.base/java.util.concurrent=ALL-UNNAMED
05-Jun-2026 10:55:34.175 INFO [main] org.apache.catalina.startup.VersionLoggerListener.log Command line argument: --add-opens=java.rmi/sun.rmi.transport=ALL-UNNAMED
05-Jun-2026 10:55:34.175 INFO [main] org.apache.catalina.startup.VersionLoggerListener.log Command line argument: -Dcatalina.home=C:\Program Files\Apache Software Foundation\Tomcat 10.1
05-Jun-2026 10:55:34.175 INFO [main] org.apache.catalina.startup.VersionLoggerListener.log Command line argument: -Dcatalina.base=D:\JAVA_FULL_STACK\RestAPI\jerseyProject1\src\main\webapp
05-Jun-2026 10:55:34.175 INFO [main] org.apache.catalina.startup.VersionLoggerListener.log Command line argument: -Djava.io.tmpdir=D:\JAVA_FULL_STACK\RestAPI\jerseyProject1\src\main\webapp\temp
05-Jun-2026 10:55:34.175 INFO [main] org.apache.catalina.startup.VersionLoggerListener.log Command line argument: -Djava.util.logging.config.file=D:\JAVA_FULL_STACK\RestAPI\jerseyProject1\src\main\webapp\conf\logging.properties
05-Jun-2026 10:55:34.175 INFO [main] org.apache.catalina.startup.VersionLoggerListener.log Command line argument: -Djava.util.logging.manager=org.apache.juli.ClassLoaderLogManager
05-Jun-2026 10:55:34.175 INFO [main] org.apache.catalina.startup.VersionLoggerListener.log Command line argument: -javaagent:C:\Program Files\JetBrains\IntelliJ IDEA 2026.1.2\lib\idea_rt.jar=52740
05-Jun-2026 10:55:34.175 INFO [main] org.apache.catalina.startup.VersionLoggerListener.log Command line argument: -Dfile.encoding=UTF-8
05-Jun-2026 10:55:34.175 INFO [main] org.apache.catalina.startup.VersionLoggerListener.log Command line argument: -Dsun.stdout.encoding=UTF-8
05-Jun-2026 10:55:34.175 INFO [main] org.apache.catalina.startup.VersionLoggerListener.log Command line argument: -Dsun.stderr.encoding=UTF-8
05-Jun-2026 10:55:34.197 INFO [main] org.apache.catalina.core.AprLifecycleListener.lifecycleEvent The Apache Tomcat Native library which allows using OpenSSL was not found on the java.library.path: [C:\Program Files\JetBrains\IntelliJ IDEA 2026.1.2\jbr\bin;C:\WINDOWS\Sun\Java\bin;C:\WINDOWS\system32;C:\WINDOWS;C:\Program Files\Common Files\Oracle\Java\javapath;C:\WINDOWS\system32;C:\WINDOWS;C:\WINDOWS\System32\Wbem;C:\WINDOWS\System32\WindowsPowerShell\v1.0\;C:\WINDOWS\System32\OpenSSH\;C:\Program Files (x86)\NVIDIA Corporation\PhysX\Common;C:\Program Files\NVIDIA Corporation\NVIDIA NvDLISR;C:\Program Files\MySQL\MySQL Server 8.0\bin;C:\Program Files\nodejs\;C:\Program Files\Git\cmd;C:\Program Files\PuTTY\;C:\Program Files\dotnet\;C:\apache-maven-3.9.16-bin\apache-maven-3.9.16\bin;C:\Program Files\Java\jdk-26\bin;D:\gradle-8.14.5\bin;C:\Program Files\MySQL\MySQL Shell 8.0\bin\;D:\anaconda3;D:\anaconda3\Library\mingw-w64\bin;D:\anaconda3\Library\usr\bin;D:\anaconda3\Library\bin;D:\anaconda3\Scripts;C:\Users\Harsh Khatana\AppData\Local\Programs\Python\Python313\Scripts\;C:\Users\Harsh Khatana\AppData\Local\Programs\Python\Python313\;C:\Users\Harsh Khatana\AppData\Local\Programs\Python\Launcher\;C:\Users\Harsh Khatana\AppData\Local\Microsoft\WindowsApps;C:\Users\Harsh Khatana\AppData\Roaming\npm;D:\vs code setup\Microsoft VS Code\bin;;.]
05-Jun-2026 10:55:34.485 INFO [main] org.apache.coyote.AbstractProtocol.init Initializing ProtocolHandler ["http-nio-8080"]
05-Jun-2026 10:55:34.502 INFO [main] org.apache.catalina.startup.Catalina.load Server initialization in [537] milliseconds
05-Jun-2026 10:55:34.552 INFO [main] org.apache.catalina.core.StandardService.startInternal Starting service [Catalina]
05-Jun-2026 10:55:34.553 INFO [main] org.apache.catalina.core.StandardEngine.startInternal Starting Servlet engine: [Apache Tomcat/10.1.55]
05-Jun-2026 10:55:34.564 INFO [main] org.apache.catalina.startup.HostConfig.deployDescriptor Deploying deployment descriptor [D:\JAVA_FULL_STACK\RestAPI\jerseyProject1\src\main\webapp\conf\Catalina\localhost\jerseyProject1.xml]
05-Jun-2026 10:55:38.547 INFO [main] org.apache.jasper.servlet.TldScanner.scanJars At least one JAR was scanned for TLDs yet contained no TLDs. Enable debug logging for this logger for a complete list of JARs that were scanned but no TLDs were found in them. Skipping unneeded JARs during scanning can improve startup time and JSP compilation time.
05-Jun-2026 10:55:52.127 INFO [main] org.apache.catalina.startup.HostConfig.deployDescriptor Deployment of deployment descriptor [D:\JAVA_FULL_STACK\RestAPI\jerseyProject1\src\main\webapp\conf\Catalina\localhost\jerseyProject1.xml] has finished in [17,560] ms
05-Jun-2026 10:55:52.128 INFO [main] org.apache.catalina.startup.HostConfig.deployDescriptor Deploying deployment descriptor [D:\JAVA_FULL_STACK\RestAPI\jerseyProject1\src\main\webapp\conf\Catalina\localhost\registrationWebApp.xml]
05-Jun-2026 10:55:52.208 INFO [main] org.apache.catalina.startup.HostConfig.deployDescriptor Deployment of deployment descriptor [D:\JAVA_FULL_STACK\RestAPI\jerseyProject1\src\main\webapp\conf\Catalina\localhost\registrationWebApp.xml] has finished in [80] ms
05-Jun-2026 10:55:52.212 INFO [main] org.apache.coyote.AbstractProtocol.start Starting ProtocolHandler ["http-nio-8080"]
05-Jun-2026 10:55:52.251 INFO [main] org.apache.catalina.startup.Catalina.start Server startup in [17747] milliseconds
05-Jun-2026 10:57:20.192 INFO [Thread-1] org.apache.coyote.AbstractProtocol.pause Pausing ProtocolHandler ["http-nio-8080"]
05-Jun-2026 10:57:20.202 INFO [Thread-1] org.apache.catalina.core.StandardService.stopInternal Stopping service [Catalina]
05-Jun-2026 10:57:20.228 INFO [Thread-1] org.apache.coyote.AbstractProtocol.stop Stopping ProtocolHandler ["http-nio-8080"]
05-Jun-2026 10:57:20.235 INFO [Thread-1] org.apache.coyote.AbstractProtocol.destroy Destroying ProtocolHandler ["http-nio-8080"]
05-Jun-2026 10:57:23.484 INFO [main] org.apache.catalina.startup.VersionLoggerListener.log Server version name:   Apache Tomcat/10.1.55
05-Jun-2026 10:57:23.488 INFO [main] org.apache.catalina.startup.VersionLoggerListener.log Server built:          May 5 2026 13:33:02 UTC
05-Jun-2026 10:57:23.488 INFO [main] org.apache.catalina.startup.VersionLoggerListener.log Server version number: 10.1.55.0
05-Jun-2026 10:57:23.488 INFO [main] org.apache.catalina.startup.VersionLoggerListener.log OS Name:               Windows 11
05-Jun-2026 10:57:23.488 INFO [main] org.apache.catalina.startup.VersionLoggerListener.log OS Version:            10.0
05-Jun-2026 10:57:23.488 INFO [main] org.apache.catalina.startup.VersionLoggerListener.log Architecture:          amd64
05-Jun-2026 10:57:23.488 INFO [main] org.apache.catalina.startup.VersionLoggerListener.log Java Home:             C:\Program Files\JetBrains\IntelliJ IDEA 2026.1.2\jbr
05-Jun-2026 10:57:23.488 INFO [main] org.apache.catalina.startup.VersionLoggerListener.log JVM Version:           25.0.2+1-b329.117
05-Jun-2026 10:57:23.489 INFO [main] org.apache.catalina.startup.VersionLoggerListener.log JVM Vendor:            JetBrains s.r.o.
05-Jun-2026 10:57:23.489 INFO [main] org.apache.catalina.startup.VersionLoggerListener.log CATALINA_BASE:         D:\JAVA_FULL_STACK\RestAPI\jerseyProject1\src\main\webapp
05-Jun-2026 10:57:23.489 INFO [main] org.apache.catalina.startup.VersionLoggerListener.log CATALINA_HOME:         C:\Program Files\Apache Software Foundation\Tomcat 10.1
05-Jun-2026 10:57:23.502 INFO [main] org.apache.catalina.startup.VersionLoggerListener.log Command line argument: --add-opens=java.base/java.lang=ALL-UNNAMED
05-Jun-2026 10:57:23.502 INFO [main] org.apache.catalina.startup.VersionLoggerListener.log Command line argument: --add-opens=java.base/java.io=ALL-UNNAMED
05-Jun-2026 10:57:23.503 INFO [main] org.apache.catalina.startup.VersionLoggerListener.log Command line argument: --add-opens=java.base/java.util=ALL-UNNAMED
05-Jun-2026 10:57:23.503 INFO [main] org.apache.catalina.startup.VersionLoggerListener.log Command line argument: --add-opens=java.base/java.util.concurrent=ALL-UNNAMED
05-Jun-2026 10:57:23.503 INFO [main] org.apache.catalina.startup.VersionLoggerListener.log Command line argument: --add-opens=java.rmi/sun.rmi.transport=ALL-UNNAMED
05-Jun-2026 10:57:23.503 INFO [main] org.apache.catalina.startup.VersionLoggerListener.log Command line argument: -Dcatalina.home=C:\Program Files\Apache Software Foundation\Tomcat 10.1
05-Jun-2026 10:57:23.503 INFO [main] org.apache.catalina.startup.VersionLoggerListener.log Command line argument: -Dcatalina.base=D:\JAVA_FULL_STACK\RestAPI\jerseyProject1\src\main\webapp
05-Jun-2026 10:57:23.503 INFO [main] org.apache.catalina.startup.VersionLoggerListener.log Command line argument: -Djava.io.tmpdir=D:\JAVA_FULL_STACK\RestAPI\jerseyProject1\src\main\webapp\temp
05-Jun-2026 10:57:23.503 INFO [main] org.apache.catalina.startup.VersionLoggerListener.log Command line argument: -Djava.util.logging.config.file=D:\JAVA_FULL_STACK\RestAPI\jerseyProject1\src\main\webapp\conf\logging.properties
05-Jun-2026 10:57:23.503 INFO [main] org.apache.catalina.startup.VersionLoggerListener.log Command line argument: -Djava.util.logging.manager=org.apache.juli.ClassLoaderLogManager
05-Jun-2026 10:57:23.503 INFO [main] org.apache.catalina.startup.VersionLoggerListener.log Command line argument: -javaagent:C:\Program Files\JetBrains\IntelliJ IDEA 2026.1.2\lib\idea_rt.jar=55718
05-Jun-2026 10:57:23.503 INFO [main] org.apache.catalina.startup.VersionLoggerListener.log Command line argument: -Dfile.encoding=UTF-8
05-Jun-2026 10:57:23.503 INFO [main] org.apache.catalina.startup.VersionLoggerListener.log Command line argument: -Dsun.stdout.encoding=UTF-8
05-Jun-2026 10:57:23.503 INFO [main] org.apache.catalina.startup.VersionLoggerListener.log Command line argument: -Dsun.stderr.encoding=UTF-8
05-Jun-2026 10:57:23.534 INFO [main] org.apache.catalina.core.AprLifecycleListener.lifecycleEvent The Apache Tomcat Native library which allows using OpenSSL was not found on the java.library.path: [C:\Program Files\JetBrains\IntelliJ IDEA 2026.1.2\jbr\bin;C:\WINDOWS\Sun\Java\bin;C:\WINDOWS\system32;C:\WINDOWS;C:\Program Files\Common Files\Oracle\Java\javapath;C:\WINDOWS\system32;C:\WINDOWS;C:\WINDOWS\System32\Wbem;C:\WINDOWS\System32\WindowsPowerShell\v1.0\;C:\WINDOWS\System32\OpenSSH\;C:\Program Files (x86)\NVIDIA Corporation\PhysX\Common;C:\Program Files\NVIDIA Corporation\NVIDIA NvDLISR;C:\Program Files\MySQL\MySQL Server 8.0\bin;C:\Program Files\nodejs\;C:\Program Files\Git\cmd;C:\Program Files\PuTTY\;C:\Program Files\dotnet\;C:\apache-maven-3.9.16-bin\apache-maven-3.9.16\bin;C:\Program Files\Java\jdk-26\bin;D:\gradle-8.14.5\bin;C:\Program Files\MySQL\MySQL Shell 8.0\bin\;D:\anaconda3;D:\anaconda3\Library\mingw-w64\bin;D:\anaconda3\Library\usr\bin;D:\anaconda3\Library\bin;D:\anaconda3\Scripts;C:\Users\Harsh Khatana\AppData\Local\Programs\Python\Python313\Scripts\;C:\Users\Harsh Khatana\AppData\Local\Programs\Python\Python313\;C:\Users\Harsh Khatana\AppData\Local\Programs\Python\Launcher\;C:\Users\Harsh Khatana\AppData\Local\Microsoft\WindowsApps;C:\Users\Harsh Khatana\AppData\Roaming\npm;D:\vs code setup\Microsoft VS Code\bin;;.]
05-Jun-2026 10:57:23.916 INFO [main] org.apache.coyote.AbstractProtocol.init Initializing ProtocolHandler ["http-nio-8080"]
05-Jun-2026 10:57:23.935 INFO [main] org.apache.catalina.startup.Catalina.load Server initialization in [752] milliseconds
05-Jun-2026 10:57:23.998 INFO [main] org.apache.catalina.core.StandardService.startInternal Starting service [Catalina]
05-Jun-2026 10:57:23.998 INFO [main] org.apache.catalina.core.StandardEngine.startInternal Starting Servlet engine: [Apache Tomcat/10.1.55]
05-Jun-2026 10:57:24.017 INFO [main] org.apache.catalina.startup.HostConfig.deployDescriptor Deploying deployment descriptor [D:\JAVA_FULL_STACK\RestAPI\jerseyProject1\src\main\webapp\conf\Catalina\localhost\jerseyProject1.xml]
05-Jun-2026 10:57:31.291 INFO [main] org.apache.jasper.servlet.TldScanner.scanJars At least one JAR was scanned for TLDs yet contained no TLDs. Enable debug logging for this logger for a complete list of JARs that were scanned but no TLDs were found in them. Skipping unneeded JARs during scanning can improve startup time and JSP compilation time.
05-Jun-2026 10:57:52.488 INFO [main] org.apache.catalina.startup.HostConfig.deployDescriptor Deployment of deployment descriptor [D:\JAVA_FULL_STACK\RestAPI\jerseyProject1\src\main\webapp\conf\Catalina\localhost\jerseyProject1.xml] has finished in [28,466] ms
05-Jun-2026 10:57:52.489 INFO [main] org.apache.catalina.startup.HostConfig.deployDescriptor Deploying deployment descriptor [D:\JAVA_FULL_STACK\RestAPI\jerseyProject1\src\main\webapp\conf\Catalina\localhost\registrationWebApp.xml]
05-Jun-2026 10:57:52.634 INFO [main] org.apache.catalina.startup.HostConfig.deployDescriptor Deployment of deployment descriptor [D:\JAVA_FULL_STACK\RestAPI\jerseyProject1\src\main\webapp\conf\Catalina\localhost\registrationWebApp.xml] has finished in [145] ms
05-Jun-2026 10:57:52.640 INFO [main] org.apache.coyote.AbstractProtocol.start Starting ProtocolHandler ["http-nio-8080"]
05-Jun-2026 10:57:52.697 INFO [main] org.apache.catalina.startup.Catalina.start Server startup in [28760] milliseconds
05-Jun-2026 10:59:05.802 INFO [Thread-1] org.apache.coyote.AbstractProtocol.pause Pausing ProtocolHandler ["http-nio-8080"]
05-Jun-2026 10:59:05.815 INFO [Thread-1] org.apache.catalina.core.StandardService.stopInternal Stopping service [Catalina]
05-Jun-2026 10:59:05.849 INFO [Thread-1] org.apache.coyote.AbstractProtocol.stop Stopping ProtocolHandler ["http-nio-8080"]
05-Jun-2026 10:59:05.858 INFO [Thread-1] org.apache.coyote.AbstractProtocol.destroy Destroying ProtocolHandler ["http-nio-8080"]
05-Jun-2026 11:05:32.541 INFO [main] org.apache.catalina.startup.VersionLoggerListener.log Server version name:   Apache Tomcat/10.1.55
05-Jun-2026 11:05:32.544 INFO [main] org.apache.catalina.startup.VersionLoggerListener.log Server built:          May 5 2026 13:33:02 UTC
05-Jun-2026 11:05:32.544 INFO [main] org.apache.catalina.startup.VersionLoggerListener.log Server version number: 10.1.55.0
05-Jun-2026 11:05:32.544 INFO [main] org.apache.catalina.startup.VersionLoggerListener.log OS Name:               Windows 11
05-Jun-2026 11:05:32.545 INFO [main] org.apache.catalina.startup.VersionLoggerListener.log OS Version:            10.0
05-Jun-2026 11:05:32.545 INFO [main] org.apache.catalina.startup.VersionLoggerListener.log Architecture:          amd64
05-Jun-2026 11:05:32.545 INFO [main] org.apache.catalina.startup.VersionLoggerListener.log Java Home:             C:\Program Files\JetBrains\IntelliJ IDEA 2026.1.2\jbr
05-Jun-2026 11:05:32.545 INFO [main] org.apache.catalina.startup.VersionLoggerListener.log JVM Version:           25.0.2+1-b329.117
05-Jun-2026 11:05:32.545 INFO [main] org.apache.catalina.startup.VersionLoggerListener.log JVM Vendor:            JetBrains s.r.o.
05-Jun-2026 11:05:32.545 INFO [main] org.apache.catalina.startup.VersionLoggerListener.log CATALINA_BASE:         D:\JAVA_FULL_STACK\RestAPI\jerseyProject1\src\main\webapp
05-Jun-2026 11:05:32.545 INFO [main] org.apache.catalina.startup.VersionLoggerListener.log CATALINA_HOME:         C:\Program Files\Apache Software Foundation\Tomcat 10.1
05-Jun-2026 11:05:32.557 INFO [main] org.apache.catalina.startup.VersionLoggerListener.log Command line argument: --add-opens=java.base/java.lang=ALL-UNNAMED
05-Jun-2026 11:05:32.557 INFO [main] org.apache.catalina.startup.VersionLoggerListener.log Command line argument: --add-opens=java.base/java.io=ALL-UNNAMED
05-Jun-2026 11:05:32.557 INFO [main] org.apache.catalina.startup.VersionLoggerListener.log Command line argument: --add-opens=java.base/java.util=ALL-UNNAMED
05-Jun-2026 11:05:32.557 INFO [main] org.apache.catalina.startup.VersionLoggerListener.log Command line argument: --add-opens=java.base/java.util.concurrent=ALL-UNNAMED
05-Jun-2026 11:05:32.557 INFO [main] org.apache.catalina.startup.VersionLoggerListener.log Command line argument: --add-opens=java.rmi/sun.rmi.transport=ALL-UNNAMED
05-Jun-2026 11:05:32.557 INFO [main] org.apache.catalina.startup.VersionLoggerListener.log Command line argument: -Dcatalina.home=C:\Program Files\Apache Software Foundation\Tomcat 10.1
05-Jun-2026 11:05:32.557 INFO [main] org.apache.catalina.startup.VersionLoggerListener.log Command line argument: -Dcatalina.base=D:\JAVA_FULL_STACK\RestAPI\jerseyProject1\src\main\webapp
05-Jun-2026 11:05:32.557 INFO [main] org.apache.catalina.startup.VersionLoggerListener.log Command line argument: -Djava.io.tmpdir=D:\JAVA_FULL_STACK\RestAPI\jerseyProject1\src\main\webapp\temp
05-Jun-2026 11:05:32.557 INFO [main] org.apache.catalina.startup.VersionLoggerListener.log Command line argument: -Djava.util.logging.config.file=D:\JAVA_FULL_STACK\RestAPI\jerseyProject1\src\main\webapp\conf\logging.properties
05-Jun-2026 11:05:32.557 INFO [main] org.apache.catalina.startup.VersionLoggerListener.log Command line argument: -Djava.util.logging.manager=org.apache.juli.ClassLoaderLogManager
05-Jun-2026 11:05:32.558 INFO [main] org.apache.catalina.startup.VersionLoggerListener.log Command line argument: -javaagent:C:\Program Files\JetBrains\IntelliJ IDEA 2026.1.2\lib\idea_rt.jar=57824
05-Jun-2026 11:05:32.558 INFO [main] org.apache.catalina.startup.VersionLoggerListener.log Command line argument: -Dfile.encoding=UTF-8
05-Jun-2026 11:05:32.558 INFO [main] org.apache.catalina.startup.VersionLoggerListener.log Command line argument: -Dsun.stdout.encoding=UTF-8
05-Jun-2026 11:05:32.558 INFO [main] org.apache.catalina.startup.VersionLoggerListener.log Command line argument: -Dsun.stderr.encoding=UTF-8
05-Jun-2026 11:05:32.581 INFO [main] org.apache.catalina.core.AprLifecycleListener.lifecycleEvent The Apache Tomcat Native library which allows using OpenSSL was not found on the java.library.path: [C:\Program Files\JetBrains\IntelliJ IDEA 2026.1.2\jbr\bin;C:\WINDOWS\Sun\Java\bin;C:\WINDOWS\system32;C:\WINDOWS;C:\Program Files\Common Files\Oracle\Java\javapath;C:\WINDOWS\system32;C:\WINDOWS;C:\WINDOWS\System32\Wbem;C:\WINDOWS\System32\WindowsPowerShell\v1.0\;C:\WINDOWS\System32\OpenSSH\;C:\Program Files (x86)\NVIDIA Corporation\PhysX\Common;C:\Program Files\NVIDIA Corporation\NVIDIA NvDLISR;C:\Program Files\MySQL\MySQL Server 8.0\bin;C:\Program Files\nodejs\;C:\Program Files\Git\cmd;C:\Program Files\PuTTY\;C:\Program Files\dotnet\;C:\apache-maven-3.9.16-bin\apache-maven-3.9.16\bin;C:\Program Files\Java\jdk-26\bin;D:\gradle-8.14.5\bin;C:\Program Files\MySQL\MySQL Shell 8.0\bin\;D:\anaconda3;D:\anaconda3\Library\mingw-w64\bin;D:\anaconda3\Library\usr\bin;D:\anaconda3\Library\bin;D:\anaconda3\Scripts;C:\Users\Harsh Khatana\AppData\Local\Programs\Python\Python313\Scripts\;C:\Users\Harsh Khatana\AppData\Local\Programs\Python\Python313\;C:\Users\Harsh Khatana\AppData\Local\Programs\Python\Launcher\;C:\Users\Harsh Khatana\AppData\Local\Microsoft\WindowsApps;C:\Users\Harsh Khatana\AppData\Roaming\npm;D:\vs code setup\Microsoft VS Code\bin;;.]
05-Jun-2026 11:05:32.912 INFO [main] org.apache.coyote.AbstractProtocol.init Initializing ProtocolHandler ["http-nio-8080"]
05-Jun-2026 11:05:32.931 INFO [main] org.apache.catalina.startup.Catalina.load Server initialization in [631] milliseconds
05-Jun-2026 11:05:33.002 INFO [main] org.apache.catalina.core.StandardService.startInternal Starting service [Catalina]
05-Jun-2026 11:05:33.002 INFO [main] org.apache.catalina.core.StandardEngine.startInternal Starting Servlet engine: [Apache Tomcat/10.1.55]
05-Jun-2026 11:05:33.019 INFO [main] org.apache.catalina.startup.HostConfig.deployDescriptor Deploying deployment descriptor [D:\JAVA_FULL_STACK\RestAPI\jerseyProject1\src\main\webapp\conf\Catalina\localhost\jerseyProject1.xml]
05-Jun-2026 11:05:41.129 INFO [main] org.apache.jasper.servlet.TldScanner.scanJars At least one JAR was scanned for TLDs yet contained no TLDs. Enable debug logging for this logger for a complete list of JARs that were scanned but no TLDs were found in them. Skipping unneeded JARs during scanning can improve startup time and JSP compilation time.
05-Jun-2026 11:06:14.061 INFO [main] org.apache.catalina.startup.HostConfig.deployDescriptor Deployment of deployment descriptor [D:\JAVA_FULL_STACK\RestAPI\jerseyProject1\src\main\webapp\conf\Catalina\localhost\jerseyProject1.xml] has finished in [41,036] ms
05-Jun-2026 11:06:14.062 INFO [main] org.apache.catalina.startup.HostConfig.deployDescriptor Deploying deployment descriptor [D:\JAVA_FULL_STACK\RestAPI\jerseyProject1\src\main\webapp\conf\Catalina\localhost\registrationWebApp.xml]
05-Jun-2026 11:06:14.298 INFO [main] org.apache.catalina.startup.HostConfig.deployDescriptor Deployment of deployment descriptor [D:\JAVA_FULL_STACK\RestAPI\jerseyProject1\src\main\webapp\conf\Catalina\localhost\registrationWebApp.xml] has finished in [236] ms
05-Jun-2026 11:06:14.312 INFO [main] org.apache.coyote.AbstractProtocol.start Starting ProtocolHandler ["http-nio-8080"]
05-Jun-2026 11:06:14.392 INFO [main] org.apache.catalina.startup.Catalina.start Server startup in [41459] milliseconds
05-Jun-2026 11:07:28.163 WARNING [http-nio-8080-exec-5] org.glassfish.jersey.server.ServerRuntime$Responder.process An exception mapping did not successfully produce and processed a response. Logging the exception propagated to the default exception mapper.
	java.lang.UnsupportedOperationException
		at java.base/java.util.AbstractList.add(AbstractList.java:155)
		at java.base/java.util.AbstractList.add(AbstractList.java:113)
		at com.telusko.AlienRepository.createAlien(AlienRepository.java:43)
		at com.telusko.AlienResources.createAlien(AlienResources.java:43)
		at java.base/jdk.internal.reflect.DirectMethodHandleAccessor.invoke(DirectMethodHandleAccessor.java:104)
		at java.base/java.lang.reflect.Method.invoke(Method.java:565)
		at org.glassfish.jersey.server.model.internal.ResourceMethodInvocationHandlerFactory.lambda$static$0(ResourceMethodInvocationHandlerFactory.java:52)
		at org.glassfish.jersey.server.model.internal.AbstractJavaResourceMethodDispatcher$1.run(AbstractJavaResourceMethodDispatcher.java:146)
		at org.glassfish.jersey.server.model.internal.AbstractJavaResourceMethodDispatcher.invoke(AbstractJavaResourceMethodDispatcher.java:189)
		at org.glassfish.jersey.server.model.internal.JavaResourceMethodDispatcherProvider$TypeOutInvoker.doDispatch(JavaResourceMethodDispatcherProvider.java:219)
		at org.glassfish.jersey.server.model.internal.AbstractJavaResourceMethodDispatcher.dispatch(AbstractJavaResourceMethodDispatcher.java:93)
		at org.glassfish.jersey.server.model.ResourceMethodInvoker.invoke(ResourceMethodInvoker.java:478)
		at org.glassfish.jersey.server.model.ResourceMethodInvoker.apply(ResourceMethodInvoker.java:400)
		at org.glassfish.jersey.server.model.ResourceMethodInvoker.apply(ResourceMethodInvoker.java:81)
		at org.glassfish.jersey.server.ServerRuntime$1.run(ServerRuntime.java:263)
		at org.glassfish.jersey.internal.Errors$1.call(Errors.java:248)
		at org.glassfish.jersey.internal.Errors$1.call(Errors.java:244)
		at org.glassfish.jersey.internal.Errors.process(Errors.java:292)
		at org.glassfish.jersey.internal.Errors.process(Errors.java:274)
		at org.glassfish.jersey.internal.Errors.process(Errors.java:244)
		at org.glassfish.jersey.process.internal.RequestScope.runInScope(RequestScope.java:266)
		at org.glassfish.jersey.server.ServerRuntime.process(ServerRuntime.java:242)
		at org.glassfish.jersey.server.ApplicationHandler.handle(ApplicationHandler.java:697)
		at org.glassfish.jersey.servlet.WebComponent.serviceImpl(WebComponent.java:394)
		at org.glassfish.jersey.servlet.WebComponent.service(WebComponent.java:346)
		at org.glassfish.jersey.servlet.ServletContainer.service(ServletContainer.java:358)
		at org.glassfish.jersey.servlet.ServletContainer.service(ServletContainer.java:312)
		at org.glassfish.jersey.servlet.ServletContainer.service(ServletContainer.java:205)
		at org.apache.catalina.core.ApplicationFilterChain.internalDoFilter(ApplicationFilterChain.java:193)
		at org.apache.catalina.core.ApplicationFilterChain.doFilter(ApplicationFilterChain.java:138)
		at org.apache.tomcat.websocket.server.WsFilter.doFilter(WsFilter.java:51)
		at org.apache.catalina.core.ApplicationFilterChain.internalDoFilter(ApplicationFilterChain.java:162)
		at org.apache.catalina.core.ApplicationFilterChain.doFilter(ApplicationFilterChain.java:138)
		at org.apache.catalina.core.StandardWrapperValve.invoke(StandardWrapperValve.java:165)
		at org.apache.catalina.core.StandardContextValve.invoke(StandardContextValve.java:88)
		at org.apache.catalina.authenticator.AuthenticatorBase.invoke(AuthenticatorBase.java:492)
		at org.apache.catalina.core.StandardHostValve.invoke(StandardHostValve.java:113)
		at org.apache.catalina.valves.ErrorReportValve.invoke(ErrorReportValve.java:83)
		at org.apache.catalina.valves.AbstractAccessLogValve.invoke(AbstractAccessLogValve.java:782)
		at org.apache.catalina.core.StandardEngineValve.invoke(StandardEngineValve.java:72)
		at org.apache.catalina.connector.CoyoteAdapter.service(CoyoteAdapter.java:342)
		at org.apache.coyote.http11.Http11Processor.service(Http11Processor.java:399)
		at org.apache.coyote.AbstractProcessorLight.process(AbstractProcessorLight.java:63)
		at org.apache.coyote.AbstractProtocol$ConnectionHandler.process(AbstractProtocol.java:1272)
		at org.apache.tomcat.util.net.NioEndpoint$SocketProcessor.doRun(NioEndpoint.java:1797)
		at org.apache.tomcat.util.net.SocketProcessorBase.run(SocketProcessorBase.java:52)
		at org.apache.tomcat.util.threads.ThreadPoolExecutor.runWorker(ThreadPoolExecutor.java:973)
		at org.apache.tomcat.util.threads.ThreadPoolExecutor$Worker.run(ThreadPoolExecutor.java:491)
		at org.apache.tomcat.util.threads.TaskThread$WrappingRunnable.run(TaskThread.java:63)
		at java.base/java.lang.Thread.run(Thread.java:1474)
05-Jun-2026 11:09:31.011 INFO [Thread-1] org.apache.coyote.AbstractProtocol.pause Pausing ProtocolHandler ["http-nio-8080"]
05-Jun-2026 11:09:31.023 INFO [Thread-1] org.apache.catalina.core.StandardService.stopInternal Stopping service [Catalina]
05-Jun-2026 11:09:31.074 INFO [Thread-1] org.apache.coyote.AbstractProtocol.stop Stopping ProtocolHandler ["http-nio-8080"]
05-Jun-2026 11:09:31.087 INFO [Thread-1] org.apache.coyote.AbstractProtocol.destroy Destroying ProtocolHandler ["http-nio-8080"]
05-Jun-2026 11:09:33.951 INFO [main] org.apache.catalina.startup.VersionLoggerListener.log Server version name:   Apache Tomcat/10.1.55
05-Jun-2026 11:09:33.955 INFO [main] org.apache.catalina.startup.VersionLoggerListener.log Server built:          May 5 2026 13:33:02 UTC
05-Jun-2026 11:09:33.956 INFO [main] org.apache.catalina.startup.VersionLoggerListener.log Server version number: 10.1.55.0
05-Jun-2026 11:09:33.956 INFO [main] org.apache.catalina.startup.VersionLoggerListener.log OS Name:               Windows 11
05-Jun-2026 11:09:33.956 INFO [main] org.apache.catalina.startup.VersionLoggerListener.log OS Version:            10.0
05-Jun-2026 11:09:33.956 INFO [main] org.apache.catalina.startup.VersionLoggerListener.log Architecture:          amd64
05-Jun-2026 11:09:33.956 INFO [main] org.apache.catalina.startup.VersionLoggerListener.log Java Home:             C:\Program Files\JetBrains\IntelliJ IDEA 2026.1.2\jbr
05-Jun-2026 11:09:33.956 INFO [main] org.apache.catalina.startup.VersionLoggerListener.log JVM Version:           25.0.2+1-b329.117
05-Jun-2026 11:09:33.956 INFO [main] org.apache.catalina.startup.VersionLoggerListener.log JVM Vendor:            JetBrains s.r.o.
05-Jun-2026 11:09:33.957 INFO [main] org.apache.catalina.startup.VersionLoggerListener.log CATALINA_BASE:         D:\JAVA_FULL_STACK\RestAPI\jerseyProject1\src\main\webapp
05-Jun-2026 11:09:33.957 INFO [main] org.apache.catalina.startup.VersionLoggerListener.log CATALINA_HOME:         C:\Program Files\Apache Software Foundation\Tomcat 10.1
05-Jun-2026 11:09:33.968 INFO [main] org.apache.catalina.startup.VersionLoggerListener.log Command line argument: --add-opens=java.base/java.lang=ALL-UNNAMED
05-Jun-2026 11:09:33.968 INFO [main] org.apache.catalina.startup.VersionLoggerListener.log Command line argument: --add-opens=java.base/java.io=ALL-UNNAMED
05-Jun-2026 11:09:33.968 INFO [main] org.apache.catalina.startup.VersionLoggerListener.log Command line argument: --add-opens=java.base/java.util=ALL-UNNAMED
05-Jun-2026 11:09:33.968 INFO [main] org.apache.catalina.startup.VersionLoggerListener.log Command line argument: --add-opens=java.base/java.util.concurrent=ALL-UNNAMED
05-Jun-2026 11:09:33.968 INFO [main] org.apache.catalina.startup.VersionLoggerListener.log Command line argument: --add-opens=java.rmi/sun.rmi.transport=ALL-UNNAMED
05-Jun-2026 11:09:33.968 INFO [main] org.apache.catalina.startup.VersionLoggerListener.log Command line argument: -Dcatalina.home=C:\Program Files\Apache Software Foundation\Tomcat 10.1
05-Jun-2026 11:09:33.968 INFO [main] org.apache.catalina.startup.VersionLoggerListener.log Command line argument: -Dcatalina.base=D:\JAVA_FULL_STACK\RestAPI\jerseyProject1\src\main\webapp
05-Jun-2026 11:09:33.968 INFO [main] org.apache.catalina.startup.VersionLoggerListener.log Command line argument: -Djava.io.tmpdir=D:\JAVA_FULL_STACK\RestAPI\jerseyProject1\src\main\webapp\temp
05-Jun-2026 11:09:33.968 INFO [main] org.apache.catalina.startup.VersionLoggerListener.log Command line argument: -Djava.util.logging.config.file=D:\JAVA_FULL_STACK\RestAPI\jerseyProject1\src\main\webapp\conf\logging.properties
05-Jun-2026 11:09:33.969 INFO [main] org.apache.catalina.startup.VersionLoggerListener.log Command line argument: -Djava.util.logging.manager=org.apache.juli.ClassLoaderLogManager
05-Jun-2026 11:09:33.969 INFO [main] org.apache.catalina.startup.VersionLoggerListener.log Command line argument: -javaagent:C:\Program Files\JetBrains\IntelliJ IDEA 2026.1.2\lib\idea_rt.jar=63245
05-Jun-2026 11:09:33.969 INFO [main] org.apache.catalina.startup.VersionLoggerListener.log Command line argument: -Dfile.encoding=UTF-8
05-Jun-2026 11:09:33.969 INFO [main] org.apache.catalina.startup.VersionLoggerListener.log Command line argument: -Dsun.stdout.encoding=UTF-8
05-Jun-2026 11:09:33.969 INFO [main] org.apache.catalina.startup.VersionLoggerListener.log Command line argument: -Dsun.stderr.encoding=UTF-8
05-Jun-2026 11:09:33.992 INFO [main] org.apache.catalina.core.AprLifecycleListener.lifecycleEvent The Apache Tomcat Native library which allows using OpenSSL was not found on the java.library.path: [C:\Program Files\JetBrains\IntelliJ IDEA 2026.1.2\jbr\bin;C:\WINDOWS\Sun\Java\bin;C:\WINDOWS\system32;C:\WINDOWS;C:\Program Files\Common Files\Oracle\Java\javapath;C:\WINDOWS\system32;C:\WINDOWS;C:\WINDOWS\System32\Wbem;C:\WINDOWS\System32\WindowsPowerShell\v1.0\;C:\WINDOWS\System32\OpenSSH\;C:\Program Files (x86)\NVIDIA Corporation\PhysX\Common;C:\Program Files\NVIDIA Corporation\NVIDIA NvDLISR;C:\Program Files\MySQL\MySQL Server 8.0\bin;C:\Program Files\nodejs\;C:\Program Files\Git\cmd;C:\Program Files\PuTTY\;C:\Program Files\dotnet\;C:\apache-maven-3.9.16-bin\apache-maven-3.9.16\bin;C:\Program Files\Java\jdk-26\bin;D:\gradle-8.14.5\bin;C:\Program Files\MySQL\MySQL Shell 8.0\bin\;D:\anaconda3;D:\anaconda3\Library\mingw-w64\bin;D:\anaconda3\Library\usr\bin;D:\anaconda3\Library\bin;D:\anaconda3\Scripts;C:\Users\Harsh Khatana\AppData\Local\Programs\Python\Python313\Scripts\;C:\Users\Harsh Khatana\AppData\Local\Programs\Python\Python313\;C:\Users\Harsh Khatana\AppData\Local\Programs\Python\Launcher\;C:\Users\Harsh Khatana\AppData\Local\Microsoft\WindowsApps;C:\Users\Harsh Khatana\AppData\Roaming\npm;D:\vs code setup\Microsoft VS Code\bin;;.]
05-Jun-2026 11:09:34.297 INFO [main] org.apache.coyote.AbstractProtocol.init Initializing ProtocolHandler ["http-nio-8080"]
05-Jun-2026 11:09:34.313 INFO [main] org.apache.catalina.startup.Catalina.load Server initialization in [607] milliseconds
05-Jun-2026 11:09:34.361 INFO [main] org.apache.catalina.core.StandardService.startInternal Starting service [Catalina]
05-Jun-2026 11:09:34.361 INFO [main] org.apache.catalina.core.StandardEngine.startInternal Starting Servlet engine: [Apache Tomcat/10.1.55]
05-Jun-2026 11:09:34.377 INFO [main] org.apache.catalina.startup.HostConfig.deployDescriptor Deploying deployment descriptor [D:\JAVA_FULL_STACK\RestAPI\jerseyProject1\src\main\webapp\conf\Catalina\localhost\jerseyProject1.xml]
05-Jun-2026 11:09:38.969 INFO [main] org.apache.jasper.servlet.TldScanner.scanJars At least one JAR was scanned for TLDs yet contained no TLDs. Enable debug logging for this logger for a complete list of JARs that were scanned but no TLDs were found in them. Skipping unneeded JARs during scanning can improve startup time and JSP compilation time.
05-Jun-2026 11:09:50.663 INFO [main] org.apache.catalina.startup.HostConfig.deployDescriptor Deployment of deployment descriptor [D:\JAVA_FULL_STACK\RestAPI\jerseyProject1\src\main\webapp\conf\Catalina\localhost\jerseyProject1.xml] has finished in [16,283] ms
05-Jun-2026 11:09:50.663 INFO [main] org.apache.catalina.startup.HostConfig.deployDescriptor Deploying deployment descriptor [D:\JAVA_FULL_STACK\RestAPI\jerseyProject1\src\main\webapp\conf\Catalina\localhost\registrationWebApp.xml]
05-Jun-2026 11:09:50.767 INFO [main] org.apache.catalina.startup.HostConfig.deployDescriptor Deployment of deployment descriptor [D:\JAVA_FULL_STACK\RestAPI\jerseyProject1\src\main\webapp\conf\Catalina\localhost\registrationWebApp.xml] has finished in [104] ms
05-Jun-2026 11:09:50.771 INFO [main] org.apache.coyote.AbstractProtocol.start Starting ProtocolHandler ["http-nio-8080"]
05-Jun-2026 11:09:50.809 INFO [main] org.apache.catalina.startup.Catalina.start Server startup in [16493] milliseconds
05-Jun-2026 11:11:42.261 INFO [Thread-1] org.apache.coyote.AbstractProtocol.pause Pausing ProtocolHandler ["http-nio-8080"]
05-Jun-2026 11:11:42.276 INFO [Thread-1] org.apache.catalina.core.StandardService.stopInternal Stopping service [Catalina]
05-Jun-2026 11:11:42.308 INFO [Thread-1] org.apache.coyote.AbstractProtocol.stop Stopping ProtocolHandler ["http-nio-8080"]
05-Jun-2026 11:11:42.319 INFO [Thread-1] org.apache.coyote.AbstractProtocol.destroy Destroying ProtocolHandler ["http-nio-8080"]
05-Jun-2026 11:11:45.381 INFO [main] org.apache.catalina.startup.VersionLoggerListener.log Server version name:   Apache Tomcat/10.1.55
05-Jun-2026 11:11:45.384 INFO [main] org.apache.catalina.startup.VersionLoggerListener.log Server built:          May 5 2026 13:33:02 UTC
05-Jun-2026 11:11:45.384 INFO [main] org.apache.catalina.startup.VersionLoggerListener.log Server version number: 10.1.55.0
05-Jun-2026 11:11:45.384 INFO [main] org.apache.catalina.startup.VersionLoggerListener.log OS Name:               Windows 11
05-Jun-2026 11:11:45.384 INFO [main] org.apache.catalina.startup.VersionLoggerListener.log OS Version:            10.0
05-Jun-2026 11:11:45.384 INFO [main] org.apache.catalina.startup.VersionLoggerListener.log Architecture:          amd64
05-Jun-2026 11:11:45.385 INFO [main] org.apache.catalina.startup.VersionLoggerListener.log Java Home:             C:\Program Files\JetBrains\IntelliJ IDEA 2026.1.2\jbr
05-Jun-2026 11:11:45.385 INFO [main] org.apache.catalina.startup.VersionLoggerListener.log JVM Version:           25.0.2+1-b329.117
05-Jun-2026 11:11:45.385 INFO [main] org.apache.catalina.startup.VersionLoggerListener.log JVM Vendor:            JetBrains s.r.o.
05-Jun-2026 11:11:45.385 INFO [main] org.apache.catalina.startup.VersionLoggerListener.log CATALINA_BASE:         D:\JAVA_FULL_STACK\RestAPI\jerseyProject1\src\main\webapp
05-Jun-2026 11:11:45.385 INFO [main] org.apache.catalina.startup.VersionLoggerListener.log CATALINA_HOME:         C:\Program Files\Apache Software Foundation\Tomcat 10.1
05-Jun-2026 11:11:45.396 INFO [main] org.apache.catalina.startup.VersionLoggerListener.log Command line argument: --add-opens=java.base/java.lang=ALL-UNNAMED
05-Jun-2026 11:11:45.396 INFO [main] org.apache.catalina.startup.VersionLoggerListener.log Command line argument: --add-opens=java.base/java.io=ALL-UNNAMED
05-Jun-2026 11:11:45.396 INFO [main] org.apache.catalina.startup.VersionLoggerListener.log Command line argument: --add-opens=java.base/java.util=ALL-UNNAMED
05-Jun-2026 11:11:45.396 INFO [main] org.apache.catalina.startup.VersionLoggerListener.log Command line argument: --add-opens=java.base/java.util.concurrent=ALL-UNNAMED
05-Jun-2026 11:11:45.396 INFO [main] org.apache.catalina.startup.VersionLoggerListener.log Command line argument: --add-opens=java.rmi/sun.rmi.transport=ALL-UNNAMED
05-Jun-2026 11:11:45.397 INFO [main] org.apache.catalina.startup.VersionLoggerListener.log Command line argument: -Dcatalina.home=C:\Program Files\Apache Software Foundation\Tomcat 10.1
05-Jun-2026 11:11:45.397 INFO [main] org.apache.catalina.startup.VersionLoggerListener.log Command line argument: -Dcatalina.base=D:\JAVA_FULL_STACK\RestAPI\jerseyProject1\src\main\webapp
05-Jun-2026 11:11:45.397 INFO [main] org.apache.catalina.startup.VersionLoggerListener.log Command line argument: -Djava.io.tmpdir=D:\JAVA_FULL_STACK\RestAPI\jerseyProject1\src\main\webapp\temp
05-Jun-2026 11:11:45.397 INFO [main] org.apache.catalina.startup.VersionLoggerListener.log Command line argument: -Djava.util.logging.config.file=D:\JAVA_FULL_STACK\RestAPI\jerseyProject1\src\main\webapp\conf\logging.properties
05-Jun-2026 11:11:45.397 INFO [main] org.apache.catalina.startup.VersionLoggerListener.log Command line argument: -Djava.util.logging.manager=org.apache.juli.ClassLoaderLogManager
05-Jun-2026 11:11:45.397 INFO [main] org.apache.catalina.startup.VersionLoggerListener.log Command line argument: -javaagent:C:\Program Files\JetBrains\IntelliJ IDEA 2026.1.2\lib\idea_rt.jar=53216
05-Jun-2026 11:11:45.397 INFO [main] org.apache.catalina.startup.VersionLoggerListener.log Command line argument: -Dfile.encoding=UTF-8
05-Jun-2026 11:11:45.397 INFO [main] org.apache.catalina.startup.VersionLoggerListener.log Command line argument: -Dsun.stdout.encoding=UTF-8
05-Jun-2026 11:11:45.397 INFO [main] org.apache.catalina.startup.VersionLoggerListener.log Command line argument: -Dsun.stderr.encoding=UTF-8
05-Jun-2026 11:11:45.419 INFO [main] org.apache.catalina.core.AprLifecycleListener.lifecycleEvent The Apache Tomcat Native library which allows using OpenSSL was not found on the java.library.path: [C:\Program Files\JetBrains\IntelliJ IDEA 2026.1.2\jbr\bin;C:\WINDOWS\Sun\Java\bin;C:\WINDOWS\system32;C:\WINDOWS;C:\Program Files\Common Files\Oracle\Java\javapath;C:\WINDOWS\system32;C:\WINDOWS;C:\WINDOWS\System32\Wbem;C:\WINDOWS\System32\WindowsPowerShell\v1.0\;C:\WINDOWS\System32\OpenSSH\;C:\Program Files (x86)\NVIDIA Corporation\PhysX\Common;C:\Program Files\NVIDIA Corporation\NVIDIA NvDLISR;C:\Program Files\MySQL\MySQL Server 8.0\bin;C:\Program Files\nodejs\;C:\Program Files\Git\cmd;C:\Program Files\PuTTY\;C:\Program Files\dotnet\;C:\apache-maven-3.9.16-bin\apache-maven-3.9.16\bin;C:\Program Files\Java\jdk-26\bin;D:\gradle-8.14.5\bin;C:\Program Files\MySQL\MySQL Shell 8.0\bin\;D:\anaconda3;D:\anaconda3\Library\mingw-w64\bin;D:\anaconda3\Library\usr\bin;D:\anaconda3\Library\bin;D:\anaconda3\Scripts;C:\Users\Harsh Khatana\AppData\Local\Programs\Python\Python313\Scripts\;C:\Users\Harsh Khatana\AppData\Local\Programs\Python\Python313\;C:\Users\Harsh Khatana\AppData\Local\Programs\Python\Launcher\;C:\Users\Harsh Khatana\AppData\Local\Microsoft\WindowsApps;C:\Users\Harsh Khatana\AppData\Roaming\npm;D:\vs code setup\Microsoft VS Code\bin;;.]
05-Jun-2026 11:11:45.757 INFO [main] org.apache.coyote.AbstractProtocol.init Initializing ProtocolHandler ["http-nio-8080"]
05-Jun-2026 11:11:45.778 INFO [main] org.apache.catalina.startup.Catalina.load Server initialization in [610] milliseconds
05-Jun-2026 11:11:45.841 INFO [main] org.apache.catalina.core.StandardService.startInternal Starting service [Catalina]
05-Jun-2026 11:11:45.842 INFO [main] org.apache.catalina.core.StandardEngine.startInternal Starting Servlet engine: [Apache Tomcat/10.1.55]
05-Jun-2026 11:11:45.860 INFO [main] org.apache.catalina.startup.HostConfig.deployDescriptor Deploying deployment descriptor [D:\JAVA_FULL_STACK\RestAPI\jerseyProject1\src\main\webapp\conf\Catalina\localhost\jerseyProject1.xml]
05-Jun-2026 11:11:52.899 INFO [main] org.apache.jasper.servlet.TldScanner.scanJars At least one JAR was scanned for TLDs yet contained no TLDs. Enable debug logging for this logger for a complete list of JARs that were scanned but no TLDs were found in them. Skipping unneeded JARs during scanning can improve startup time and JSP compilation time.
05-Jun-2026 11:12:17.218 INFO [main] org.apache.catalina.startup.HostConfig.deployDescriptor Deployment of deployment descriptor [D:\JAVA_FULL_STACK\RestAPI\jerseyProject1\src\main\webapp\conf\Catalina\localhost\jerseyProject1.xml] has finished in [31,349] ms
05-Jun-2026 11:12:17.219 INFO [main] org.apache.catalina.startup.HostConfig.deployDescriptor Deploying deployment descriptor [D:\JAVA_FULL_STACK\RestAPI\jerseyProject1\src\main\webapp\conf\Catalina\localhost\registrationWebApp.xml]
05-Jun-2026 11:12:17.437 INFO [main] org.apache.catalina.startup.HostConfig.deployDescriptor Deployment of deployment descriptor [D:\JAVA_FULL_STACK\RestAPI\jerseyProject1\src\main\webapp\conf\Catalina\localhost\registrationWebApp.xml] has finished in [218] ms
05-Jun-2026 11:12:17.446 INFO [main] org.apache.coyote.AbstractProtocol.start Starting ProtocolHandler ["http-nio-8080"]
05-Jun-2026 11:12:17.543 INFO [main] org.apache.catalina.startup.Catalina.start Server startup in [31762] milliseconds
05-Jun-2026 11:13:29.981 INFO [Thread-1] org.apache.coyote.AbstractProtocol.pause Pausing ProtocolHandler ["http-nio-8080"]
05-Jun-2026 11:13:29.990 INFO [Thread-1] org.apache.catalina.core.StandardService.stopInternal Stopping service [Catalina]
05-Jun-2026 11:13:30.023 INFO [Thread-1] org.apache.coyote.AbstractProtocol.stop Stopping ProtocolHandler ["http-nio-8080"]
05-Jun-2026 11:13:30.038 INFO [Thread-1] org.apache.coyote.AbstractProtocol.destroy Destroying ProtocolHandler ["http-nio-8080"]
05-Jun-2026 11:13:33.698 INFO [main] org.apache.catalina.startup.VersionLoggerListener.log Server version name:   Apache Tomcat/10.1.55
05-Jun-2026 11:13:33.701 INFO [main] org.apache.catalina.startup.VersionLoggerListener.log Server built:          May 5 2026 13:33:02 UTC
05-Jun-2026 11:13:33.701 INFO [main] org.apache.catalina.startup.VersionLoggerListener.log Server version number: 10.1.55.0
05-Jun-2026 11:13:33.701 INFO [main] org.apache.catalina.startup.VersionLoggerListener.log OS Name:               Windows 11
05-Jun-2026 11:13:33.701 INFO [main] org.apache.catalina.startup.VersionLoggerListener.log OS Version:            10.0
05-Jun-2026 11:13:33.702 INFO [main] org.apache.catalina.startup.VersionLoggerListener.log Architecture:          amd64
05-Jun-2026 11:13:33.702 INFO [main] org.apache.catalina.startup.VersionLoggerListener.log Java Home:             C:\Program Files\JetBrains\IntelliJ IDEA 2026.1.2\jbr
05-Jun-2026 11:13:33.702 INFO [main] org.apache.catalina.startup.VersionLoggerListener.log JVM Version:           25.0.2+1-b329.117
05-Jun-2026 11:13:33.702 INFO [main] org.apache.catalina.startup.VersionLoggerListener.log JVM Vendor:            JetBrains s.r.o.
05-Jun-2026 11:13:33.702 INFO [main] org.apache.catalina.startup.VersionLoggerListener.log CATALINA_BASE:         D:\JAVA_FULL_STACK\RestAPI\jerseyProject1\src\main\webapp
05-Jun-2026 11:13:33.702 INFO [main] org.apache.catalina.startup.VersionLoggerListener.log CATALINA_HOME:         C:\Program Files\Apache Software Foundation\Tomcat 10.1
05-Jun-2026 11:13:33.713 INFO [main] org.apache.catalina.startup.VersionLoggerListener.log Command line argument: --add-opens=java.base/java.lang=ALL-UNNAMED
05-Jun-2026 11:13:33.713 INFO [main] org.apache.catalina.startup.VersionLoggerListener.log Command line argument: --add-opens=java.base/java.io=ALL-UNNAMED
05-Jun-2026 11:13:33.713 INFO [main] org.apache.catalina.startup.VersionLoggerListener.log Command line argument: --add-opens=java.base/java.util=ALL-UNNAMED
05-Jun-2026 11:13:33.713 INFO [main] org.apache.catalina.startup.VersionLoggerListener.log Command line argument: --add-opens=java.base/java.util.concurrent=ALL-UNNAMED
05-Jun-2026 11:13:33.714 INFO [main] org.apache.catalina.startup.VersionLoggerListener.log Command line argument: --add-opens=java.rmi/sun.rmi.transport=ALL-UNNAMED
05-Jun-2026 11:13:33.714 INFO [main] org.apache.catalina.startup.VersionLoggerListener.log Command line argument: -Dcatalina.home=C:\Program Files\Apache Software Foundation\Tomcat 10.1
05-Jun-2026 11:13:33.714 INFO [main] org.apache.catalina.startup.VersionLoggerListener.log Command line argument: -Dcatalina.base=D:\JAVA_FULL_STACK\RestAPI\jerseyProject1\src\main\webapp
05-Jun-2026 11:13:33.714 INFO [main] org.apache.catalina.startup.VersionLoggerListener.log Command line argument: -Djava.io.tmpdir=D:\JAVA_FULL_STACK\RestAPI\jerseyProject1\src\main\webapp\temp
05-Jun-2026 11:13:33.714 INFO [main] org.apache.catalina.startup.VersionLoggerListener.log Command line argument: -Djava.util.logging.config.file=D:\JAVA_FULL_STACK\RestAPI\jerseyProject1\src\main\webapp\conf\logging.properties
05-Jun-2026 11:13:33.714 INFO [main] org.apache.catalina.startup.VersionLoggerListener.log Command line argument: -Djava.util.logging.manager=org.apache.juli.ClassLoaderLogManager
05-Jun-2026 11:13:33.714 INFO [main] org.apache.catalina.startup.VersionLoggerListener.log Command line argument: -javaagent:C:\Program Files\JetBrains\IntelliJ IDEA 2026.1.2\lib\idea_rt.jar=64438
05-Jun-2026 11:13:33.714 INFO [main] org.apache.catalina.startup.VersionLoggerListener.log Command line argument: -Dfile.encoding=UTF-8
05-Jun-2026 11:13:33.714 INFO [main] org.apache.catalina.startup.VersionLoggerListener.log Command line argument: -Dsun.stdout.encoding=UTF-8
05-Jun-2026 11:13:33.714 INFO [main] org.apache.catalina.startup.VersionLoggerListener.log Command line argument: -Dsun.stderr.encoding=UTF-8
05-Jun-2026 11:13:33.739 INFO [main] org.apache.catalina.core.AprLifecycleListener.lifecycleEvent The Apache Tomcat Native library which allows using OpenSSL was not found on the java.library.path: [C:\Program Files\JetBrains\IntelliJ IDEA 2026.1.2\jbr\bin;C:\WINDOWS\Sun\Java\bin;C:\WINDOWS\system32;C:\WINDOWS;C:\Program Files\Common Files\Oracle\Java\javapath;C:\WINDOWS\system32;C:\WINDOWS;C:\WINDOWS\System32\Wbem;C:\WINDOWS\System32\WindowsPowerShell\v1.0\;C:\WINDOWS\System32\OpenSSH\;C:\Program Files (x86)\NVIDIA Corporation\PhysX\Common;C:\Program Files\NVIDIA Corporation\NVIDIA NvDLISR;C:\Program Files\MySQL\MySQL Server 8.0\bin;C:\Program Files\nodejs\;C:\Program Files\Git\cmd;C:\Program Files\PuTTY\;C:\Program Files\dotnet\;C:\apache-maven-3.9.16-bin\apache-maven-3.9.16\bin;C:\Program Files\Java\jdk-26\bin;D:\gradle-8.14.5\bin;C:\Program Files\MySQL\MySQL Shell 8.0\bin\;D:\anaconda3;D:\anaconda3\Library\mingw-w64\bin;D:\anaconda3\Library\usr\bin;D:\anaconda3\Library\bin;D:\anaconda3\Scripts;C:\Users\Harsh Khatana\AppData\Local\Programs\Python\Python313\Scripts\;C:\Users\Harsh Khatana\AppData\Local\Programs\Python\Python313\;C:\Users\Harsh Khatana\AppData\Local\Programs\Python\Launcher\;C:\Users\Harsh Khatana\AppData\Local\Microsoft\WindowsApps;C:\Users\Harsh Khatana\AppData\Roaming\npm;D:\vs code setup\Microsoft VS Code\bin;;.]
05-Jun-2026 11:13:34.018 INFO [main] org.apache.coyote.AbstractProtocol.init Initializing ProtocolHandler ["http-nio-8080"]
05-Jun-2026 11:13:34.030 INFO [main] org.apache.catalina.startup.Catalina.load Server initialization in [533] milliseconds
05-Jun-2026 11:13:34.086 INFO [main] org.apache.catalina.core.StandardService.startInternal Starting service [Catalina]
05-Jun-2026 11:13:34.086 INFO [main] org.apache.catalina.core.StandardEngine.startInternal Starting Servlet engine: [Apache Tomcat/10.1.55]
05-Jun-2026 11:13:34.099 INFO [main] org.apache.catalina.startup.HostConfig.deployDescriptor Deploying deployment descriptor [D:\JAVA_FULL_STACK\RestAPI\jerseyProject1\src\main\webapp\conf\Catalina\localhost\jerseyProject1.xml]
05-Jun-2026 11:13:38.648 INFO [main] org.apache.jasper.servlet.TldScanner.scanJars At least one JAR was scanned for TLDs yet contained no TLDs. Enable debug logging for this logger for a complete list of JARs that were scanned but no TLDs were found in them. Skipping unneeded JARs during scanning can improve startup time and JSP compilation time.
05-Jun-2026 11:13:48.905 INFO [main] org.apache.catalina.startup.HostConfig.deployDescriptor Deployment of deployment descriptor [D:\JAVA_FULL_STACK\RestAPI\jerseyProject1\src\main\webapp\conf\Catalina\localhost\jerseyProject1.xml] has finished in [14,804] ms
05-Jun-2026 11:13:48.906 INFO [main] org.apache.catalina.startup.HostConfig.deployDescriptor Deploying deployment descriptor [D:\JAVA_FULL_STACK\RestAPI\jerseyProject1\src\main\webapp\conf\Catalina\localhost\registrationWebApp.xml]
05-Jun-2026 11:13:48.986 INFO [main] org.apache.catalina.startup.HostConfig.deployDescriptor Deployment of deployment descriptor [D:\JAVA_FULL_STACK\RestAPI\jerseyProject1\src\main\webapp\conf\Catalina\localhost\registrationWebApp.xml] has finished in [80] ms
05-Jun-2026 11:13:48.990 INFO [main] org.apache.coyote.AbstractProtocol.start Starting ProtocolHandler ["http-nio-8080"]
05-Jun-2026 11:13:49.044 INFO [main] org.apache.catalina.startup.Catalina.start Server startup in [15012] milliseconds
05-Jun-2026 11:14:04.874 INFO [Thread-1] org.apache.coyote.AbstractProtocol.pause Pausing ProtocolHandler ["http-nio-8080"]
05-Jun-2026 11:14:04.896 INFO [Thread-1] org.apache.catalina.core.StandardService.stopInternal Stopping service [Catalina]
05-Jun-2026 11:14:04.928 INFO [Thread-1] org.apache.coyote.AbstractProtocol.stop Stopping ProtocolHandler ["http-nio-8080"]
05-Jun-2026 11:14:04.941 INFO [Thread-1] org.apache.coyote.AbstractProtocol.destroy Destroying ProtocolHandler ["http-nio-8080"]
05-Jun-2026 11:14:07.658 INFO [main] org.apache.catalina.startup.VersionLoggerListener.log Server version name:   Apache Tomcat/10.1.55
05-Jun-2026 11:14:07.661 INFO [main] org.apache.catalina.startup.VersionLoggerListener.log Server built:          May 5 2026 13:33:02 UTC
05-Jun-2026 11:14:07.661 INFO [main] org.apache.catalina.startup.VersionLoggerListener.log Server version number: 10.1.55.0
05-Jun-2026 11:14:07.661 INFO [main] org.apache.catalina.startup.VersionLoggerListener.log OS Name:               Windows 11
05-Jun-2026 11:14:07.661 INFO [main] org.apache.catalina.startup.VersionLoggerListener.log OS Version:            10.0
05-Jun-2026 11:14:07.661 INFO [main] org.apache.catalina.startup.VersionLoggerListener.log Architecture:          amd64
05-Jun-2026 11:14:07.661 INFO [main] org.apache.catalina.startup.VersionLoggerListener.log Java Home:             C:\Program Files\JetBrains\IntelliJ IDEA 2026.1.2\jbr
05-Jun-2026 11:14:07.661 INFO [main] org.apache.catalina.startup.VersionLoggerListener.log JVM Version:           25.0.2+1-b329.117
05-Jun-2026 11:14:07.661 INFO [main] org.apache.catalina.startup.VersionLoggerListener.log JVM Vendor:            JetBrains s.r.o.
05-Jun-2026 11:14:07.662 INFO [main] org.apache.catalina.startup.VersionLoggerListener.log CATALINA_BASE:         D:\JAVA_FULL_STACK\RestAPI\jerseyProject1\src\main\webapp
05-Jun-2026 11:14:07.662 INFO [main] org.apache.catalina.startup.VersionLoggerListener.log CATALINA_HOME:         C:\Program Files\Apache Software Foundation\Tomcat 10.1
05-Jun-2026 11:14:07.672 INFO [main] org.apache.catalina.startup.VersionLoggerListener.log Command line argument: --add-opens=java.base/java.lang=ALL-UNNAMED
05-Jun-2026 11:14:07.673 INFO [main] org.apache.catalina.startup.VersionLoggerListener.log Command line argument: --add-opens=java.base/java.io=ALL-UNNAMED
05-Jun-2026 11:14:07.673 INFO [main] org.apache.catalina.startup.VersionLoggerListener.log Command line argument: --add-opens=java.base/java.util=ALL-UNNAMED
05-Jun-2026 11:14:07.673 INFO [main] org.apache.catalina.startup.VersionLoggerListener.log Command line argument: --add-opens=java.base/java.util.concurrent=ALL-UNNAMED
05-Jun-2026 11:14:07.673 INFO [main] org.apache.catalina.startup.VersionLoggerListener.log Command line argument: --add-opens=java.rmi/sun.rmi.transport=ALL-UNNAMED
05-Jun-2026 11:14:07.673 INFO [main] org.apache.catalina.startup.VersionLoggerListener.log Command line argument: -Dcatalina.home=C:\Program Files\Apache Software Foundation\Tomcat 10.1
05-Jun-2026 11:14:07.673 INFO [main] org.apache.catalina.startup.VersionLoggerListener.log Command line argument: -Dcatalina.base=D:\JAVA_FULL_STACK\RestAPI\jerseyProject1\src\main\webapp
05-Jun-2026 11:14:07.673 INFO [main] org.apache.catalina.startup.VersionLoggerListener.log Command line argument: -Djava.io.tmpdir=D:\JAVA_FULL_STACK\RestAPI\jerseyProject1\src\main\webapp\temp
05-Jun-2026 11:14:07.674 INFO [main] org.apache.catalina.startup.VersionLoggerListener.log Command line argument: -Djava.util.logging.config.file=D:\JAVA_FULL_STACK\RestAPI\jerseyProject1\src\main\webapp\conf\logging.properties
05-Jun-2026 11:14:07.674 INFO [main] org.apache.catalina.startup.VersionLoggerListener.log Command line argument: -Djava.util.logging.manager=org.apache.juli.ClassLoaderLogManager
05-Jun-2026 11:14:07.674 INFO [main] org.apache.catalina.startup.VersionLoggerListener.log Command line argument: -javaagent:C:\Program Files\JetBrains\IntelliJ IDEA 2026.1.2\lib\idea_rt.jar=62667
05-Jun-2026 11:14:07.674 INFO [main] org.apache.catalina.startup.VersionLoggerListener.log Command line argument: -Dfile.encoding=UTF-8
05-Jun-2026 11:14:07.674 INFO [main] org.apache.catalina.startup.VersionLoggerListener.log Command line argument: -Dsun.stdout.encoding=UTF-8
05-Jun-2026 11:14:07.674 INFO [main] org.apache.catalina.startup.VersionLoggerListener.log Command line argument: -Dsun.stderr.encoding=UTF-8
05-Jun-2026 11:14:07.699 INFO [main] org.apache.catalina.core.AprLifecycleListener.lifecycleEvent The Apache Tomcat Native library which allows using OpenSSL was not found on the java.library.path: [C:\Program Files\JetBrains\IntelliJ IDEA 2026.1.2\jbr\bin;C:\WINDOWS\Sun\Java\bin;C:\WINDOWS\system32;C:\WINDOWS;C:\Program Files\Common Files\Oracle\Java\javapath;C:\WINDOWS\system32;C:\WINDOWS;C:\WINDOWS\System32\Wbem;C:\WINDOWS\System32\WindowsPowerShell\v1.0\;C:\WINDOWS\System32\OpenSSH\;C:\Program Files (x86)\NVIDIA Corporation\PhysX\Common;C:\Program Files\NVIDIA Corporation\NVIDIA NvDLISR;C:\Program Files\MySQL\MySQL Server 8.0\bin;C:\Program Files\nodejs\;C:\Program Files\Git\cmd;C:\Program Files\PuTTY\;C:\Program Files\dotnet\;C:\apache-maven-3.9.16-bin\apache-maven-3.9.16\bin;C:\Program Files\Java\jdk-26\bin;D:\gradle-8.14.5\bin;C:\Program Files\MySQL\MySQL Shell 8.0\bin\;D:\anaconda3;D:\anaconda3\Library\mingw-w64\bin;D:\anaconda3\Library\usr\bin;D:\anaconda3\Library\bin;D:\anaconda3\Scripts;C:\Users\Harsh Khatana\AppData\Local\Programs\Python\Python313\Scripts\;C:\Users\Harsh Khatana\AppData\Local\Programs\Python\Python313\;C:\Users\Harsh Khatana\AppData\Local\Programs\Python\Launcher\;C:\Users\Harsh Khatana\AppData\Local\Microsoft\WindowsApps;C:\Users\Harsh Khatana\AppData\Roaming\npm;D:\vs code setup\Microsoft VS Code\bin;;.]
05-Jun-2026 11:14:07.962 INFO [main] org.apache.coyote.AbstractProtocol.init Initializing ProtocolHandler ["http-nio-8080"]
05-Jun-2026 11:14:07.979 INFO [main] org.apache.catalina.startup.Catalina.load Server initialization in [536] milliseconds
05-Jun-2026 11:14:08.030 INFO [main] org.apache.catalina.core.StandardService.startInternal Starting service [Catalina]
05-Jun-2026 11:14:08.030 INFO [main] org.apache.catalina.core.StandardEngine.startInternal Starting Servlet engine: [Apache Tomcat/10.1.55]
05-Jun-2026 11:14:08.052 INFO [main] org.apache.catalina.startup.HostConfig.deployDescriptor Deploying deployment descriptor [D:\JAVA_FULL_STACK\RestAPI\jerseyProject1\src\main\webapp\conf\Catalina\localhost\jerseyProject1.xml]
05-Jun-2026 11:14:12.593 INFO [main] org.apache.jasper.servlet.TldScanner.scanJars At least one JAR was scanned for TLDs yet contained no TLDs. Enable debug logging for this logger for a complete list of JARs that were scanned but no TLDs were found in them. Skipping unneeded JARs during scanning can improve startup time and JSP compilation time.
05-Jun-2026 11:14:28.107 INFO [main] org.apache.catalina.startup.HostConfig.deployDescriptor Deployment of deployment descriptor [D:\JAVA_FULL_STACK\RestAPI\jerseyProject1\src\main\webapp\conf\Catalina\localhost\jerseyProject1.xml] has finished in [20,047] ms
05-Jun-2026 11:14:28.108 INFO [main] org.apache.catalina.startup.HostConfig.deployDescriptor Deploying deployment descriptor [D:\JAVA_FULL_STACK\RestAPI\jerseyProject1\src\main\webapp\conf\Catalina\localhost\registrationWebApp.xml]
05-Jun-2026 11:14:28.315 INFO [main] org.apache.catalina.startup.HostConfig.deployDescriptor Deployment of deployment descriptor [D:\JAVA_FULL_STACK\RestAPI\jerseyProject1\src\main\webapp\conf\Catalina\localhost\registrationWebApp.xml] has finished in [208] ms
05-Jun-2026 11:14:28.322 INFO [main] org.apache.coyote.AbstractProtocol.start Starting ProtocolHandler ["http-nio-8080"]
05-Jun-2026 11:14:28.356 INFO [main] org.apache.catalina.startup.Catalina.start Server startup in [20375] milliseconds
05-Jun-2026 11:15:26.214 INFO [Thread-1] org.apache.coyote.AbstractProtocol.pause Pausing ProtocolHandler ["http-nio-8080"]
05-Jun-2026 11:15:26.227 INFO [Thread-1] org.apache.catalina.core.StandardService.stopInternal Stopping service [Catalina]
05-Jun-2026 11:15:26.261 INFO [Thread-1] org.apache.coyote.AbstractProtocol.stop Stopping ProtocolHandler ["http-nio-8080"]
05-Jun-2026 11:15:26.274 INFO [Thread-1] org.apache.coyote.AbstractProtocol.destroy Destroying ProtocolHandler ["http-nio-8080"]
05-Jun-2026 11:15:28.712 INFO [main] org.apache.catalina.startup.VersionLoggerListener.log Server version name:   Apache Tomcat/10.1.55
05-Jun-2026 11:15:28.715 INFO [main] org.apache.catalina.startup.VersionLoggerListener.log Server built:          May 5 2026 13:33:02 UTC
05-Jun-2026 11:15:28.715 INFO [main] org.apache.catalina.startup.VersionLoggerListener.log Server version number: 10.1.55.0
05-Jun-2026 11:15:28.715 INFO [main] org.apache.catalina.startup.VersionLoggerListener.log OS Name:               Windows 11
05-Jun-2026 11:15:28.715 INFO [main] org.apache.catalina.startup.VersionLoggerListener.log OS Version:            10.0
05-Jun-2026 11:15:28.715 INFO [main] org.apache.catalina.startup.VersionLoggerListener.log Architecture:          amd64
05-Jun-2026 11:15:28.715 INFO [main] org.apache.catalina.startup.VersionLoggerListener.log Java Home:             C:\Program Files\JetBrains\IntelliJ IDEA 2026.1.2\jbr
05-Jun-2026 11:15:28.715 INFO [main] org.apache.catalina.startup.VersionLoggerListener.log JVM Version:           25.0.2+1-b329.117
05-Jun-2026 11:15:28.716 INFO [main] org.apache.catalina.startup.VersionLoggerListener.log JVM Vendor:            JetBrains s.r.o.
05-Jun-2026 11:15:28.716 INFO [main] org.apache.catalina.startup.VersionLoggerListener.log CATALINA_BASE:         D:\JAVA_FULL_STACK\RestAPI\jerseyProject1\src\main\webapp
05-Jun-2026 11:15:28.716 INFO [main] org.apache.catalina.startup.VersionLoggerListener.log CATALINA_HOME:         C:\Program Files\Apache Software Foundation\Tomcat 10.1
05-Jun-2026 11:15:28.727 INFO [main] org.apache.catalina.startup.VersionLoggerListener.log Command line argument: --add-opens=java.base/java.lang=ALL-UNNAMED
05-Jun-2026 11:15:28.728 INFO [main] org.apache.catalina.startup.VersionLoggerListener.log Command line argument: --add-opens=java.base/java.io=ALL-UNNAMED
05-Jun-2026 11:15:28.728 INFO [main] org.apache.catalina.startup.VersionLoggerListener.log Command line argument: --add-opens=java.base/java.util=ALL-UNNAMED
05-Jun-2026 11:15:28.728 INFO [main] org.apache.catalina.startup.VersionLoggerListener.log Command line argument: --add-opens=java.base/java.util.concurrent=ALL-UNNAMED
05-Jun-2026 11:15:28.728 INFO [main] org.apache.catalina.startup.VersionLoggerListener.log Command line argument: --add-opens=java.rmi/sun.rmi.transport=ALL-UNNAMED
05-Jun-2026 11:15:28.728 INFO [main] org.apache.catalina.startup.VersionLoggerListener.log Command line argument: -Dcatalina.home=C:\Program Files\Apache Software Foundation\Tomcat 10.1
05-Jun-2026 11:15:28.728 INFO [main] org.apache.catalina.startup.VersionLoggerListener.log Command line argument: -Dcatalina.base=D:\JAVA_FULL_STACK\RestAPI\jerseyProject1\src\main\webapp
05-Jun-2026 11:15:28.728 INFO [main] org.apache.catalina.startup.VersionLoggerListener.log Command line argument: -Djava.io.tmpdir=D:\JAVA_FULL_STACK\RestAPI\jerseyProject1\src\main\webapp\temp
05-Jun-2026 11:15:28.728 INFO [main] org.apache.catalina.startup.VersionLoggerListener.log Command line argument: -Djava.util.logging.config.file=D:\JAVA_FULL_STACK\RestAPI\jerseyProject1\src\main\webapp\conf\logging.properties
05-Jun-2026 11:15:28.728 INFO [main] org.apache.catalina.startup.VersionLoggerListener.log Command line argument: -Djava.util.logging.manager=org.apache.juli.ClassLoaderLogManager
05-Jun-2026 11:15:28.728 INFO [main] org.apache.catalina.startup.VersionLoggerListener.log Command line argument: -javaagent:C:\Program Files\JetBrains\IntelliJ IDEA 2026.1.2\lib\idea_rt.jar=51758
05-Jun-2026 11:15:28.728 INFO [main] org.apache.catalina.startup.VersionLoggerListener.log Command line argument: -Dfile.encoding=UTF-8
05-Jun-2026 11:15:28.728 INFO [main] org.apache.catalina.startup.VersionLoggerListener.log Command line argument: -Dsun.stdout.encoding=UTF-8
05-Jun-2026 11:15:28.728 INFO [main] org.apache.catalina.startup.VersionLoggerListener.log Command line argument: -Dsun.stderr.encoding=UTF-8
05-Jun-2026 11:15:28.751 INFO [main] org.apache.catalina.core.AprLifecycleListener.lifecycleEvent The Apache Tomcat Native library which allows using OpenSSL was not found on the java.library.path: [C:\Program Files\JetBrains\IntelliJ IDEA 2026.1.2\jbr\bin;C:\WINDOWS\Sun\Java\bin;C:\WINDOWS\system32;C:\WINDOWS;C:\Program Files\Common Files\Oracle\Java\javapath;C:\WINDOWS\system32;C:\WINDOWS;C:\WINDOWS\System32\Wbem;C:\WINDOWS\System32\WindowsPowerShell\v1.0\;C:\WINDOWS\System32\OpenSSH\;C:\Program Files (x86)\NVIDIA Corporation\PhysX\Common;C:\Program Files\NVIDIA Corporation\NVIDIA NvDLISR;C:\Program Files\MySQL\MySQL Server 8.0\bin;C:\Program Files\nodejs\;C:\Program Files\Git\cmd;C:\Program Files\PuTTY\;C:\Program Files\dotnet\;C:\apache-maven-3.9.16-bin\apache-maven-3.9.16\bin;C:\Program Files\Java\jdk-26\bin;D:\gradle-8.14.5\bin;C:\Program Files\MySQL\MySQL Shell 8.0\bin\;D:\anaconda3;D:\anaconda3\Library\mingw-w64\bin;D:\anaconda3\Library\usr\bin;D:\anaconda3\Library\bin;D:\anaconda3\Scripts;C:\Users\Harsh Khatana\AppData\Local\Programs\Python\Python313\Scripts\;C:\Users\Harsh Khatana\AppData\Local\Programs\Python\Python313\;C:\Users\Harsh Khatana\AppData\Local\Programs\Python\Launcher\;C:\Users\Harsh Khatana\AppData\Local\Microsoft\WindowsApps;C:\Users\Harsh Khatana\AppData\Roaming\npm;D:\vs code setup\Microsoft VS Code\bin;;.]
05-Jun-2026 11:15:29.037 INFO [main] org.apache.coyote.AbstractProtocol.init Initializing ProtocolHandler ["http-nio-8080"]
05-Jun-2026 11:15:29.052 INFO [main] org.apache.catalina.startup.Catalina.load Server initialization in [568] milliseconds
05-Jun-2026 11:15:29.103 INFO [main] org.apache.catalina.core.StandardService.startInternal Starting service [Catalina]
05-Jun-2026 11:15:29.104 INFO [main] org.apache.catalina.core.StandardEngine.startInternal Starting Servlet engine: [Apache Tomcat/10.1.55]
05-Jun-2026 11:15:29.117 INFO [main] org.apache.catalina.startup.HostConfig.deployDescriptor Deploying deployment descriptor [D:\JAVA_FULL_STACK\RestAPI\jerseyProject1\src\main\webapp\conf\Catalina\localhost\jerseyProject1.xml]
05-Jun-2026 11:15:33.883 INFO [main] org.apache.jasper.servlet.TldScanner.scanJars At least one JAR was scanned for TLDs yet contained no TLDs. Enable debug logging for this logger for a complete list of JARs that were scanned but no TLDs were found in them. Skipping unneeded JARs during scanning can improve startup time and JSP compilation time.
05-Jun-2026 11:15:48.751 INFO [main] org.apache.catalina.startup.HostConfig.deployDescriptor Deployment of deployment descriptor [D:\JAVA_FULL_STACK\RestAPI\jerseyProject1\src\main\webapp\conf\Catalina\localhost\jerseyProject1.xml] has finished in [19,628] ms
05-Jun-2026 11:15:48.751 INFO [main] org.apache.catalina.startup.HostConfig.deployDescriptor Deploying deployment descriptor [D:\JAVA_FULL_STACK\RestAPI\jerseyProject1\src\main\webapp\conf\Catalina\localhost\registrationWebApp.xml]
05-Jun-2026 11:15:48.829 INFO [main] org.apache.catalina.startup.HostConfig.deployDescriptor Deployment of deployment descriptor [D:\JAVA_FULL_STACK\RestAPI\jerseyProject1\src\main\webapp\conf\Catalina\localhost\registrationWebApp.xml] has finished in [78] ms
05-Jun-2026 11:15:48.835 INFO [main] org.apache.coyote.AbstractProtocol.start Starting ProtocolHandler ["http-nio-8080"]
05-Jun-2026 11:15:48.873 INFO [main] org.apache.catalina.startup.Catalina.start Server startup in [19818] milliseconds
05-Jun-2026 11:29:08.844 INFO [Thread-1] org.apache.coyote.AbstractProtocol.pause Pausing ProtocolHandler ["http-nio-8080"]
05-Jun-2026 11:29:08.869 INFO [Thread-1] org.apache.catalina.core.StandardService.stopInternal Stopping service [Catalina]
05-Jun-2026 11:29:08.911 INFO [Thread-1] org.apache.coyote.AbstractProtocol.stop Stopping ProtocolHandler ["http-nio-8080"]
05-Jun-2026 11:29:08.924 INFO [Thread-1] org.apache.coyote.AbstractProtocol.destroy Destroying ProtocolHandler ["http-nio-8080"]
05-Jun-2026 11:29:12.181 INFO [main] org.apache.catalina.startup.VersionLoggerListener.log Server version name:   Apache Tomcat/10.1.55
05-Jun-2026 11:29:12.184 INFO [main] org.apache.catalina.startup.VersionLoggerListener.log Server built:          May 5 2026 13:33:02 UTC
05-Jun-2026 11:29:12.184 INFO [main] org.apache.catalina.startup.VersionLoggerListener.log Server version number: 10.1.55.0
05-Jun-2026 11:29:12.184 INFO [main] org.apache.catalina.startup.VersionLoggerListener.log OS Name:               Windows 11
05-Jun-2026 11:29:12.184 INFO [main] org.apache.catalina.startup.VersionLoggerListener.log OS Version:            10.0
05-Jun-2026 11:29:12.184 INFO [main] org.apache.catalina.startup.VersionLoggerListener.log Architecture:          amd64
05-Jun-2026 11:29:12.185 INFO [main] org.apache.catalina.startup.VersionLoggerListener.log Java Home:             C:\Program Files\JetBrains\IntelliJ IDEA 2026.1.2\jbr
05-Jun-2026 11:29:12.185 INFO [main] org.apache.catalina.startup.VersionLoggerListener.log JVM Version:           25.0.2+1-b329.117
05-Jun-2026 11:29:12.185 INFO [main] org.apache.catalina.startup.VersionLoggerListener.log JVM Vendor:            JetBrains s.r.o.
05-Jun-2026 11:29:12.185 INFO [main] org.apache.catalina.startup.VersionLoggerListener.log CATALINA_BASE:         D:\JAVA_FULL_STACK\RestAPI\jerseyProject1\src\main\webapp
05-Jun-2026 11:29:12.185 INFO [main] org.apache.catalina.startup.VersionLoggerListener.log CATALINA_HOME:         C:\Program Files\Apache Software Foundation\Tomcat 10.1
05-Jun-2026 11:29:12.196 INFO [main] org.apache.catalina.startup.VersionLoggerListener.log Command line argument: --add-opens=java.base/java.lang=ALL-UNNAMED
05-Jun-2026 11:29:12.196 INFO [main] org.apache.catalina.startup.VersionLoggerListener.log Command line argument: --add-opens=java.base/java.io=ALL-UNNAMED
05-Jun-2026 11:29:12.196 INFO [main] org.apache.catalina.startup.VersionLoggerListener.log Command line argument: --add-opens=java.base/java.util=ALL-UNNAMED
05-Jun-2026 11:29:12.196 INFO [main] org.apache.catalina.startup.VersionLoggerListener.log Command line argument: --add-opens=java.base/java.util.concurrent=ALL-UNNAMED
05-Jun-2026 11:29:12.196 INFO [main] org.apache.catalina.startup.VersionLoggerListener.log Command line argument: --add-opens=java.rmi/sun.rmi.transport=ALL-UNNAMED
05-Jun-2026 11:29:12.196 INFO [main] org.apache.catalina.startup.VersionLoggerListener.log Command line argument: -Dcatalina.home=C:\Program Files\Apache Software Foundation\Tomcat 10.1
05-Jun-2026 11:29:12.197 INFO [main] org.apache.catalina.startup.VersionLoggerListener.log Command line argument: -Dcatalina.base=D:\JAVA_FULL_STACK\RestAPI\jerseyProject1\src\main\webapp
05-Jun-2026 11:29:12.197 INFO [main] org.apache.catalina.startup.VersionLoggerListener.log Command line argument: -Djava.io.tmpdir=D:\JAVA_FULL_STACK\RestAPI\jerseyProject1\src\main\webapp\temp
05-Jun-2026 11:29:12.197 INFO [main] org.apache.catalina.startup.VersionLoggerListener.log Command line argument: -Djava.util.logging.config.file=D:\JAVA_FULL_STACK\RestAPI\jerseyProject1\src\main\webapp\conf\logging.properties
05-Jun-2026 11:29:12.197 INFO [main] org.apache.catalina.startup.VersionLoggerListener.log Command line argument: -Djava.util.logging.manager=org.apache.juli.ClassLoaderLogManager
05-Jun-2026 11:29:12.197 INFO [main] org.apache.catalina.startup.VersionLoggerListener.log Command line argument: -javaagent:C:\Program Files\JetBrains\IntelliJ IDEA 2026.1.2\lib\idea_rt.jar=61072
05-Jun-2026 11:29:12.197 INFO [main] org.apache.catalina.startup.VersionLoggerListener.log Command line argument: -Dfile.encoding=UTF-8
05-Jun-2026 11:29:12.197 INFO [main] org.apache.catalina.startup.VersionLoggerListener.log Command line argument: -Dsun.stdout.encoding=UTF-8
05-Jun-2026 11:29:12.197 INFO [main] org.apache.catalina.startup.VersionLoggerListener.log Command line argument: -Dsun.stderr.encoding=UTF-8
05-Jun-2026 11:29:12.221 INFO [main] org.apache.catalina.core.AprLifecycleListener.lifecycleEvent The Apache Tomcat Native library which allows using OpenSSL was not found on the java.library.path: [C:\Program Files\JetBrains\IntelliJ IDEA 2026.1.2\jbr\bin;C:\WINDOWS\Sun\Java\bin;C:\WINDOWS\system32;C:\WINDOWS;C:\Program Files\Common Files\Oracle\Java\javapath;C:\WINDOWS\system32;C:\WINDOWS;C:\WINDOWS\System32\Wbem;C:\WINDOWS\System32\WindowsPowerShell\v1.0\;C:\WINDOWS\System32\OpenSSH\;C:\Program Files (x86)\NVIDIA Corporation\PhysX\Common;C:\Program Files\NVIDIA Corporation\NVIDIA NvDLISR;C:\Program Files\MySQL\MySQL Server 8.0\bin;C:\Program Files\nodejs\;C:\Program Files\Git\cmd;C:\Program Files\PuTTY\;C:\Program Files\dotnet\;C:\apache-maven-3.9.16-bin\apache-maven-3.9.16\bin;C:\Program Files\Java\jdk-26\bin;D:\gradle-8.14.5\bin;C:\Program Files\MySQL\MySQL Shell 8.0\bin\;D:\anaconda3;D:\anaconda3\Library\mingw-w64\bin;D:\anaconda3\Library\usr\bin;D:\anaconda3\Library\bin;D:\anaconda3\Scripts;C:\Users\Harsh Khatana\AppData\Local\Programs\Python\Python313\Scripts\;C:\Users\Harsh Khatana\AppData\Local\Programs\Python\Python313\;C:\Users\Harsh Khatana\AppData\Local\Programs\Python\Launcher\;C:\Users\Harsh Khatana\AppData\Local\Microsoft\WindowsApps;C:\Users\Harsh Khatana\AppData\Roaming\npm;D:\vs code setup\Microsoft VS Code\bin;;.]
05-Jun-2026 11:29:12.547 INFO [main] org.apache.coyote.AbstractProtocol.init Initializing ProtocolHandler ["http-nio-8080"]
05-Jun-2026 11:29:12.562 INFO [main] org.apache.catalina.startup.Catalina.load Server initialization in [597] milliseconds
05-Jun-2026 11:29:12.607 INFO [main] org.apache.catalina.core.StandardService.startInternal Starting service [Catalina]
05-Jun-2026 11:29:12.608 INFO [main] org.apache.catalina.core.StandardEngine.startInternal Starting Servlet engine: [Apache Tomcat/10.1.55]
05-Jun-2026 11:29:12.623 INFO [main] org.apache.catalina.startup.HostConfig.deployDescriptor Deploying deployment descriptor [D:\JAVA_FULL_STACK\RestAPI\jerseyProject1\src\main\webapp\conf\Catalina\localhost\jerseyProject1.xml]
05-Jun-2026 11:29:17.895 INFO [main] org.apache.jasper.servlet.TldScanner.scanJars At least one JAR was scanned for TLDs yet contained no TLDs. Enable debug logging for this logger for a complete list of JARs that were scanned but no TLDs were found in them. Skipping unneeded JARs during scanning can improve startup time and JSP compilation time.
05-Jun-2026 11:30:00.161 INFO [main] org.apache.catalina.startup.HostConfig.deployDescriptor Deployment of deployment descriptor [D:\JAVA_FULL_STACK\RestAPI\jerseyProject1\src\main\webapp\conf\Catalina\localhost\jerseyProject1.xml] has finished in [47,532] ms
05-Jun-2026 11:30:00.162 INFO [main] org.apache.catalina.startup.HostConfig.deployDescriptor Deploying deployment descriptor [D:\JAVA_FULL_STACK\RestAPI\jerseyProject1\src\main\webapp\conf\Catalina\localhost\registrationWebApp.xml]
05-Jun-2026 11:30:00.380 INFO [main] org.apache.catalina.startup.HostConfig.deployDescriptor Deployment of deployment descriptor [D:\JAVA_FULL_STACK\RestAPI\jerseyProject1\src\main\webapp\conf\Catalina\localhost\registrationWebApp.xml] has finished in [219] ms
05-Jun-2026 11:30:00.390 INFO [main] org.apache.coyote.AbstractProtocol.start Starting ProtocolHandler ["http-nio-8080"]
05-Jun-2026 11:30:00.466 INFO [main] org.apache.catalina.startup.Catalina.start Server startup in [47902] milliseconds
05-Jun-2026 11:31:49.072 WARNING [http-nio-8080-exec-4] org.glassfish.jersey.server.ServerRuntime$Responder.process An exception mapping did not successfully produce and processed a response. Logging the exception propagated to the default exception mapper.
	jakarta.ws.rs.ProcessingException: Error deserializing object from entity stream.
		at org.glassfish.jersey.jsonb.internal.JsonBindingProvider.readFrom(JsonBindingProvider.java:93)
		at org.glassfish.jersey.message.internal.ReaderInterceptorExecutor$TerminalReaderInterceptor.invokeReadFrom(ReaderInterceptorExecutor.java:235)
		at org.glassfish.jersey.message.internal.ReaderInterceptorExecutor$TerminalReaderInterceptor.aroundReadFrom(ReaderInterceptorExecutor.java:214)
		at org.glassfish.jersey.message.internal.ReaderInterceptorExecutor.proceed(ReaderInterceptorExecutor.java:134)
		at org.glassfish.jersey.server.internal.MappableExceptionWrapperInterceptor.aroundReadFrom(MappableExceptionWrapperInterceptor.java:49)
		at org.glassfish.jersey.message.internal.ReaderInterceptorExecutor.proceed(ReaderInterceptorExecutor.java:134)
		at org.glassfish.jersey.message.internal.MessageBodyFactory.readFrom(MessageBodyFactory.java:1072)
		at org.glassfish.jersey.message.internal.InboundMessageContext.readEntity(InboundMessageContext.java:657)
		at org.glassfish.jersey.server.ContainerRequest.readEntity(ContainerRequest.java:290)
		at org.glassfish.jersey.server.internal.inject.EntityParamValueParamProvider$EntityValueSupplier.apply(EntityParamValueParamProvider.java:73)
		at org.glassfish.jersey.server.internal.inject.EntityParamValueParamProvider$EntityValueSupplier.apply(EntityParamValueParamProvider.java:56)
		at org.glassfish.jersey.server.spi.internal.ParamValueFactoryWithSource.apply(ParamValueFactoryWithSource.java:50)
		at org.glassfish.jersey.server.spi.internal.ParameterValueHelper.getParameterValues(ParameterValueHelper.java:68)
		at org.glassfish.jersey.server.model.internal.JavaResourceMethodDispatcherProvider$AbstractMethodParamInvoker.getParamValues(JavaResourceMethodDispatcherProvider.java:109)
		at org.glassfish.jersey.server.model.internal.JavaResourceMethodDispatcherProvider$TypeOutInvoker.doDispatch(JavaResourceMethodDispatcherProvider.java:219)
		at org.glassfish.jersey.server.model.internal.AbstractJavaResourceMethodDispatcher.dispatch(AbstractJavaResourceMethodDispatcher.java:93)
		at org.glassfish.jersey.server.model.ResourceMethodInvoker.invoke(ResourceMethodInvoker.java:478)
		at org.glassfish.jersey.server.model.ResourceMethodInvoker.apply(ResourceMethodInvoker.java:400)
		at org.glassfish.jersey.server.model.ResourceMethodInvoker.apply(ResourceMethodInvoker.java:81)
		at org.glassfish.jersey.server.ServerRuntime$1.run(ServerRuntime.java:263)
		at org.glassfish.jersey.internal.Errors$1.call(Errors.java:248)
		at org.glassfish.jersey.internal.Errors$1.call(Errors.java:244)
		at org.glassfish.jersey.internal.Errors.process(Errors.java:292)
		at org.glassfish.jersey.internal.Errors.process(Errors.java:274)
		at org.glassfish.jersey.internal.Errors.process(Errors.java:244)
		at org.glassfish.jersey.process.internal.RequestScope.runInScope(RequestScope.java:266)
		at org.glassfish.jersey.server.ServerRuntime.process(ServerRuntime.java:242)
		at org.glassfish.jersey.server.ApplicationHandler.handle(ApplicationHandler.java:697)
		at org.glassfish.jersey.servlet.WebComponent.serviceImpl(WebComponent.java:394)
		at org.glassfish.jersey.servlet.WebComponent.service(WebComponent.java:346)
		at org.glassfish.jersey.servlet.ServletContainer.service(ServletContainer.java:358)
		at org.glassfish.jersey.servlet.ServletContainer.service(ServletContainer.java:312)
		at org.glassfish.jersey.servlet.ServletContainer.service(ServletContainer.java:205)
		at org.apache.catalina.core.ApplicationFilterChain.internalDoFilter(ApplicationFilterChain.java:193)
		at org.apache.catalina.core.ApplicationFilterChain.doFilter(ApplicationFilterChain.java:138)
		at org.apache.tomcat.websocket.server.WsFilter.doFilter(WsFilter.java:51)
		at org.apache.catalina.core.ApplicationFilterChain.internalDoFilter(ApplicationFilterChain.java:162)
		at org.apache.catalina.core.ApplicationFilterChain.doFilter(ApplicationFilterChain.java:138)
		at org.apache.catalina.core.StandardWrapperValve.invoke(StandardWrapperValve.java:165)
		at org.apache.catalina.core.StandardContextValve.invoke(StandardContextValve.java:88)
		at org.apache.catalina.authenticator.AuthenticatorBase.invoke(AuthenticatorBase.java:492)
		at org.apache.catalina.core.StandardHostValve.invoke(StandardHostValve.java:113)
		at org.apache.catalina.valves.ErrorReportValve.invoke(ErrorReportValve.java:83)
		at org.apache.catalina.valves.AbstractAccessLogValve.invoke(AbstractAccessLogValve.java:782)
		at org.apache.catalina.core.StandardEngineValve.invoke(StandardEngineValve.java:72)
		at org.apache.catalina.connector.CoyoteAdapter.service(CoyoteAdapter.java:342)
		at org.apache.coyote.http11.Http11Processor.service(Http11Processor.java:399)
		at org.apache.coyote.AbstractProcessorLight.process(AbstractProcessorLight.java:63)
		at org.apache.coyote.AbstractProtocol$ConnectionHandler.process(AbstractProtocol.java:1272)
		at org.apache.tomcat.util.net.NioEndpoint$SocketProcessor.doRun(NioEndpoint.java:1797)
		at org.apache.tomcat.util.net.SocketProcessorBase.run(SocketProcessorBase.java:52)
		at org.apache.tomcat.util.threads.ThreadPoolExecutor.runWorker(ThreadPoolExecutor.java:973)
		at org.apache.tomcat.util.threads.ThreadPoolExecutor$Worker.run(ThreadPoolExecutor.java:491)
		at org.apache.tomcat.util.threads.TaskThread$WrappingRunnable.run(TaskThread.java:63)
		at java.base/java.lang.Thread.run(Thread.java:1474)
	Caused by: jakarta.json.bind.JsonbException: Incorrect position for processing type: int. Received event: START_OBJECT Allowed: [VALUE_NULL, VALUE_TRUE, VALUE_STRING, VALUE_NUMBER, VALUE_FALSE]
		at org.eclipse.yasson.internal.deserializer.PositionChecker.deserialize(PositionChecker.java:80)
		at org.eclipse.yasson.internal.deserializer.PositionChecker.deserialize(PositionChecker.java:34)
		at org.eclipse.yasson.internal.deserializer.NullCheckDeserializer.deserialize(NullCheckDeserializer.java:46)
		at org.eclipse.yasson.internal.deserializer.NullCheckDeserializer.deserialize(NullCheckDeserializer.java:26)
		at org.eclipse.yasson.internal.DeserializationContextImpl.deserializeItem(DeserializationContextImpl.java:138)
		at org.eclipse.yasson.internal.DeserializationContextImpl.deserialize(DeserializationContextImpl.java:127)
		at org.eclipse.yasson.internal.JsonBinding.deserialize(JsonBinding.java:55)
		at org.eclipse.yasson.internal.JsonBinding.fromJson(JsonBinding.java:102)
		at org.glassfish.jersey.jsonb.internal.JsonBindingProvider.readFrom(JsonBindingProvider.java:91)
		... 54 more
05-Jun-2026 11:33:42.776 INFO [Thread-1] org.apache.coyote.AbstractProtocol.pause Pausing ProtocolHandler ["http-nio-8080"]
05-Jun-2026 11:33:42.790 INFO [Thread-1] org.apache.catalina.core.StandardService.stopInternal Stopping service [Catalina]
05-Jun-2026 11:33:42.840 INFO [Thread-1] org.apache.coyote.AbstractProtocol.stop Stopping ProtocolHandler ["http-nio-8080"]
05-Jun-2026 11:33:42.848 INFO [Thread-1] org.apache.coyote.AbstractProtocol.destroy Destroying ProtocolHandler ["http-nio-8080"]
05-Jun-2026 11:34:18.762 INFO [main] org.apache.catalina.startup.VersionLoggerListener.log Server version name:   Apache Tomcat/10.1.55
05-Jun-2026 11:34:18.766 INFO [main] org.apache.catalina.startup.VersionLoggerListener.log Server built:          May 5 2026 13:33:02 UTC
05-Jun-2026 11:34:18.766 INFO [main] org.apache.catalina.startup.VersionLoggerListener.log Server version number: 10.1.55.0
05-Jun-2026 11:34:18.766 INFO [main] org.apache.catalina.startup.VersionLoggerListener.log OS Name:               Windows 11
05-Jun-2026 11:34:18.767 INFO [main] org.apache.catalina.startup.VersionLoggerListener.log OS Version:            10.0
05-Jun-2026 11:34:18.767 INFO [main] org.apache.catalina.startup.VersionLoggerListener.log Architecture:          amd64
05-Jun-2026 11:34:18.767 INFO [main] org.apache.catalina.startup.VersionLoggerListener.log Java Home:             C:\Program Files\JetBrains\IntelliJ IDEA 2026.1.2\jbr
05-Jun-2026 11:34:18.767 INFO [main] org.apache.catalina.startup.VersionLoggerListener.log JVM Version:           25.0.2+1-b329.117
05-Jun-2026 11:34:18.767 INFO [main] org.apache.catalina.startup.VersionLoggerListener.log JVM Vendor:            JetBrains s.r.o.
05-Jun-2026 11:34:18.767 INFO [main] org.apache.catalina.startup.VersionLoggerListener.log CATALINA_BASE:         D:\JAVA_FULL_STACK\RestAPI\jerseyProject1\src\main\webapp
05-Jun-2026 11:34:18.767 INFO [main] org.apache.catalina.startup.VersionLoggerListener.log CATALINA_HOME:         C:\Program Files\Apache Software Foundation\Tomcat 10.1
05-Jun-2026 11:34:18.780 INFO [main] org.apache.catalina.startup.VersionLoggerListener.log Command line argument: --add-opens=java.base/java.lang=ALL-UNNAMED
05-Jun-2026 11:34:18.781 INFO [main] org.apache.catalina.startup.VersionLoggerListener.log Command line argument: --add-opens=java.base/java.io=ALL-UNNAMED
05-Jun-2026 11:34:18.781 INFO [main] org.apache.catalina.startup.VersionLoggerListener.log Command line argument: --add-opens=java.base/java.util=ALL-UNNAMED
05-Jun-2026 11:34:18.781 INFO [main] org.apache.catalina.startup.VersionLoggerListener.log Command line argument: --add-opens=java.base/java.util.concurrent=ALL-UNNAMED
05-Jun-2026 11:34:18.781 INFO [main] org.apache.catalina.startup.VersionLoggerListener.log Command line argument: --add-opens=java.rmi/sun.rmi.transport=ALL-UNNAMED
05-Jun-2026 11:34:18.781 INFO [main] org.apache.catalina.startup.VersionLoggerListener.log Command line argument: -Dcatalina.home=C:\Program Files\Apache Software Foundation\Tomcat 10.1
05-Jun-2026 11:34:18.781 INFO [main] org.apache.catalina.startup.VersionLoggerListener.log Command line argument: -Dcatalina.base=D:\JAVA_FULL_STACK\RestAPI\jerseyProject1\src\main\webapp
05-Jun-2026 11:34:18.781 INFO [main] org.apache.catalina.startup.VersionLoggerListener.log Command line argument: -Djava.io.tmpdir=D:\JAVA_FULL_STACK\RestAPI\jerseyProject1\src\main\webapp\temp
05-Jun-2026 11:34:18.781 INFO [main] org.apache.catalina.startup.VersionLoggerListener.log Command line argument: -Djava.util.logging.config.file=D:\JAVA_FULL_STACK\RestAPI\jerseyProject1\src\main\webapp\conf\logging.properties
05-Jun-2026 11:34:18.781 INFO [main] org.apache.catalina.startup.VersionLoggerListener.log Command line argument: -Djava.util.logging.manager=org.apache.juli.ClassLoaderLogManager
05-Jun-2026 11:34:18.781 INFO [main] org.apache.catalina.startup.VersionLoggerListener.log Command line argument: -javaagent:C:\Program Files\JetBrains\IntelliJ IDEA 2026.1.2\lib\idea_rt.jar=65260
05-Jun-2026 11:34:18.782 INFO [main] org.apache.catalina.startup.VersionLoggerListener.log Command line argument: -Dfile.encoding=UTF-8
05-Jun-2026 11:34:18.782 INFO [main] org.apache.catalina.startup.VersionLoggerListener.log Command line argument: -Dsun.stdout.encoding=UTF-8
05-Jun-2026 11:34:18.782 INFO [main] org.apache.catalina.startup.VersionLoggerListener.log Command line argument: -Dsun.stderr.encoding=UTF-8
05-Jun-2026 11:34:18.809 INFO [main] org.apache.catalina.core.AprLifecycleListener.lifecycleEvent The Apache Tomcat Native library which allows using OpenSSL was not found on the java.library.path: [C:\Program Files\JetBrains\IntelliJ IDEA 2026.1.2\jbr\bin;C:\WINDOWS\Sun\Java\bin;C:\WINDOWS\system32;C:\WINDOWS;C:\Program Files\Common Files\Oracle\Java\javapath;C:\WINDOWS\system32;C:\WINDOWS;C:\WINDOWS\System32\Wbem;C:\WINDOWS\System32\WindowsPowerShell\v1.0\;C:\WINDOWS\System32\OpenSSH\;C:\Program Files (x86)\NVIDIA Corporation\PhysX\Common;C:\Program Files\NVIDIA Corporation\NVIDIA NvDLISR;C:\Program Files\MySQL\MySQL Server 8.0\bin;C:\Program Files\nodejs\;C:\Program Files\Git\cmd;C:\Program Files\PuTTY\;C:\Program Files\dotnet\;C:\apache-maven-3.9.16-bin\apache-maven-3.9.16\bin;C:\Program Files\Java\jdk-26\bin;D:\gradle-8.14.5\bin;C:\Program Files\MySQL\MySQL Shell 8.0\bin\;D:\anaconda3;D:\anaconda3\Library\mingw-w64\bin;D:\anaconda3\Library\usr\bin;D:\anaconda3\Library\bin;D:\anaconda3\Scripts;C:\Users\Harsh Khatana\AppData\Local\Programs\Python\Python313\Scripts\;C:\Users\Harsh Khatana\AppData\Local\Programs\Python\Python313\;C:\Users\Harsh Khatana\AppData\Local\Programs\Python\Launcher\;C:\Users\Harsh Khatana\AppData\Local\Microsoft\WindowsApps;C:\Users\Harsh Khatana\AppData\Roaming\npm;D:\vs code setup\Microsoft VS Code\bin;;.]
05-Jun-2026 11:34:19.137 INFO [main] org.apache.coyote.AbstractProtocol.init Initializing ProtocolHandler ["http-nio-8080"]
05-Jun-2026 11:34:19.160 INFO [main] org.apache.catalina.startup.Catalina.load Server initialization in [697] milliseconds
05-Jun-2026 11:34:19.212 INFO [main] org.apache.catalina.core.StandardService.startInternal Starting service [Catalina]
05-Jun-2026 11:34:19.212 INFO [main] org.apache.catalina.core.StandardEngine.startInternal Starting Servlet engine: [Apache Tomcat/10.1.55]
05-Jun-2026 11:34:19.226 INFO [main] org.apache.catalina.startup.HostConfig.deployDescriptor Deploying deployment descriptor [D:\JAVA_FULL_STACK\RestAPI\jerseyProject1\src\main\webapp\conf\Catalina\localhost\jerseyProject1.xml]
05-Jun-2026 11:34:25.520 INFO [main] org.apache.jasper.servlet.TldScanner.scanJars At least one JAR was scanned for TLDs yet contained no TLDs. Enable debug logging for this logger for a complete list of JARs that were scanned but no TLDs were found in them. Skipping unneeded JARs during scanning can improve startup time and JSP compilation time.
05-Jun-2026 11:34:56.391 INFO [main] org.apache.catalina.startup.HostConfig.deployDescriptor Deployment of deployment descriptor [D:\JAVA_FULL_STACK\RestAPI\jerseyProject1\src\main\webapp\conf\Catalina\localhost\jerseyProject1.xml] has finished in [37,160] ms
05-Jun-2026 11:34:56.392 INFO [main] org.apache.catalina.startup.HostConfig.deployDescriptor Deploying deployment descriptor [D:\JAVA_FULL_STACK\RestAPI\jerseyProject1\src\main\webapp\conf\Catalina\localhost\registrationWebApp.xml]
05-Jun-2026 11:34:56.508 INFO [main] org.apache.catalina.startup.HostConfig.deployDescriptor Deployment of deployment descriptor [D:\JAVA_FULL_STACK\RestAPI\jerseyProject1\src\main\webapp\conf\Catalina\localhost\registrationWebApp.xml] has finished in [116] ms
05-Jun-2026 11:34:56.515 INFO [main] org.apache.coyote.AbstractProtocol.start Starting ProtocolHandler ["http-nio-8080"]
05-Jun-2026 11:34:56.563 INFO [main] org.apache.catalina.startup.Catalina.start Server startup in [37401] milliseconds
05-Jun-2026 11:34:58.882 WARNING [http-nio-8080-exec-4] org.glassfish.jersey.server.ServerRuntime$Responder.process An exception mapping did not successfully produce and processed a response. Logging the exception propagated to the default exception mapper.
	jakarta.ws.rs.ProcessingException: Error deserializing object from entity stream.
		at org.glassfish.jersey.jsonb.internal.JsonBindingProvider.readFrom(JsonBindingProvider.java:93)
		at org.glassfish.jersey.message.internal.ReaderInterceptorExecutor$TerminalReaderInterceptor.invokeReadFrom(ReaderInterceptorExecutor.java:235)
		at org.glassfish.jersey.message.internal.ReaderInterceptorExecutor$TerminalReaderInterceptor.aroundReadFrom(ReaderInterceptorExecutor.java:214)
		at org.glassfish.jersey.message.internal.ReaderInterceptorExecutor.proceed(ReaderInterceptorExecutor.java:134)
		at org.glassfish.jersey.server.internal.MappableExceptionWrapperInterceptor.aroundReadFrom(MappableExceptionWrapperInterceptor.java:49)
		at org.glassfish.jersey.message.internal.ReaderInterceptorExecutor.proceed(ReaderInterceptorExecutor.java:134)
		at org.glassfish.jersey.message.internal.MessageBodyFactory.readFrom(MessageBodyFactory.java:1072)
		at org.glassfish.jersey.message.internal.InboundMessageContext.readEntity(InboundMessageContext.java:657)
		at org.glassfish.jersey.server.ContainerRequest.readEntity(ContainerRequest.java:290)
		at org.glassfish.jersey.server.internal.inject.EntityParamValueParamProvider$EntityValueSupplier.apply(EntityParamValueParamProvider.java:73)
		at org.glassfish.jersey.server.internal.inject.EntityParamValueParamProvider$EntityValueSupplier.apply(EntityParamValueParamProvider.java:56)
		at org.glassfish.jersey.server.spi.internal.ParamValueFactoryWithSource.apply(ParamValueFactoryWithSource.java:50)
		at org.glassfish.jersey.server.spi.internal.ParameterValueHelper.getParameterValues(ParameterValueHelper.java:68)
		at org.glassfish.jersey.server.model.internal.JavaResourceMethodDispatcherProvider$AbstractMethodParamInvoker.getParamValues(JavaResourceMethodDispatcherProvider.java:109)
		at org.glassfish.jersey.server.model.internal.JavaResourceMethodDispatcherProvider$TypeOutInvoker.doDispatch(JavaResourceMethodDispatcherProvider.java:219)
		at org.glassfish.jersey.server.model.internal.AbstractJavaResourceMethodDispatcher.dispatch(AbstractJavaResourceMethodDispatcher.java:93)
		at org.glassfish.jersey.server.model.ResourceMethodInvoker.invoke(ResourceMethodInvoker.java:478)
		at org.glassfish.jersey.server.model.ResourceMethodInvoker.apply(ResourceMethodInvoker.java:400)
		at org.glassfish.jersey.server.model.ResourceMethodInvoker.apply(ResourceMethodInvoker.java:81)
		at org.glassfish.jersey.server.ServerRuntime$1.run(ServerRuntime.java:263)
		at org.glassfish.jersey.internal.Errors$1.call(Errors.java:248)
		at org.glassfish.jersey.internal.Errors$1.call(Errors.java:244)
		at org.glassfish.jersey.internal.Errors.process(Errors.java:292)
		at org.glassfish.jersey.internal.Errors.process(Errors.java:274)
		at org.glassfish.jersey.internal.Errors.process(Errors.java:244)
		at org.glassfish.jersey.process.internal.RequestScope.runInScope(RequestScope.java:266)
		at org.glassfish.jersey.server.ServerRuntime.process(ServerRuntime.java:242)
		at org.glassfish.jersey.server.ApplicationHandler.handle(ApplicationHandler.java:697)
		at org.glassfish.jersey.servlet.WebComponent.serviceImpl(WebComponent.java:394)
		at org.glassfish.jersey.servlet.WebComponent.service(WebComponent.java:346)
		at org.glassfish.jersey.servlet.ServletContainer.service(ServletContainer.java:358)
		at org.glassfish.jersey.servlet.ServletContainer.service(ServletContainer.java:312)
		at org.glassfish.jersey.servlet.ServletContainer.service(ServletContainer.java:205)
		at org.apache.catalina.core.ApplicationFilterChain.internalDoFilter(ApplicationFilterChain.java:193)
		at org.apache.catalina.core.ApplicationFilterChain.doFilter(ApplicationFilterChain.java:138)
		at org.apache.tomcat.websocket.server.WsFilter.doFilter(WsFilter.java:51)
		at org.apache.catalina.core.ApplicationFilterChain.internalDoFilter(ApplicationFilterChain.java:162)
		at org.apache.catalina.core.ApplicationFilterChain.doFilter(ApplicationFilterChain.java:138)
		at org.apache.catalina.core.StandardWrapperValve.invoke(StandardWrapperValve.java:165)
		at org.apache.catalina.core.StandardContextValve.invoke(StandardContextValve.java:88)
		at org.apache.catalina.authenticator.AuthenticatorBase.invoke(AuthenticatorBase.java:492)
		at org.apache.catalina.core.StandardHostValve.invoke(StandardHostValve.java:113)
		at org.apache.catalina.valves.ErrorReportValve.invoke(ErrorReportValve.java:83)
		at org.apache.catalina.valves.AbstractAccessLogValve.invoke(AbstractAccessLogValve.java:782)
		at org.apache.catalina.core.StandardEngineValve.invoke(StandardEngineValve.java:72)
		at org.apache.catalina.connector.CoyoteAdapter.service(CoyoteAdapter.java:342)
		at org.apache.coyote.http11.Http11Processor.service(Http11Processor.java:399)
		at org.apache.coyote.AbstractProcessorLight.process(AbstractProcessorLight.java:63)
		at org.apache.coyote.AbstractProtocol$ConnectionHandler.process(AbstractProtocol.java:1272)
		at org.apache.tomcat.util.net.NioEndpoint$SocketProcessor.doRun(NioEndpoint.java:1797)
		at org.apache.tomcat.util.net.SocketProcessorBase.run(SocketProcessorBase.java:52)
		at org.apache.tomcat.util.threads.ThreadPoolExecutor.runWorker(ThreadPoolExecutor.java:973)
		at org.apache.tomcat.util.threads.ThreadPoolExecutor$Worker.run(ThreadPoolExecutor.java:491)
		at org.apache.tomcat.util.threads.TaskThread$WrappingRunnable.run(TaskThread.java:63)
		at java.base/java.lang.Thread.run(Thread.java:1474)
	Caused by: jakarta.json.bind.JsonbException: Incorrect position for processing type: int. Received event: START_OBJECT Allowed: [VALUE_TRUE, VALUE_STRING, VALUE_NUMBER, VALUE_FALSE, VALUE_NULL]
		at org.eclipse.yasson.internal.deserializer.PositionChecker.deserialize(PositionChecker.java:80)
		at org.eclipse.yasson.internal.deserializer.PositionChecker.deserialize(PositionChecker.java:34)
		at org.eclipse.yasson.internal.deserializer.NullCheckDeserializer.deserialize(NullCheckDeserializer.java:46)
		at org.eclipse.yasson.internal.deserializer.NullCheckDeserializer.deserialize(NullCheckDeserializer.java:26)
		at org.eclipse.yasson.internal.DeserializationContextImpl.deserializeItem(DeserializationContextImpl.java:138)
		at org.eclipse.yasson.internal.DeserializationContextImpl.deserialize(DeserializationContextImpl.java:127)
		at org.eclipse.yasson.internal.JsonBinding.deserialize(JsonBinding.java:55)
		at org.eclipse.yasson.internal.JsonBinding.fromJson(JsonBinding.java:102)
		at org.glassfish.jersey.jsonb.internal.JsonBindingProvider.readFrom(JsonBindingProvider.java:91)
		... 54 more
05-Jun-2026 11:35:46.737 INFO [Thread-1] org.apache.coyote.AbstractProtocol.pause Pausing ProtocolHandler ["http-nio-8080"]
05-Jun-2026 11:35:46.752 INFO [Thread-1] org.apache.catalina.core.StandardService.stopInternal Stopping service [Catalina]
05-Jun-2026 11:35:46.798 INFO [Thread-1] org.apache.coyote.AbstractProtocol.stop Stopping ProtocolHandler ["http-nio-8080"]
05-Jun-2026 11:35:46.808 INFO [Thread-1] org.apache.coyote.AbstractProtocol.destroy Destroying ProtocolHandler ["http-nio-8080"]
05-Jun-2026 11:35:50.142 INFO [main] org.apache.catalina.startup.VersionLoggerListener.log Server version name:   Apache Tomcat/10.1.55
05-Jun-2026 11:35:50.147 INFO [main] org.apache.catalina.startup.VersionLoggerListener.log Server built:          May 5 2026 13:33:02 UTC
05-Jun-2026 11:35:50.147 INFO [main] org.apache.catalina.startup.VersionLoggerListener.log Server version number: 10.1.55.0
05-Jun-2026 11:35:50.147 INFO [main] org.apache.catalina.startup.VersionLoggerListener.log OS Name:               Windows 11
05-Jun-2026 11:35:50.148 INFO [main] org.apache.catalina.startup.VersionLoggerListener.log OS Version:            10.0
05-Jun-2026 11:35:50.148 INFO [main] org.apache.catalina.startup.VersionLoggerListener.log Architecture:          amd64
05-Jun-2026 11:35:50.148 INFO [main] org.apache.catalina.startup.VersionLoggerListener.log Java Home:             C:\Program Files\JetBrains\IntelliJ IDEA 2026.1.2\jbr
05-Jun-2026 11:35:50.148 INFO [main] org.apache.catalina.startup.VersionLoggerListener.log JVM Version:           25.0.2+1-b329.117
05-Jun-2026 11:35:50.148 INFO [main] org.apache.catalina.startup.VersionLoggerListener.log JVM Vendor:            JetBrains s.r.o.
05-Jun-2026 11:35:50.149 INFO [main] org.apache.catalina.startup.VersionLoggerListener.log CATALINA_BASE:         D:\JAVA_FULL_STACK\RestAPI\jerseyProject1\src\main\webapp
05-Jun-2026 11:35:50.149 INFO [main] org.apache.catalina.startup.VersionLoggerListener.log CATALINA_HOME:         C:\Program Files\Apache Software Foundation\Tomcat 10.1
05-Jun-2026 11:35:50.161 INFO [main] org.apache.catalina.startup.VersionLoggerListener.log Command line argument: --add-opens=java.base/java.lang=ALL-UNNAMED
05-Jun-2026 11:35:50.161 INFO [main] org.apache.catalina.startup.VersionLoggerListener.log Command line argument: --add-opens=java.base/java.io=ALL-UNNAMED
05-Jun-2026 11:35:50.161 INFO [main] org.apache.catalina.startup.VersionLoggerListener.log Command line argument: --add-opens=java.base/java.util=ALL-UNNAMED
05-Jun-2026 11:35:50.161 INFO [main] org.apache.catalina.startup.VersionLoggerListener.log Command line argument: --add-opens=java.base/java.util.concurrent=ALL-UNNAMED
05-Jun-2026 11:35:50.161 INFO [main] org.apache.catalina.startup.VersionLoggerListener.log Command line argument: --add-opens=java.rmi/sun.rmi.transport=ALL-UNNAMED
05-Jun-2026 11:35:50.161 INFO [main] org.apache.catalina.startup.VersionLoggerListener.log Command line argument: -Dcatalina.home=C:\Program Files\Apache Software Foundation\Tomcat 10.1
05-Jun-2026 11:35:50.161 INFO [main] org.apache.catalina.startup.VersionLoggerListener.log Command line argument: -Dcatalina.base=D:\JAVA_FULL_STACK\RestAPI\jerseyProject1\src\main\webapp
05-Jun-2026 11:35:50.161 INFO [main] org.apache.catalina.startup.VersionLoggerListener.log Command line argument: -Djava.io.tmpdir=D:\JAVA_FULL_STACK\RestAPI\jerseyProject1\src\main\webapp\temp
05-Jun-2026 11:35:50.162 INFO [main] org.apache.catalina.startup.VersionLoggerListener.log Command line argument: -Djava.util.logging.config.file=D:\JAVA_FULL_STACK\RestAPI\jerseyProject1\src\main\webapp\conf\logging.properties
05-Jun-2026 11:35:50.162 INFO [main] org.apache.catalina.startup.VersionLoggerListener.log Command line argument: -Djava.util.logging.manager=org.apache.juli.ClassLoaderLogManager
05-Jun-2026 11:35:50.162 INFO [main] org.apache.catalina.startup.VersionLoggerListener.log Command line argument: -javaagent:C:\Program Files\JetBrains\IntelliJ IDEA 2026.1.2\lib\idea_rt.jar=65279
05-Jun-2026 11:35:50.162 INFO [main] org.apache.catalina.startup.VersionLoggerListener.log Command line argument: -Dfile.encoding=UTF-8
05-Jun-2026 11:35:50.162 INFO [main] org.apache.catalina.startup.VersionLoggerListener.log Command line argument: -Dsun.stdout.encoding=UTF-8
05-Jun-2026 11:35:50.162 INFO [main] org.apache.catalina.startup.VersionLoggerListener.log Command line argument: -Dsun.stderr.encoding=UTF-8
05-Jun-2026 11:35:50.188 INFO [main] org.apache.catalina.core.AprLifecycleListener.lifecycleEvent The Apache Tomcat Native library which allows using OpenSSL was not found on the java.library.path: [C:\Program Files\JetBrains\IntelliJ IDEA 2026.1.2\jbr\bin;C:\WINDOWS\Sun\Java\bin;C:\WINDOWS\system32;C:\WINDOWS;C:\Program Files\Common Files\Oracle\Java\javapath;C:\WINDOWS\system32;C:\WINDOWS;C:\WINDOWS\System32\Wbem;C:\WINDOWS\System32\WindowsPowerShell\v1.0\;C:\WINDOWS\System32\OpenSSH\;C:\Program Files (x86)\NVIDIA Corporation\PhysX\Common;C:\Program Files\NVIDIA Corporation\NVIDIA NvDLISR;C:\Program Files\MySQL\MySQL Server 8.0\bin;C:\Program Files\nodejs\;C:\Program Files\Git\cmd;C:\Program Files\PuTTY\;C:\Program Files\dotnet\;C:\apache-maven-3.9.16-bin\apache-maven-3.9.16\bin;C:\Program Files\Java\jdk-26\bin;D:\gradle-8.14.5\bin;C:\Program Files\MySQL\MySQL Shell 8.0\bin\;D:\anaconda3;D:\anaconda3\Library\mingw-w64\bin;D:\anaconda3\Library\usr\bin;D:\anaconda3\Library\bin;D:\anaconda3\Scripts;C:\Users\Harsh Khatana\AppData\Local\Programs\Python\Python313\Scripts\;C:\Users\Harsh Khatana\AppData\Local\Programs\Python\Python313\;C:\Users\Harsh Khatana\AppData\Local\Programs\Python\Launcher\;C:\Users\Harsh Khatana\AppData\Local\Microsoft\WindowsApps;C:\Users\Harsh Khatana\AppData\Roaming\npm;D:\vs code setup\Microsoft VS Code\bin;;.]
05-Jun-2026 11:35:50.528 INFO [main] org.apache.coyote.AbstractProtocol.init Initializing ProtocolHandler ["http-nio-8080"]
05-Jun-2026 11:35:50.545 INFO [main] org.apache.catalina.startup.Catalina.load Server initialization in [655] milliseconds
05-Jun-2026 11:35:50.601 INFO [main] org.apache.catalina.core.StandardService.startInternal Starting service [Catalina]
05-Jun-2026 11:35:50.601 INFO [main] org.apache.catalina.core.StandardEngine.startInternal Starting Servlet engine: [Apache Tomcat/10.1.55]
05-Jun-2026 11:35:50.614 INFO [main] org.apache.catalina.startup.HostConfig.deployDescriptor Deploying deployment descriptor [D:\JAVA_FULL_STACK\RestAPI\jerseyProject1\src\main\webapp\conf\Catalina\localhost\jerseyProject1.xml]
05-Jun-2026 11:35:56.993 INFO [main] org.apache.jasper.servlet.TldScanner.scanJars At least one JAR was scanned for TLDs yet contained no TLDs. Enable debug logging for this logger for a complete list of JARs that were scanned but no TLDs were found in them. Skipping unneeded JARs during scanning can improve startup time and JSP compilation time.
05-Jun-2026 11:36:33.042 INFO [main] org.apache.catalina.startup.HostConfig.deployDescriptor Deployment of deployment descriptor [D:\JAVA_FULL_STACK\RestAPI\jerseyProject1\src\main\webapp\conf\Catalina\localhost\jerseyProject1.xml] has finished in [42,422] ms
05-Jun-2026 11:36:33.043 INFO [main] org.apache.catalina.startup.HostConfig.deployDescriptor Deploying deployment descriptor [D:\JAVA_FULL_STACK\RestAPI\jerseyProject1\src\main\webapp\conf\Catalina\localhost\registrationWebApp.xml]
05-Jun-2026 11:36:33.218 INFO [main] org.apache.catalina.startup.HostConfig.deployDescriptor Deployment of deployment descriptor [D:\JAVA_FULL_STACK\RestAPI\jerseyProject1\src\main\webapp\conf\Catalina\localhost\registrationWebApp.xml] has finished in [176] ms
05-Jun-2026 11:36:33.228 INFO [main] org.apache.coyote.AbstractProtocol.start Starting ProtocolHandler ["http-nio-8080"]
05-Jun-2026 11:36:33.304 INFO [main] org.apache.catalina.startup.Catalina.start Server startup in [42757] milliseconds
05-Jun-2026 11:36:59.603 WARNING [http-nio-8080-exec-6] org.glassfish.jersey.server.ServerRuntime$Responder.process An exception mapping did not successfully produce and processed a response. Logging the exception propagated to the default exception mapper.
	jakarta.ws.rs.ProcessingException: Error deserializing object from entity stream.
		at org.glassfish.jersey.jsonb.internal.JsonBindingProvider.readFrom(JsonBindingProvider.java:93)
		at org.glassfish.jersey.message.internal.ReaderInterceptorExecutor$TerminalReaderInterceptor.invokeReadFrom(ReaderInterceptorExecutor.java:235)
		at org.glassfish.jersey.message.internal.ReaderInterceptorExecutor$TerminalReaderInterceptor.aroundReadFrom(ReaderInterceptorExecutor.java:214)
		at org.glassfish.jersey.message.internal.ReaderInterceptorExecutor.proceed(ReaderInterceptorExecutor.java:134)
		at org.glassfish.jersey.server.internal.MappableExceptionWrapperInterceptor.aroundReadFrom(MappableExceptionWrapperInterceptor.java:49)
		at org.glassfish.jersey.message.internal.ReaderInterceptorExecutor.proceed(ReaderInterceptorExecutor.java:134)
		at org.glassfish.jersey.message.internal.MessageBodyFactory.readFrom(MessageBodyFactory.java:1072)
		at org.glassfish.jersey.message.internal.InboundMessageContext.readEntity(InboundMessageContext.java:657)
		at org.glassfish.jersey.server.ContainerRequest.readEntity(ContainerRequest.java:290)
		at org.glassfish.jersey.server.internal.inject.EntityParamValueParamProvider$EntityValueSupplier.apply(EntityParamValueParamProvider.java:73)
		at org.glassfish.jersey.server.internal.inject.EntityParamValueParamProvider$EntityValueSupplier.apply(EntityParamValueParamProvider.java:56)
		at org.glassfish.jersey.server.spi.internal.ParamValueFactoryWithSource.apply(ParamValueFactoryWithSource.java:50)
		at org.glassfish.jersey.server.spi.internal.ParameterValueHelper.getParameterValues(ParameterValueHelper.java:68)
		at org.glassfish.jersey.server.model.internal.JavaResourceMethodDispatcherProvider$AbstractMethodParamInvoker.getParamValues(JavaResourceMethodDispatcherProvider.java:109)
		at org.glassfish.jersey.server.model.internal.JavaResourceMethodDispatcherProvider$TypeOutInvoker.doDispatch(JavaResourceMethodDispatcherProvider.java:219)
		at org.glassfish.jersey.server.model.internal.AbstractJavaResourceMethodDispatcher.dispatch(AbstractJavaResourceMethodDispatcher.java:93)
		at org.glassfish.jersey.server.model.ResourceMethodInvoker.invoke(ResourceMethodInvoker.java:478)
		at org.glassfish.jersey.server.model.ResourceMethodInvoker.apply(ResourceMethodInvoker.java:400)
		at org.glassfish.jersey.server.model.ResourceMethodInvoker.apply(ResourceMethodInvoker.java:81)
		at org.glassfish.jersey.server.ServerRuntime$1.run(ServerRuntime.java:263)
		at org.glassfish.jersey.internal.Errors$1.call(Errors.java:248)
		at org.glassfish.jersey.internal.Errors$1.call(Errors.java:244)
		at org.glassfish.jersey.internal.Errors.process(Errors.java:292)
		at org.glassfish.jersey.internal.Errors.process(Errors.java:274)
		at org.glassfish.jersey.internal.Errors.process(Errors.java:244)
		at org.glassfish.jersey.process.internal.RequestScope.runInScope(RequestScope.java:266)
		at org.glassfish.jersey.server.ServerRuntime.process(ServerRuntime.java:242)
		at org.glassfish.jersey.server.ApplicationHandler.handle(ApplicationHandler.java:697)
		at org.glassfish.jersey.servlet.WebComponent.serviceImpl(WebComponent.java:394)
		at org.glassfish.jersey.servlet.WebComponent.service(WebComponent.java:346)
		at org.glassfish.jersey.servlet.ServletContainer.service(ServletContainer.java:358)
		at org.glassfish.jersey.servlet.ServletContainer.service(ServletContainer.java:312)
		at org.glassfish.jersey.servlet.ServletContainer.service(ServletContainer.java:205)
		at org.apache.catalina.core.ApplicationFilterChain.internalDoFilter(ApplicationFilterChain.java:193)
		at org.apache.catalina.core.ApplicationFilterChain.doFilter(ApplicationFilterChain.java:138)
		at org.apache.tomcat.websocket.server.WsFilter.doFilter(WsFilter.java:51)
		at org.apache.catalina.core.ApplicationFilterChain.internalDoFilter(ApplicationFilterChain.java:162)
		at org.apache.catalina.core.ApplicationFilterChain.doFilter(ApplicationFilterChain.java:138)
		at org.apache.catalina.core.StandardWrapperValve.invoke(StandardWrapperValve.java:165)
		at org.apache.catalina.core.StandardContextValve.invoke(StandardContextValve.java:88)
		at org.apache.catalina.authenticator.AuthenticatorBase.invoke(AuthenticatorBase.java:492)
		at org.apache.catalina.core.StandardHostValve.invoke(StandardHostValve.java:113)
		at org.apache.catalina.valves.ErrorReportValve.invoke(ErrorReportValve.java:83)
		at org.apache.catalina.valves.AbstractAccessLogValve.invoke(AbstractAccessLogValve.java:782)
		at org.apache.catalina.core.StandardEngineValve.invoke(StandardEngineValve.java:72)
		at org.apache.catalina.connector.CoyoteAdapter.service(CoyoteAdapter.java:342)
		at org.apache.coyote.http11.Http11Processor.service(Http11Processor.java:399)
		at org.apache.coyote.AbstractProcessorLight.process(AbstractProcessorLight.java:63)
		at org.apache.coyote.AbstractProtocol$ConnectionHandler.process(AbstractProtocol.java:1272)
		at org.apache.tomcat.util.net.NioEndpoint$SocketProcessor.doRun(NioEndpoint.java:1797)
		at org.apache.tomcat.util.net.SocketProcessorBase.run(SocketProcessorBase.java:52)
		at org.apache.tomcat.util.threads.ThreadPoolExecutor.runWorker(ThreadPoolExecutor.java:973)
		at org.apache.tomcat.util.threads.ThreadPoolExecutor$Worker.run(ThreadPoolExecutor.java:491)
		at org.apache.tomcat.util.threads.TaskThread$WrappingRunnable.run(TaskThread.java:63)
		at java.base/java.lang.Thread.run(Thread.java:1474)
	Caused by: jakarta.json.bind.JsonbException: Incorrect position for processing type: int. Received event: START_OBJECT Allowed: [VALUE_NULL, VALUE_FALSE, VALUE_TRUE, VALUE_STRING, VALUE_NUMBER]
		at org.eclipse.yasson.internal.deserializer.PositionChecker.deserialize(PositionChecker.java:80)
		at org.eclipse.yasson.internal.deserializer.PositionChecker.deserialize(PositionChecker.java:34)
		at org.eclipse.yasson.internal.deserializer.NullCheckDeserializer.deserialize(NullCheckDeserializer.java:46)
		at org.eclipse.yasson.internal.deserializer.NullCheckDeserializer.deserialize(NullCheckDeserializer.java:26)
		at org.eclipse.yasson.internal.DeserializationContextImpl.deserializeItem(DeserializationContextImpl.java:138)
		at org.eclipse.yasson.internal.DeserializationContextImpl.deserialize(DeserializationContextImpl.java:127)
		at org.eclipse.yasson.internal.JsonBinding.deserialize(JsonBinding.java:55)
		at org.eclipse.yasson.internal.JsonBinding.fromJson(JsonBinding.java:102)
		at org.glassfish.jersey.jsonb.internal.JsonBindingProvider.readFrom(JsonBindingProvider.java:91)
		... 54 more
05-Jun-2026 11:38:44.745 INFO [Thread-1] org.apache.coyote.AbstractProtocol.pause Pausing ProtocolHandler ["http-nio-8080"]
05-Jun-2026 11:38:44.759 INFO [Thread-1] org.apache.catalina.core.StandardService.stopInternal Stopping service [Catalina]
05-Jun-2026 11:38:44.803 INFO [Thread-1] org.apache.coyote.AbstractProtocol.stop Stopping ProtocolHandler ["http-nio-8080"]
05-Jun-2026 11:38:44.816 INFO [Thread-1] org.apache.coyote.AbstractProtocol.destroy Destroying ProtocolHandler ["http-nio-8080"]
05-Jun-2026 11:38:48.222 INFO [main] org.apache.catalina.startup.VersionLoggerListener.log Server version name:   Apache Tomcat/10.1.55
05-Jun-2026 11:38:48.225 INFO [main] org.apache.catalina.startup.VersionLoggerListener.log Server built:          May 5 2026 13:33:02 UTC
05-Jun-2026 11:38:48.225 INFO [main] org.apache.catalina.startup.VersionLoggerListener.log Server version number: 10.1.55.0
05-Jun-2026 11:38:48.225 INFO [main] org.apache.catalina.startup.VersionLoggerListener.log OS Name:               Windows 11
05-Jun-2026 11:38:48.225 INFO [main] org.apache.catalina.startup.VersionLoggerListener.log OS Version:            10.0
05-Jun-2026 11:38:48.225 INFO [main] org.apache.catalina.startup.VersionLoggerListener.log Architecture:          amd64
05-Jun-2026 11:38:48.225 INFO [main] org.apache.catalina.startup.VersionLoggerListener.log Java Home:             C:\Program Files\JetBrains\IntelliJ IDEA 2026.1.2\jbr
05-Jun-2026 11:38:48.226 INFO [main] org.apache.catalina.startup.VersionLoggerListener.log JVM Version:           25.0.2+1-b329.117
05-Jun-2026 11:38:48.226 INFO [main] org.apache.catalina.startup.VersionLoggerListener.log JVM Vendor:            JetBrains s.r.o.
05-Jun-2026 11:38:48.226 INFO [main] org.apache.catalina.startup.VersionLoggerListener.log CATALINA_BASE:         D:\JAVA_FULL_STACK\RestAPI\jerseyProject1\src\main\webapp
05-Jun-2026 11:38:48.226 INFO [main] org.apache.catalina.startup.VersionLoggerListener.log CATALINA_HOME:         C:\Program Files\Apache Software Foundation\Tomcat 10.1
05-Jun-2026 11:38:48.239 INFO [main] org.apache.catalina.startup.VersionLoggerListener.log Command line argument: --add-opens=java.base/java.lang=ALL-UNNAMED
05-Jun-2026 11:38:48.240 INFO [main] org.apache.catalina.startup.VersionLoggerListener.log Command line argument: --add-opens=java.base/java.io=ALL-UNNAMED
05-Jun-2026 11:38:48.240 INFO [main] org.apache.catalina.startup.VersionLoggerListener.log Command line argument: --add-opens=java.base/java.util=ALL-UNNAMED
05-Jun-2026 11:38:48.240 INFO [main] org.apache.catalina.startup.VersionLoggerListener.log Command line argument: --add-opens=java.base/java.util.concurrent=ALL-UNNAMED
05-Jun-2026 11:38:48.240 INFO [main] org.apache.catalina.startup.VersionLoggerListener.log Command line argument: --add-opens=java.rmi/sun.rmi.transport=ALL-UNNAMED
05-Jun-2026 11:38:48.240 INFO [main] org.apache.catalina.startup.VersionLoggerListener.log Command line argument: -Dcatalina.home=C:\Program Files\Apache Software Foundation\Tomcat 10.1
05-Jun-2026 11:38:48.240 INFO [main] org.apache.catalina.startup.VersionLoggerListener.log Command line argument: -Dcatalina.base=D:\JAVA_FULL_STACK\RestAPI\jerseyProject1\src\main\webapp
05-Jun-2026 11:38:48.240 INFO [main] org.apache.catalina.startup.VersionLoggerListener.log Command line argument: -Djava.io.tmpdir=D:\JAVA_FULL_STACK\RestAPI\jerseyProject1\src\main\webapp\temp
05-Jun-2026 11:38:48.240 INFO [main] org.apache.catalina.startup.VersionLoggerListener.log Command line argument: -Djava.util.logging.config.file=D:\JAVA_FULL_STACK\RestAPI\jerseyProject1\src\main\webapp\conf\logging.properties
05-Jun-2026 11:38:48.240 INFO [main] org.apache.catalina.startup.VersionLoggerListener.log Command line argument: -Djava.util.logging.manager=org.apache.juli.ClassLoaderLogManager
05-Jun-2026 11:38:48.240 INFO [main] org.apache.catalina.startup.VersionLoggerListener.log Command line argument: -javaagent:C:\Program Files\JetBrains\IntelliJ IDEA 2026.1.2\lib\idea_rt.jar=56568
05-Jun-2026 11:38:48.241 INFO [main] org.apache.catalina.startup.VersionLoggerListener.log Command line argument: -Dfile.encoding=UTF-8
05-Jun-2026 11:38:48.241 INFO [main] org.apache.catalina.startup.VersionLoggerListener.log Command line argument: -Dsun.stdout.encoding=UTF-8
05-Jun-2026 11:38:48.241 INFO [main] org.apache.catalina.startup.VersionLoggerListener.log Command line argument: -Dsun.stderr.encoding=UTF-8
05-Jun-2026 11:38:48.268 INFO [main] org.apache.catalina.core.AprLifecycleListener.lifecycleEvent The Apache Tomcat Native library which allows using OpenSSL was not found on the java.library.path: [C:\Program Files\JetBrains\IntelliJ IDEA 2026.1.2\jbr\bin;C:\WINDOWS\Sun\Java\bin;C:\WINDOWS\system32;C:\WINDOWS;C:\Program Files\Common Files\Oracle\Java\javapath;C:\WINDOWS\system32;C:\WINDOWS;C:\WINDOWS\System32\Wbem;C:\WINDOWS\System32\WindowsPowerShell\v1.0\;C:\WINDOWS\System32\OpenSSH\;C:\Program Files (x86)\NVIDIA Corporation\PhysX\Common;C:\Program Files\NVIDIA Corporation\NVIDIA NvDLISR;C:\Program Files\MySQL\MySQL Server 8.0\bin;C:\Program Files\nodejs\;C:\Program Files\Git\cmd;C:\Program Files\PuTTY\;C:\Program Files\dotnet\;C:\apache-maven-3.9.16-bin\apache-maven-3.9.16\bin;C:\Program Files\Java\jdk-26\bin;D:\gradle-8.14.5\bin;C:\Program Files\MySQL\MySQL Shell 8.0\bin\;D:\anaconda3;D:\anaconda3\Library\mingw-w64\bin;D:\anaconda3\Library\usr\bin;D:\anaconda3\Library\bin;D:\anaconda3\Scripts;C:\Users\Harsh Khatana\AppData\Local\Programs\Python\Python313\Scripts\;C:\Users\Harsh Khatana\AppData\Local\Programs\Python\Python313\;C:\Users\Harsh Khatana\AppData\Local\Programs\Python\Launcher\;C:\Users\Harsh Khatana\AppData\Local\Microsoft\WindowsApps;C:\Users\Harsh Khatana\AppData\Roaming\npm;D:\vs code setup\Microsoft VS Code\bin;;.]
05-Jun-2026 11:38:48.604 INFO [main] org.apache.coyote.AbstractProtocol.init Initializing ProtocolHandler ["http-nio-8080"]
05-Jun-2026 11:38:48.623 INFO [main] org.apache.catalina.startup.Catalina.load Server initialization in [665] milliseconds
05-Jun-2026 11:38:48.674 INFO [main] org.apache.catalina.core.StandardService.startInternal Starting service [Catalina]
05-Jun-2026 11:38:48.675 INFO [main] org.apache.catalina.core.StandardEngine.startInternal Starting Servlet engine: [Apache Tomcat/10.1.55]
05-Jun-2026 11:38:48.691 INFO [main] org.apache.catalina.startup.HostConfig.deployDescriptor Deploying deployment descriptor [D:\JAVA_FULL_STACK\RestAPI\jerseyProject1\src\main\webapp\conf\Catalina\localhost\jerseyProject1.xml]
05-Jun-2026 11:38:54.477 INFO [main] org.apache.jasper.servlet.TldScanner.scanJars At least one JAR was scanned for TLDs yet contained no TLDs. Enable debug logging for this logger for a complete list of JARs that were scanned but no TLDs were found in them. Skipping unneeded JARs during scanning can improve startup time and JSP compilation time.
05-Jun-2026 11:39:08.653 INFO [main] org.apache.catalina.startup.HostConfig.deployDescriptor Deployment of deployment descriptor [D:\JAVA_FULL_STACK\RestAPI\jerseyProject1\src\main\webapp\conf\Catalina\localhost\jerseyProject1.xml] has finished in [19,958] ms
05-Jun-2026 11:39:08.653 INFO [main] org.apache.catalina.startup.HostConfig.deployDescriptor Deploying deployment descriptor [D:\JAVA_FULL_STACK\RestAPI\jerseyProject1\src\main\webapp\conf\Catalina\localhost\registrationWebApp.xml]
05-Jun-2026 11:39:08.751 INFO [main] org.apache.catalina.startup.HostConfig.deployDescriptor Deployment of deployment descriptor [D:\JAVA_FULL_STACK\RestAPI\jerseyProject1\src\main\webapp\conf\Catalina\localhost\registrationWebApp.xml] has finished in [98] ms
05-Jun-2026 11:39:08.760 INFO [main] org.apache.coyote.AbstractProtocol.start Starting ProtocolHandler ["http-nio-8080"]
05-Jun-2026 11:39:08.828 INFO [main] org.apache.catalina.startup.Catalina.start Server startup in [20202] milliseconds
05-Jun-2026 11:39:56.892 WARNING [http-nio-8080-exec-3] org.glassfish.jersey.server.ServerRuntime$Responder.process An exception mapping did not successfully produce and processed a response. Logging the exception propagated to the default exception mapper.
	jakarta.ws.rs.ProcessingException: Error deserializing object from entity stream.
		at org.glassfish.jersey.jsonb.internal.JsonBindingProvider.readFrom(JsonBindingProvider.java:93)
		at org.glassfish.jersey.message.internal.ReaderInterceptorExecutor$TerminalReaderInterceptor.invokeReadFrom(ReaderInterceptorExecutor.java:235)
		at org.glassfish.jersey.message.internal.ReaderInterceptorExecutor$TerminalReaderInterceptor.aroundReadFrom(ReaderInterceptorExecutor.java:214)
		at org.glassfish.jersey.message.internal.ReaderInterceptorExecutor.proceed(ReaderInterceptorExecutor.java:134)
		at org.glassfish.jersey.server.internal.MappableExceptionWrapperInterceptor.aroundReadFrom(MappableExceptionWrapperInterceptor.java:49)
		at org.glassfish.jersey.message.internal.ReaderInterceptorExecutor.proceed(ReaderInterceptorExecutor.java:134)
		at org.glassfish.jersey.message.internal.MessageBodyFactory.readFrom(MessageBodyFactory.java:1072)
		at org.glassfish.jersey.message.internal.InboundMessageContext.readEntity(InboundMessageContext.java:657)
		at org.glassfish.jersey.server.ContainerRequest.readEntity(ContainerRequest.java:290)
		at org.glassfish.jersey.server.internal.inject.EntityParamValueParamProvider$EntityValueSupplier.apply(EntityParamValueParamProvider.java:73)
		at org.glassfish.jersey.server.internal.inject.EntityParamValueParamProvider$EntityValueSupplier.apply(EntityParamValueParamProvider.java:56)
		at org.glassfish.jersey.server.spi.internal.ParamValueFactoryWithSource.apply(ParamValueFactoryWithSource.java:50)
		at org.glassfish.jersey.server.spi.internal.ParameterValueHelper.getParameterValues(ParameterValueHelper.java:68)
		at org.glassfish.jersey.server.model.internal.JavaResourceMethodDispatcherProvider$AbstractMethodParamInvoker.getParamValues(JavaResourceMethodDispatcherProvider.java:109)
		at org.glassfish.jersey.server.model.internal.JavaResourceMethodDispatcherProvider$TypeOutInvoker.doDispatch(JavaResourceMethodDispatcherProvider.java:219)
		at org.glassfish.jersey.server.model.internal.AbstractJavaResourceMethodDispatcher.dispatch(AbstractJavaResourceMethodDispatcher.java:93)
		at org.glassfish.jersey.server.model.ResourceMethodInvoker.invoke(ResourceMethodInvoker.java:478)
		at org.glassfish.jersey.server.model.ResourceMethodInvoker.apply(ResourceMethodInvoker.java:400)
		at org.glassfish.jersey.server.model.ResourceMethodInvoker.apply(ResourceMethodInvoker.java:81)
		at org.glassfish.jersey.server.ServerRuntime$1.run(ServerRuntime.java:263)
		at org.glassfish.jersey.internal.Errors$1.call(Errors.java:248)
		at org.glassfish.jersey.internal.Errors$1.call(Errors.java:244)
		at org.glassfish.jersey.internal.Errors.process(Errors.java:292)
		at org.glassfish.jersey.internal.Errors.process(Errors.java:274)
		at org.glassfish.jersey.internal.Errors.process(Errors.java:244)
		at org.glassfish.jersey.process.internal.RequestScope.runInScope(RequestScope.java:266)
		at org.glassfish.jersey.server.ServerRuntime.process(ServerRuntime.java:242)
		at org.glassfish.jersey.server.ApplicationHandler.handle(ApplicationHandler.java:697)
		at org.glassfish.jersey.servlet.WebComponent.serviceImpl(WebComponent.java:394)
		at org.glassfish.jersey.servlet.WebComponent.service(WebComponent.java:346)
		at org.glassfish.jersey.servlet.ServletContainer.service(ServletContainer.java:358)
		at org.glassfish.jersey.servlet.ServletContainer.service(ServletContainer.java:312)
		at org.glassfish.jersey.servlet.ServletContainer.service(ServletContainer.java:205)
		at org.apache.catalina.core.ApplicationFilterChain.internalDoFilter(ApplicationFilterChain.java:193)
		at org.apache.catalina.core.ApplicationFilterChain.doFilter(ApplicationFilterChain.java:138)
		at org.apache.tomcat.websocket.server.WsFilter.doFilter(WsFilter.java:51)
		at org.apache.catalina.core.ApplicationFilterChain.internalDoFilter(ApplicationFilterChain.java:162)
		at org.apache.catalina.core.ApplicationFilterChain.doFilter(ApplicationFilterChain.java:138)
		at org.apache.catalina.core.StandardWrapperValve.invoke(StandardWrapperValve.java:165)
		at org.apache.catalina.core.StandardContextValve.invoke(StandardContextValve.java:88)
		at org.apache.catalina.authenticator.AuthenticatorBase.invoke(AuthenticatorBase.java:492)
		at org.apache.catalina.core.StandardHostValve.invoke(StandardHostValve.java:113)
		at org.apache.catalina.valves.ErrorReportValve.invoke(ErrorReportValve.java:83)
		at org.apache.catalina.valves.AbstractAccessLogValve.invoke(AbstractAccessLogValve.java:782)
		at org.apache.catalina.core.StandardEngineValve.invoke(StandardEngineValve.java:72)
		at org.apache.catalina.connector.CoyoteAdapter.service(CoyoteAdapter.java:342)
		at org.apache.coyote.http11.Http11Processor.service(Http11Processor.java:399)
		at org.apache.coyote.AbstractProcessorLight.process(AbstractProcessorLight.java:63)
		at org.apache.coyote.AbstractProtocol$ConnectionHandler.process(AbstractProtocol.java:1272)
		at org.apache.tomcat.util.net.NioEndpoint$SocketProcessor.doRun(NioEndpoint.java:1797)
		at org.apache.tomcat.util.net.SocketProcessorBase.run(SocketProcessorBase.java:52)
		at org.apache.tomcat.util.threads.ThreadPoolExecutor.runWorker(ThreadPoolExecutor.java:973)
		at org.apache.tomcat.util.threads.ThreadPoolExecutor$Worker.run(ThreadPoolExecutor.java:491)
		at org.apache.tomcat.util.threads.TaskThread$WrappingRunnable.run(TaskThread.java:63)
		at java.base/java.lang.Thread.run(Thread.java:1474)
	Caused by: jakarta.json.bind.JsonbException: Incorrect position for processing type: int. Received event: START_OBJECT Allowed: [VALUE_FALSE, VALUE_NULL, VALUE_STRING, VALUE_TRUE, VALUE_NUMBER]
		at org.eclipse.yasson.internal.deserializer.PositionChecker.deserialize(PositionChecker.java:80)
		at org.eclipse.yasson.internal.deserializer.PositionChecker.deserialize(PositionChecker.java:34)
		at org.eclipse.yasson.internal.deserializer.NullCheckDeserializer.deserialize(NullCheckDeserializer.java:46)
		at org.eclipse.yasson.internal.deserializer.NullCheckDeserializer.deserialize(NullCheckDeserializer.java:26)
		at org.eclipse.yasson.internal.DeserializationContextImpl.deserializeItem(DeserializationContextImpl.java:138)
		at org.eclipse.yasson.internal.DeserializationContextImpl.deserialize(DeserializationContextImpl.java:127)
		at org.eclipse.yasson.internal.JsonBinding.deserialize(JsonBinding.java:55)
		at org.eclipse.yasson.internal.JsonBinding.fromJson(JsonBinding.java:102)
		at org.glassfish.jersey.jsonb.internal.JsonBindingProvider.readFrom(JsonBindingProvider.java:91)
		... 54 more
05-Jun-2026 11:41:12.914 INFO [Thread-1] org.apache.coyote.AbstractProtocol.pause Pausing ProtocolHandler ["http-nio-8080"]
05-Jun-2026 11:41:12.929 INFO [Thread-1] org.apache.catalina.core.StandardService.stopInternal Stopping service [Catalina]
05-Jun-2026 11:41:12.976 INFO [Thread-1] org.apache.coyote.AbstractProtocol.stop Stopping ProtocolHandler ["http-nio-8080"]
05-Jun-2026 11:41:12.984 INFO [Thread-1] org.apache.coyote.AbstractProtocol.destroy Destroying ProtocolHandler ["http-nio-8080"]
05-Jun-2026 11:41:16.581 INFO [main] org.apache.catalina.startup.VersionLoggerListener.log Server version name:   Apache Tomcat/10.1.55
05-Jun-2026 11:41:16.585 INFO [main] org.apache.catalina.startup.VersionLoggerListener.log Server built:          May 5 2026 13:33:02 UTC
05-Jun-2026 11:41:16.585 INFO [main] org.apache.catalina.startup.VersionLoggerListener.log Server version number: 10.1.55.0
05-Jun-2026 11:41:16.585 INFO [main] org.apache.catalina.startup.VersionLoggerListener.log OS Name:               Windows 11
05-Jun-2026 11:41:16.585 INFO [main] org.apache.catalina.startup.VersionLoggerListener.log OS Version:            10.0
05-Jun-2026 11:41:16.586 INFO [main] org.apache.catalina.startup.VersionLoggerListener.log Architecture:          amd64
05-Jun-2026 11:41:16.586 INFO [main] org.apache.catalina.startup.VersionLoggerListener.log Java Home:             C:\Program Files\JetBrains\IntelliJ IDEA 2026.1.2\jbr
05-Jun-2026 11:41:16.586 INFO [main] org.apache.catalina.startup.VersionLoggerListener.log JVM Version:           25.0.2+1-b329.117
05-Jun-2026 11:41:16.586 INFO [main] org.apache.catalina.startup.VersionLoggerListener.log JVM Vendor:            JetBrains s.r.o.
05-Jun-2026 11:41:16.586 INFO [main] org.apache.catalina.startup.VersionLoggerListener.log CATALINA_BASE:         D:\JAVA_FULL_STACK\RestAPI\jerseyProject1\src\main\webapp
05-Jun-2026 11:41:16.586 INFO [main] org.apache.catalina.startup.VersionLoggerListener.log CATALINA_HOME:         C:\Program Files\Apache Software Foundation\Tomcat 10.1
05-Jun-2026 11:41:16.598 INFO [main] org.apache.catalina.startup.VersionLoggerListener.log Command line argument: --add-opens=java.base/java.lang=ALL-UNNAMED
05-Jun-2026 11:41:16.599 INFO [main] org.apache.catalina.startup.VersionLoggerListener.log Command line argument: --add-opens=java.base/java.io=ALL-UNNAMED
05-Jun-2026 11:41:16.599 INFO [main] org.apache.catalina.startup.VersionLoggerListener.log Command line argument: --add-opens=java.base/java.util=ALL-UNNAMED
05-Jun-2026 11:41:16.599 INFO [main] org.apache.catalina.startup.VersionLoggerListener.log Command line argument: --add-opens=java.base/java.util.concurrent=ALL-UNNAMED
05-Jun-2026 11:41:16.599 INFO [main] org.apache.catalina.startup.VersionLoggerListener.log Command line argument: --add-opens=java.rmi/sun.rmi.transport=ALL-UNNAMED
05-Jun-2026 11:41:16.599 INFO [main] org.apache.catalina.startup.VersionLoggerListener.log Command line argument: -Dcatalina.home=C:\Program Files\Apache Software Foundation\Tomcat 10.1
05-Jun-2026 11:41:16.599 INFO [main] org.apache.catalina.startup.VersionLoggerListener.log Command line argument: -Dcatalina.base=D:\JAVA_FULL_STACK\RestAPI\jerseyProject1\src\main\webapp
05-Jun-2026 11:41:16.600 INFO [main] org.apache.catalina.startup.VersionLoggerListener.log Command line argument: -Djava.io.tmpdir=D:\JAVA_FULL_STACK\RestAPI\jerseyProject1\src\main\webapp\temp
05-Jun-2026 11:41:16.600 INFO [main] org.apache.catalina.startup.VersionLoggerListener.log Command line argument: -Djava.util.logging.config.file=D:\JAVA_FULL_STACK\RestAPI\jerseyProject1\src\main\webapp\conf\logging.properties
05-Jun-2026 11:41:16.600 INFO [main] org.apache.catalina.startup.VersionLoggerListener.log Command line argument: -Djava.util.logging.manager=org.apache.juli.ClassLoaderLogManager
05-Jun-2026 11:41:16.600 INFO [main] org.apache.catalina.startup.VersionLoggerListener.log Command line argument: -javaagent:C:\Program Files\JetBrains\IntelliJ IDEA 2026.1.2\lib\idea_rt.jar=56584
05-Jun-2026 11:41:16.600 INFO [main] org.apache.catalina.startup.VersionLoggerListener.log Command line argument: -Dfile.encoding=UTF-8
05-Jun-2026 11:41:16.600 INFO [main] org.apache.catalina.startup.VersionLoggerListener.log Command line argument: -Dsun.stdout.encoding=UTF-8
05-Jun-2026 11:41:16.600 INFO [main] org.apache.catalina.startup.VersionLoggerListener.log Command line argument: -Dsun.stderr.encoding=UTF-8
05-Jun-2026 11:41:16.628 INFO [main] org.apache.catalina.core.AprLifecycleListener.lifecycleEvent The Apache Tomcat Native library which allows using OpenSSL was not found on the java.library.path: [C:\Program Files\JetBrains\IntelliJ IDEA 2026.1.2\jbr\bin;C:\WINDOWS\Sun\Java\bin;C:\WINDOWS\system32;C:\WINDOWS;C:\Program Files\Common Files\Oracle\Java\javapath;C:\WINDOWS\system32;C:\WINDOWS;C:\WINDOWS\System32\Wbem;C:\WINDOWS\System32\WindowsPowerShell\v1.0\;C:\WINDOWS\System32\OpenSSH\;C:\Program Files (x86)\NVIDIA Corporation\PhysX\Common;C:\Program Files\NVIDIA Corporation\NVIDIA NvDLISR;C:\Program Files\MySQL\MySQL Server 8.0\bin;C:\Program Files\nodejs\;C:\Program Files\Git\cmd;C:\Program Files\PuTTY\;C:\Program Files\dotnet\;C:\apache-maven-3.9.16-bin\apache-maven-3.9.16\bin;C:\Program Files\Java\jdk-26\bin;D:\gradle-8.14.5\bin;C:\Program Files\MySQL\MySQL Shell 8.0\bin\;D:\anaconda3;D:\anaconda3\Library\mingw-w64\bin;D:\anaconda3\Library\usr\bin;D:\anaconda3\Library\bin;D:\anaconda3\Scripts;C:\Users\Harsh Khatana\AppData\Local\Programs\Python\Python313\Scripts\;C:\Users\Harsh Khatana\AppData\Local\Programs\Python\Python313\;C:\Users\Harsh Khatana\AppData\Local\Programs\Python\Launcher\;C:\Users\Harsh Khatana\AppData\Local\Microsoft\WindowsApps;C:\Users\Harsh Khatana\AppData\Roaming\npm;D:\vs code setup\Microsoft VS Code\bin;;.]
05-Jun-2026 11:41:16.952 INFO [main] org.apache.coyote.AbstractProtocol.init Initializing ProtocolHandler ["http-nio-8080"]
05-Jun-2026 11:41:16.967 INFO [main] org.apache.catalina.startup.Catalina.load Server initialization in [624] milliseconds
05-Jun-2026 11:41:17.022 INFO [main] org.apache.catalina.core.StandardService.startInternal Starting service [Catalina]
05-Jun-2026 11:41:17.022 INFO [main] org.apache.catalina.core.StandardEngine.startInternal Starting Servlet engine: [Apache Tomcat/10.1.55]
05-Jun-2026 11:41:17.037 INFO [main] org.apache.catalina.startup.HostConfig.deployDescriptor Deploying deployment descriptor [D:\JAVA_FULL_STACK\RestAPI\jerseyProject1\src\main\webapp\conf\Catalina\localhost\jerseyProject1.xml]
05-Jun-2026 11:41:24.381 INFO [main] org.apache.jasper.servlet.TldScanner.scanJars At least one JAR was scanned for TLDs yet contained no TLDs. Enable debug logging for this logger for a complete list of JARs that were scanned but no TLDs were found in them. Skipping unneeded JARs during scanning can improve startup time and JSP compilation time.
05-Jun-2026 11:42:14.548 INFO [main] org.apache.catalina.startup.HostConfig.deployDescriptor Deployment of deployment descriptor [D:\JAVA_FULL_STACK\RestAPI\jerseyProject1\src\main\webapp\conf\Catalina\localhost\jerseyProject1.xml] has finished in [57,496] ms
05-Jun-2026 11:42:14.551 INFO [main] org.apache.catalina.startup.HostConfig.deployDescriptor Deploying deployment descriptor [D:\JAVA_FULL_STACK\RestAPI\jerseyProject1\src\main\webapp\conf\Catalina\localhost\registrationWebApp.xml]
05-Jun-2026 11:42:15.022 INFO [main] org.apache.catalina.startup.HostConfig.deployDescriptor Deployment of deployment descriptor [D:\JAVA_FULL_STACK\RestAPI\jerseyProject1\src\main\webapp\conf\Catalina\localhost\registrationWebApp.xml] has finished in [470] ms
05-Jun-2026 11:42:15.039 INFO [main] org.apache.coyote.AbstractProtocol.start Starting ProtocolHandler ["http-nio-8080"]
05-Jun-2026 11:42:15.141 INFO [main] org.apache.catalina.startup.Catalina.start Server startup in [58172] milliseconds
05-Jun-2026 11:42:24.771 WARNING [http-nio-8080-exec-2] org.glassfish.jersey.server.ServerRuntime$Responder.process An exception mapping did not successfully produce and processed a response. Logging the exception propagated to the default exception mapper.
	jakarta.ws.rs.ProcessingException: Error deserializing object from entity stream.
		at org.glassfish.jersey.jsonb.internal.JsonBindingProvider.readFrom(JsonBindingProvider.java:93)
		at org.glassfish.jersey.message.internal.ReaderInterceptorExecutor$TerminalReaderInterceptor.invokeReadFrom(ReaderInterceptorExecutor.java:235)
		at org.glassfish.jersey.message.internal.ReaderInterceptorExecutor$TerminalReaderInterceptor.aroundReadFrom(ReaderInterceptorExecutor.java:214)
		at org.glassfish.jersey.message.internal.ReaderInterceptorExecutor.proceed(ReaderInterceptorExecutor.java:134)
		at org.glassfish.jersey.server.internal.MappableExceptionWrapperInterceptor.aroundReadFrom(MappableExceptionWrapperInterceptor.java:49)
		at org.glassfish.jersey.message.internal.ReaderInterceptorExecutor.proceed(ReaderInterceptorExecutor.java:134)
		at org.glassfish.jersey.message.internal.MessageBodyFactory.readFrom(MessageBodyFactory.java:1072)
		at org.glassfish.jersey.message.internal.InboundMessageContext.readEntity(InboundMessageContext.java:657)
		at org.glassfish.jersey.server.ContainerRequest.readEntity(ContainerRequest.java:290)
		at org.glassfish.jersey.server.internal.inject.EntityParamValueParamProvider$EntityValueSupplier.apply(EntityParamValueParamProvider.java:73)
		at org.glassfish.jersey.server.internal.inject.EntityParamValueParamProvider$EntityValueSupplier.apply(EntityParamValueParamProvider.java:56)
		at org.glassfish.jersey.server.spi.internal.ParamValueFactoryWithSource.apply(ParamValueFactoryWithSource.java:50)
		at org.glassfish.jersey.server.spi.internal.ParameterValueHelper.getParameterValues(ParameterValueHelper.java:68)
		at org.glassfish.jersey.server.model.internal.JavaResourceMethodDispatcherProvider$AbstractMethodParamInvoker.getParamValues(JavaResourceMethodDispatcherProvider.java:109)
		at org.glassfish.jersey.server.model.internal.JavaResourceMethodDispatcherProvider$TypeOutInvoker.doDispatch(JavaResourceMethodDispatcherProvider.java:219)
		at org.glassfish.jersey.server.model.internal.AbstractJavaResourceMethodDispatcher.dispatch(AbstractJavaResourceMethodDispatcher.java:93)
		at org.glassfish.jersey.server.model.ResourceMethodInvoker.invoke(ResourceMethodInvoker.java:478)
		at org.glassfish.jersey.server.model.ResourceMethodInvoker.apply(ResourceMethodInvoker.java:400)
		at org.glassfish.jersey.server.model.ResourceMethodInvoker.apply(ResourceMethodInvoker.java:81)
		at org.glassfish.jersey.server.ServerRuntime$1.run(ServerRuntime.java:263)
		at org.glassfish.jersey.internal.Errors$1.call(Errors.java:248)
		at org.glassfish.jersey.internal.Errors$1.call(Errors.java:244)
		at org.glassfish.jersey.internal.Errors.process(Errors.java:292)
		at org.glassfish.jersey.internal.Errors.process(Errors.java:274)
		at org.glassfish.jersey.internal.Errors.process(Errors.java:244)
		at org.glassfish.jersey.process.internal.RequestScope.runInScope(RequestScope.java:266)
		at org.glassfish.jersey.server.ServerRuntime.process(ServerRuntime.java:242)
		at org.glassfish.jersey.server.ApplicationHandler.handle(ApplicationHandler.java:697)
		at org.glassfish.jersey.servlet.WebComponent.serviceImpl(WebComponent.java:394)
		at org.glassfish.jersey.servlet.WebComponent.service(WebComponent.java:346)
		at org.glassfish.jersey.servlet.ServletContainer.service(ServletContainer.java:358)
		at org.glassfish.jersey.servlet.ServletContainer.service(ServletContainer.java:312)
		at org.glassfish.jersey.servlet.ServletContainer.service(ServletContainer.java:205)
		at org.apache.catalina.core.ApplicationFilterChain.internalDoFilter(ApplicationFilterChain.java:193)
		at org.apache.catalina.core.ApplicationFilterChain.doFilter(ApplicationFilterChain.java:138)
		at org.apache.tomcat.websocket.server.WsFilter.doFilter(WsFilter.java:51)
		at org.apache.catalina.core.ApplicationFilterChain.internalDoFilter(ApplicationFilterChain.java:162)
		at org.apache.catalina.core.ApplicationFilterChain.doFilter(ApplicationFilterChain.java:138)
		at org.apache.catalina.core.StandardWrapperValve.invoke(StandardWrapperValve.java:165)
		at org.apache.catalina.core.StandardContextValve.invoke(StandardContextValve.java:88)
		at org.apache.catalina.authenticator.AuthenticatorBase.invoke(AuthenticatorBase.java:492)
		at org.apache.catalina.core.StandardHostValve.invoke(StandardHostValve.java:113)
		at org.apache.catalina.valves.ErrorReportValve.invoke(ErrorReportValve.java:83)
		at org.apache.catalina.valves.AbstractAccessLogValve.invoke(AbstractAccessLogValve.java:782)
		at org.apache.catalina.core.StandardEngineValve.invoke(StandardEngineValve.java:72)
		at org.apache.catalina.connector.CoyoteAdapter.service(CoyoteAdapter.java:342)
		at org.apache.coyote.http11.Http11Processor.service(Http11Processor.java:399)
		at org.apache.coyote.AbstractProcessorLight.process(AbstractProcessorLight.java:63)
		at org.apache.coyote.AbstractProtocol$ConnectionHandler.process(AbstractProtocol.java:1272)
		at org.apache.tomcat.util.net.NioEndpoint$SocketProcessor.doRun(NioEndpoint.java:1797)
		at org.apache.tomcat.util.net.SocketProcessorBase.run(SocketProcessorBase.java:52)
		at org.apache.tomcat.util.threads.ThreadPoolExecutor.runWorker(ThreadPoolExecutor.java:973)
		at org.apache.tomcat.util.threads.ThreadPoolExecutor$Worker.run(ThreadPoolExecutor.java:491)
		at org.apache.tomcat.util.threads.TaskThread$WrappingRunnable.run(TaskThread.java:63)
		at java.base/java.lang.Thread.run(Thread.java:1474)
	Caused by: jakarta.json.bind.JsonbException: Incorrect position for processing type: int. Received event: START_OBJECT Allowed: [VALUE_NULL, VALUE_STRING, VALUE_NUMBER, VALUE_FALSE, VALUE_TRUE]
		at org.eclipse.yasson.internal.deserializer.PositionChecker.deserialize(PositionChecker.java:80)
		at org.eclipse.yasson.internal.deserializer.PositionChecker.deserialize(PositionChecker.java:34)
		at org.eclipse.yasson.internal.deserializer.NullCheckDeserializer.deserialize(NullCheckDeserializer.java:46)
		at org.eclipse.yasson.internal.deserializer.NullCheckDeserializer.deserialize(NullCheckDeserializer.java:26)
		at org.eclipse.yasson.internal.DeserializationContextImpl.deserializeItem(DeserializationContextImpl.java:138)
		at org.eclipse.yasson.internal.DeserializationContextImpl.deserialize(DeserializationContextImpl.java:127)
		at org.eclipse.yasson.internal.JsonBinding.deserialize(JsonBinding.java:55)
		at org.eclipse.yasson.internal.JsonBinding.fromJson(JsonBinding.java:102)
		at org.glassfish.jersey.jsonb.internal.JsonBindingProvider.readFrom(JsonBindingProvider.java:91)
		... 54 more
05-Jun-2026 11:43:38.656 INFO [Thread-1] org.apache.coyote.AbstractProtocol.pause Pausing ProtocolHandler ["http-nio-8080"]
05-Jun-2026 11:43:38.669 INFO [Thread-1] org.apache.catalina.core.StandardService.stopInternal Stopping service [Catalina]
05-Jun-2026 11:43:38.717 INFO [Thread-1] org.apache.coyote.AbstractProtocol.stop Stopping ProtocolHandler ["http-nio-8080"]
05-Jun-2026 11:43:38.724 INFO [Thread-1] org.apache.coyote.AbstractProtocol.destroy Destroying ProtocolHandler ["http-nio-8080"]
05-Jun-2026 11:43:42.075 INFO [main] org.apache.catalina.startup.VersionLoggerListener.log Server version name:   Apache Tomcat/10.1.55
05-Jun-2026 11:43:42.078 INFO [main] org.apache.catalina.startup.VersionLoggerListener.log Server built:          May 5 2026 13:33:02 UTC
05-Jun-2026 11:43:42.078 INFO [main] org.apache.catalina.startup.VersionLoggerListener.log Server version number: 10.1.55.0
05-Jun-2026 11:43:42.078 INFO [main] org.apache.catalina.startup.VersionLoggerListener.log OS Name:               Windows 11
05-Jun-2026 11:43:42.078 INFO [main] org.apache.catalina.startup.VersionLoggerListener.log OS Version:            10.0
05-Jun-2026 11:43:42.078 INFO [main] org.apache.catalina.startup.VersionLoggerListener.log Architecture:          amd64
05-Jun-2026 11:43:42.079 INFO [main] org.apache.catalina.startup.VersionLoggerListener.log Java Home:             C:\Program Files\JetBrains\IntelliJ IDEA 2026.1.2\jbr
05-Jun-2026 11:43:42.079 INFO [main] org.apache.catalina.startup.VersionLoggerListener.log JVM Version:           25.0.2+1-b329.117
05-Jun-2026 11:43:42.079 INFO [main] org.apache.catalina.startup.VersionLoggerListener.log JVM Vendor:            JetBrains s.r.o.
05-Jun-2026 11:43:42.079 INFO [main] org.apache.catalina.startup.VersionLoggerListener.log CATALINA_BASE:         D:\JAVA_FULL_STACK\RestAPI\jerseyProject1\src\main\webapp
05-Jun-2026 11:43:42.079 INFO [main] org.apache.catalina.startup.VersionLoggerListener.log CATALINA_HOME:         C:\Program Files\Apache Software Foundation\Tomcat 10.1
05-Jun-2026 11:43:42.092 INFO [main] org.apache.catalina.startup.VersionLoggerListener.log Command line argument: --add-opens=java.base/java.lang=ALL-UNNAMED
05-Jun-2026 11:43:42.093 INFO [main] org.apache.catalina.startup.VersionLoggerListener.log Command line argument: --add-opens=java.base/java.io=ALL-UNNAMED
05-Jun-2026 11:43:42.093 INFO [main] org.apache.catalina.startup.VersionLoggerListener.log Command line argument: --add-opens=java.base/java.util=ALL-UNNAMED
05-Jun-2026 11:43:42.093 INFO [main] org.apache.catalina.startup.VersionLoggerListener.log Command line argument: --add-opens=java.base/java.util.concurrent=ALL-UNNAMED
05-Jun-2026 11:43:42.093 INFO [main] org.apache.catalina.startup.VersionLoggerListener.log Command line argument: --add-opens=java.rmi/sun.rmi.transport=ALL-UNNAMED
05-Jun-2026 11:43:42.093 INFO [main] org.apache.catalina.startup.VersionLoggerListener.log Command line argument: -Dcatalina.home=C:\Program Files\Apache Software Foundation\Tomcat 10.1
05-Jun-2026 11:43:42.093 INFO [main] org.apache.catalina.startup.VersionLoggerListener.log Command line argument: -Dcatalina.base=D:\JAVA_FULL_STACK\RestAPI\jerseyProject1\src\main\webapp
05-Jun-2026 11:43:42.093 INFO [main] org.apache.catalina.startup.VersionLoggerListener.log Command line argument: -Djava.io.tmpdir=D:\JAVA_FULL_STACK\RestAPI\jerseyProject1\src\main\webapp\temp
05-Jun-2026 11:43:42.093 INFO [main] org.apache.catalina.startup.VersionLoggerListener.log Command line argument: -Djava.util.logging.config.file=D:\JAVA_FULL_STACK\RestAPI\jerseyProject1\src\main\webapp\conf\logging.properties
05-Jun-2026 11:43:42.093 INFO [main] org.apache.catalina.startup.VersionLoggerListener.log Command line argument: -Djava.util.logging.manager=org.apache.juli.ClassLoaderLogManager
05-Jun-2026 11:43:42.093 INFO [main] org.apache.catalina.startup.VersionLoggerListener.log Command line argument: -javaagent:C:\Program Files\JetBrains\IntelliJ IDEA 2026.1.2\lib\idea_rt.jar=56597
05-Jun-2026 11:43:42.093 INFO [main] org.apache.catalina.startup.VersionLoggerListener.log Command line argument: -Dfile.encoding=UTF-8
05-Jun-2026 11:43:42.094 INFO [main] org.apache.catalina.startup.VersionLoggerListener.log Command line argument: -Dsun.stdout.encoding=UTF-8
05-Jun-2026 11:43:42.094 INFO [main] org.apache.catalina.startup.VersionLoggerListener.log Command line argument: -Dsun.stderr.encoding=UTF-8
05-Jun-2026 11:43:42.129 INFO [main] org.apache.catalina.core.AprLifecycleListener.lifecycleEvent The Apache Tomcat Native library which allows using OpenSSL was not found on the java.library.path: [C:\Program Files\JetBrains\IntelliJ IDEA 2026.1.2\jbr\bin;C:\WINDOWS\Sun\Java\bin;C:\WINDOWS\system32;C:\WINDOWS;C:\Program Files\Common Files\Oracle\Java\javapath;C:\WINDOWS\system32;C:\WINDOWS;C:\WINDOWS\System32\Wbem;C:\WINDOWS\System32\WindowsPowerShell\v1.0\;C:\WINDOWS\System32\OpenSSH\;C:\Program Files (x86)\NVIDIA Corporation\PhysX\Common;C:\Program Files\NVIDIA Corporation\NVIDIA NvDLISR;C:\Program Files\MySQL\MySQL Server 8.0\bin;C:\Program Files\nodejs\;C:\Program Files\Git\cmd;C:\Program Files\PuTTY\;C:\Program Files\dotnet\;C:\apache-maven-3.9.16-bin\apache-maven-3.9.16\bin;C:\Program Files\Java\jdk-26\bin;D:\gradle-8.14.5\bin;C:\Program Files\MySQL\MySQL Shell 8.0\bin\;D:\anaconda3;D:\anaconda3\Library\mingw-w64\bin;D:\anaconda3\Library\usr\bin;D:\anaconda3\Library\bin;D:\anaconda3\Scripts;C:\Users\Harsh Khatana\AppData\Local\Programs\Python\Python313\Scripts\;C:\Users\Harsh Khatana\AppData\Local\Programs\Python\Python313\;C:\Users\Harsh Khatana\AppData\Local\Programs\Python\Launcher\;C:\Users\Harsh Khatana\AppData\Local\Microsoft\WindowsApps;C:\Users\Harsh Khatana\AppData\Roaming\npm;D:\vs code setup\Microsoft VS Code\bin;;.]
05-Jun-2026 11:43:42.490 INFO [main] org.apache.coyote.AbstractProtocol.init Initializing ProtocolHandler ["http-nio-8080"]
05-Jun-2026 11:43:42.511 INFO [main] org.apache.catalina.startup.Catalina.load Server initialization in [690] milliseconds
05-Jun-2026 11:43:42.570 INFO [main] org.apache.catalina.core.StandardService.startInternal Starting service [Catalina]
05-Jun-2026 11:43:42.571 INFO [main] org.apache.catalina.core.StandardEngine.startInternal Starting Servlet engine: [Apache Tomcat/10.1.55]
05-Jun-2026 11:43:42.588 INFO [main] org.apache.catalina.startup.HostConfig.deployDescriptor Deploying deployment descriptor [D:\JAVA_FULL_STACK\RestAPI\jerseyProject1\src\main\webapp\conf\Catalina\localhost\jerseyProject1.xml]
05-Jun-2026 11:43:53.972 INFO [main] org.apache.catalina.startup.VersionLoggerListener.log Server version name:   Apache Tomcat/10.1.55
05-Jun-2026 11:43:53.976 INFO [main] org.apache.catalina.startup.VersionLoggerListener.log Server built:          May 5 2026 13:33:02 UTC
05-Jun-2026 11:43:53.976 INFO [main] org.apache.catalina.startup.VersionLoggerListener.log Server version number: 10.1.55.0
05-Jun-2026 11:43:53.976 INFO [main] org.apache.catalina.startup.VersionLoggerListener.log OS Name:               Windows 11
05-Jun-2026 11:43:53.976 INFO [main] org.apache.catalina.startup.VersionLoggerListener.log OS Version:            10.0
05-Jun-2026 11:43:53.977 INFO [main] org.apache.catalina.startup.VersionLoggerListener.log Architecture:          amd64
05-Jun-2026 11:43:53.977 INFO [main] org.apache.catalina.startup.VersionLoggerListener.log Java Home:             C:\Program Files\JetBrains\IntelliJ IDEA 2026.1.2\jbr
05-Jun-2026 11:43:53.977 INFO [main] org.apache.catalina.startup.VersionLoggerListener.log JVM Version:           25.0.2+1-b329.117
05-Jun-2026 11:43:53.977 INFO [main] org.apache.catalina.startup.VersionLoggerListener.log JVM Vendor:            JetBrains s.r.o.
05-Jun-2026 11:43:53.977 INFO [main] org.apache.catalina.startup.VersionLoggerListener.log CATALINA_BASE:         D:\JAVA_FULL_STACK\RestAPI\jerseyProject1\src\main\webapp
05-Jun-2026 11:43:53.977 INFO [main] org.apache.catalina.startup.VersionLoggerListener.log CATALINA_HOME:         C:\Program Files\Apache Software Foundation\Tomcat 10.1
05-Jun-2026 11:43:53.992 INFO [main] org.apache.catalina.startup.VersionLoggerListener.log Command line argument: --add-opens=java.base/java.lang=ALL-UNNAMED
05-Jun-2026 11:43:53.993 INFO [main] org.apache.catalina.startup.VersionLoggerListener.log Command line argument: --add-opens=java.base/java.io=ALL-UNNAMED
05-Jun-2026 11:43:53.993 INFO [main] org.apache.catalina.startup.VersionLoggerListener.log Command line argument: --add-opens=java.base/java.util=ALL-UNNAMED
05-Jun-2026 11:43:53.993 INFO [main] org.apache.catalina.startup.VersionLoggerListener.log Command line argument: --add-opens=java.base/java.util.concurrent=ALL-UNNAMED
05-Jun-2026 11:43:53.993 INFO [main] org.apache.catalina.startup.VersionLoggerListener.log Command line argument: --add-opens=java.rmi/sun.rmi.transport=ALL-UNNAMED
05-Jun-2026 11:43:53.993 INFO [main] org.apache.catalina.startup.VersionLoggerListener.log Command line argument: -Dcatalina.home=C:\Program Files\Apache Software Foundation\Tomcat 10.1
05-Jun-2026 11:43:53.993 INFO [main] org.apache.catalina.startup.VersionLoggerListener.log Command line argument: -Dcatalina.base=D:\JAVA_FULL_STACK\RestAPI\jerseyProject1\src\main\webapp
05-Jun-2026 11:43:53.993 INFO [main] org.apache.catalina.startup.VersionLoggerListener.log Command line argument: -Djava.io.tmpdir=D:\JAVA_FULL_STACK\RestAPI\jerseyProject1\src\main\webapp\temp
05-Jun-2026 11:43:53.994 INFO [main] org.apache.catalina.startup.VersionLoggerListener.log Command line argument: -Djava.util.logging.config.file=D:\JAVA_FULL_STACK\RestAPI\jerseyProject1\src\main\webapp\conf\logging.properties
05-Jun-2026 11:43:53.994 INFO [main] org.apache.catalina.startup.VersionLoggerListener.log Command line argument: -Djava.util.logging.manager=org.apache.juli.ClassLoaderLogManager
05-Jun-2026 11:43:53.994 INFO [main] org.apache.catalina.startup.VersionLoggerListener.log Command line argument: -javaagent:C:\Program Files\JetBrains\IntelliJ IDEA 2026.1.2\lib\idea_rt.jar=56600
05-Jun-2026 11:43:53.994 INFO [main] org.apache.catalina.startup.VersionLoggerListener.log Command line argument: -Dfile.encoding=UTF-8
05-Jun-2026 11:43:53.994 INFO [main] org.apache.catalina.startup.VersionLoggerListener.log Command line argument: -Dsun.stdout.encoding=UTF-8
05-Jun-2026 11:43:53.994 INFO [main] org.apache.catalina.startup.VersionLoggerListener.log Command line argument: -Dsun.stderr.encoding=UTF-8
05-Jun-2026 11:43:54.031 INFO [main] org.apache.catalina.core.AprLifecycleListener.lifecycleEvent The Apache Tomcat Native library which allows using OpenSSL was not found on the java.library.path: [C:\Program Files\JetBrains\IntelliJ IDEA 2026.1.2\jbr\bin;C:\WINDOWS\Sun\Java\bin;C:\WINDOWS\system32;C:\WINDOWS;C:\Program Files\Common Files\Oracle\Java\javapath;C:\WINDOWS\system32;C:\WINDOWS;C:\WINDOWS\System32\Wbem;C:\WINDOWS\System32\WindowsPowerShell\v1.0\;C:\WINDOWS\System32\OpenSSH\;C:\Program Files (x86)\NVIDIA Corporation\PhysX\Common;C:\Program Files\NVIDIA Corporation\NVIDIA NvDLISR;C:\Program Files\MySQL\MySQL Server 8.0\bin;C:\Program Files\nodejs\;C:\Program Files\Git\cmd;C:\Program Files\PuTTY\;C:\Program Files\dotnet\;C:\apache-maven-3.9.16-bin\apache-maven-3.9.16\bin;C:\Program Files\Java\jdk-26\bin;D:\gradle-8.14.5\bin;C:\Program Files\MySQL\MySQL Shell 8.0\bin\;D:\anaconda3;D:\anaconda3\Library\mingw-w64\bin;D:\anaconda3\Library\usr\bin;D:\anaconda3\Library\bin;D:\anaconda3\Scripts;C:\Users\Harsh Khatana\AppData\Local\Programs\Python\Python313\Scripts\;C:\Users\Harsh Khatana\AppData\Local\Programs\Python\Python313\;C:\Users\Harsh Khatana\AppData\Local\Programs\Python\Launcher\;C:\Users\Harsh Khatana\AppData\Local\Microsoft\WindowsApps;C:\Users\Harsh Khatana\AppData\Roaming\npm;D:\vs code setup\Microsoft VS Code\bin;;.]
05-Jun-2026 11:43:54.368 INFO [main] org.apache.coyote.AbstractProtocol.init Initializing ProtocolHandler ["http-nio-8080"]
05-Jun-2026 11:43:54.389 INFO [main] org.apache.catalina.startup.Catalina.load Server initialization in [706] milliseconds
05-Jun-2026 11:43:54.448 INFO [main] org.apache.catalina.core.StandardService.startInternal Starting service [Catalina]
05-Jun-2026 11:43:54.448 INFO [main] org.apache.catalina.core.StandardEngine.startInternal Starting Servlet engine: [Apache Tomcat/10.1.55]
05-Jun-2026 11:43:54.466 INFO [main] org.apache.catalina.startup.HostConfig.deployDescriptor Deploying deployment descriptor [D:\JAVA_FULL_STACK\RestAPI\jerseyProject1\src\main\webapp\conf\Catalina\localhost\jerseyProject1.xml]
05-Jun-2026 11:44:03.195 INFO [main] org.apache.catalina.startup.VersionLoggerListener.log Server version name:   Apache Tomcat/10.1.55
05-Jun-2026 11:44:03.198 INFO [main] org.apache.catalina.startup.VersionLoggerListener.log Server built:          May 5 2026 13:33:02 UTC
05-Jun-2026 11:44:03.198 INFO [main] org.apache.catalina.startup.VersionLoggerListener.log Server version number: 10.1.55.0
05-Jun-2026 11:44:03.199 INFO [main] org.apache.catalina.startup.VersionLoggerListener.log OS Name:               Windows 11
05-Jun-2026 11:44:03.199 INFO [main] org.apache.catalina.startup.VersionLoggerListener.log OS Version:            10.0
05-Jun-2026 11:44:03.199 INFO [main] org.apache.catalina.startup.VersionLoggerListener.log Architecture:          amd64
05-Jun-2026 11:44:03.199 INFO [main] org.apache.catalina.startup.VersionLoggerListener.log Java Home:             C:\Program Files\JetBrains\IntelliJ IDEA 2026.1.2\jbr
05-Jun-2026 11:44:03.199 INFO [main] org.apache.catalina.startup.VersionLoggerListener.log JVM Version:           25.0.2+1-b329.117
05-Jun-2026 11:44:03.199 INFO [main] org.apache.catalina.startup.VersionLoggerListener.log JVM Vendor:            JetBrains s.r.o.
05-Jun-2026 11:44:03.199 INFO [main] org.apache.catalina.startup.VersionLoggerListener.log CATALINA_BASE:         D:\JAVA_FULL_STACK\RestAPI\jerseyProject1\src\main\webapp
05-Jun-2026 11:44:03.199 INFO [main] org.apache.catalina.startup.VersionLoggerListener.log CATALINA_HOME:         C:\Program Files\Apache Software Foundation\Tomcat 10.1
05-Jun-2026 11:44:03.213 INFO [main] org.apache.catalina.startup.VersionLoggerListener.log Command line argument: --add-opens=java.base/java.lang=ALL-UNNAMED
05-Jun-2026 11:44:03.213 INFO [main] org.apache.catalina.startup.VersionLoggerListener.log Command line argument: --add-opens=java.base/java.io=ALL-UNNAMED
05-Jun-2026 11:44:03.213 INFO [main] org.apache.catalina.startup.VersionLoggerListener.log Command line argument: --add-opens=java.base/java.util=ALL-UNNAMED
05-Jun-2026 11:44:03.213 INFO [main] org.apache.catalina.startup.VersionLoggerListener.log Command line argument: --add-opens=java.base/java.util.concurrent=ALL-UNNAMED
05-Jun-2026 11:44:03.213 INFO [main] org.apache.catalina.startup.VersionLoggerListener.log Command line argument: --add-opens=java.rmi/sun.rmi.transport=ALL-UNNAMED
05-Jun-2026 11:44:03.213 INFO [main] org.apache.catalina.startup.VersionLoggerListener.log Command line argument: -Dcatalina.home=C:\Program Files\Apache Software Foundation\Tomcat 10.1
05-Jun-2026 11:44:03.213 INFO [main] org.apache.catalina.startup.VersionLoggerListener.log Command line argument: -Dcatalina.base=D:\JAVA_FULL_STACK\RestAPI\jerseyProject1\src\main\webapp
05-Jun-2026 11:44:03.214 INFO [main] org.apache.catalina.startup.VersionLoggerListener.log Command line argument: -Djava.io.tmpdir=D:\JAVA_FULL_STACK\RestAPI\jerseyProject1\src\main\webapp\temp
05-Jun-2026 11:44:03.214 INFO [main] org.apache.catalina.startup.VersionLoggerListener.log Command line argument: -Djava.util.logging.config.file=D:\JAVA_FULL_STACK\RestAPI\jerseyProject1\src\main\webapp\conf\logging.properties
05-Jun-2026 11:44:03.214 INFO [main] org.apache.catalina.startup.VersionLoggerListener.log Command line argument: -Djava.util.logging.manager=org.apache.juli.ClassLoaderLogManager
05-Jun-2026 11:44:03.214 INFO [main] org.apache.catalina.startup.VersionLoggerListener.log Command line argument: -javaagent:C:\Program Files\JetBrains\IntelliJ IDEA 2026.1.2\lib\idea_rt.jar=56605
05-Jun-2026 11:44:03.214 INFO [main] org.apache.catalina.startup.VersionLoggerListener.log Command line argument: -Dfile.encoding=UTF-8
05-Jun-2026 11:44:03.214 INFO [main] org.apache.catalina.startup.VersionLoggerListener.log Command line argument: -Dsun.stdout.encoding=UTF-8
05-Jun-2026 11:44:03.214 INFO [main] org.apache.catalina.startup.VersionLoggerListener.log Command line argument: -Dsun.stderr.encoding=UTF-8
05-Jun-2026 11:44:03.246 INFO [main] org.apache.catalina.core.AprLifecycleListener.lifecycleEvent The Apache Tomcat Native library which allows using OpenSSL was not found on the java.library.path: [C:\Program Files\JetBrains\IntelliJ IDEA 2026.1.2\jbr\bin;C:\WINDOWS\Sun\Java\bin;C:\WINDOWS\system32;C:\WINDOWS;C:\Program Files\Common Files\Oracle\Java\javapath;C:\WINDOWS\system32;C:\WINDOWS;C:\WINDOWS\System32\Wbem;C:\WINDOWS\System32\WindowsPowerShell\v1.0\;C:\WINDOWS\System32\OpenSSH\;C:\Program Files (x86)\NVIDIA Corporation\PhysX\Common;C:\Program Files\NVIDIA Corporation\NVIDIA NvDLISR;C:\Program Files\MySQL\MySQL Server 8.0\bin;C:\Program Files\nodejs\;C:\Program Files\Git\cmd;C:\Program Files\PuTTY\;C:\Program Files\dotnet\;C:\apache-maven-3.9.16-bin\apache-maven-3.9.16\bin;C:\Program Files\Java\jdk-26\bin;D:\gradle-8.14.5\bin;C:\Program Files\MySQL\MySQL Shell 8.0\bin\;D:\anaconda3;D:\anaconda3\Library\mingw-w64\bin;D:\anaconda3\Library\usr\bin;D:\anaconda3\Library\bin;D:\anaconda3\Scripts;C:\Users\Harsh Khatana\AppData\Local\Programs\Python\Python313\Scripts\;C:\Users\Harsh Khatana\AppData\Local\Programs\Python\Python313\;C:\Users\Harsh Khatana\AppData\Local\Programs\Python\Launcher\;C:\Users\Harsh Khatana\AppData\Local\Microsoft\WindowsApps;C:\Users\Harsh Khatana\AppData\Roaming\npm;D:\vs code setup\Microsoft VS Code\bin;;.]
05-Jun-2026 11:44:03.577 INFO [main] org.apache.coyote.AbstractProtocol.init Initializing ProtocolHandler ["http-nio-8080"]
05-Jun-2026 11:44:03.592 INFO [main] org.apache.catalina.startup.Catalina.load Server initialization in [639] milliseconds
05-Jun-2026 11:44:03.650 INFO [main] org.apache.catalina.core.StandardService.startInternal Starting service [Catalina]
05-Jun-2026 11:44:03.650 INFO [main] org.apache.catalina.core.StandardEngine.startInternal Starting Servlet engine: [Apache Tomcat/10.1.55]
05-Jun-2026 11:44:03.670 INFO [main] org.apache.catalina.startup.HostConfig.deployDescriptor Deploying deployment descriptor [D:\JAVA_FULL_STACK\RestAPI\jerseyProject1\src\main\webapp\conf\Catalina\localhost\jerseyProject1.xml]
05-Jun-2026 11:44:10.052 INFO [main] org.apache.jasper.servlet.TldScanner.scanJars At least one JAR was scanned for TLDs yet contained no TLDs. Enable debug logging for this logger for a complete list of JARs that were scanned but no TLDs were found in them. Skipping unneeded JARs during scanning can improve startup time and JSP compilation time.
05-Jun-2026 11:44:24.344 INFO [main] org.apache.catalina.startup.HostConfig.deployDescriptor Deployment of deployment descriptor [D:\JAVA_FULL_STACK\RestAPI\jerseyProject1\src\main\webapp\conf\Catalina\localhost\jerseyProject1.xml] has finished in [20,669] ms
05-Jun-2026 11:44:24.345 INFO [main] org.apache.catalina.startup.HostConfig.deployDescriptor Deploying deployment descriptor [D:\JAVA_FULL_STACK\RestAPI\jerseyProject1\src\main\webapp\conf\Catalina\localhost\registrationWebApp.xml]
05-Jun-2026 11:44:24.446 INFO [main] org.apache.catalina.startup.HostConfig.deployDescriptor Deployment of deployment descriptor [D:\JAVA_FULL_STACK\RestAPI\jerseyProject1\src\main\webapp\conf\Catalina\localhost\registrationWebApp.xml] has finished in [101] ms
05-Jun-2026 11:44:24.453 INFO [main] org.apache.coyote.AbstractProtocol.start Starting ProtocolHandler ["http-nio-8080"]
05-Jun-2026 11:44:24.499 INFO [main] org.apache.catalina.startup.Catalina.start Server startup in [20905] milliseconds
05-Jun-2026 11:48:07.761 INFO [Thread-1] org.apache.coyote.AbstractProtocol.pause Pausing ProtocolHandler ["http-nio-8080"]
05-Jun-2026 11:48:07.793 INFO [Thread-1] org.apache.catalina.core.StandardService.stopInternal Stopping service [Catalina]
05-Jun-2026 11:48:07.853 INFO [Thread-1] org.apache.coyote.AbstractProtocol.stop Stopping ProtocolHandler ["http-nio-8080"]
05-Jun-2026 11:48:07.860 INFO [Thread-1] org.apache.coyote.AbstractProtocol.destroy Destroying ProtocolHandler ["http-nio-8080"]
05-Jun-2026 11:49:08.207 INFO [main] org.apache.catalina.startup.VersionLoggerListener.log Server version name:   Apache Tomcat/10.1.55
05-Jun-2026 11:49:08.212 INFO [main] org.apache.catalina.startup.VersionLoggerListener.log Server built:          May 5 2026 13:33:02 UTC
05-Jun-2026 11:49:08.212 INFO [main] org.apache.catalina.startup.VersionLoggerListener.log Server version number: 10.1.55.0
05-Jun-2026 11:49:08.212 INFO [main] org.apache.catalina.startup.VersionLoggerListener.log OS Name:               Windows 11
05-Jun-2026 11:49:08.212 INFO [main] org.apache.catalina.startup.VersionLoggerListener.log OS Version:            10.0
05-Jun-2026 11:49:08.212 INFO [main] org.apache.catalina.startup.VersionLoggerListener.log Architecture:          amd64
05-Jun-2026 11:49:08.212 INFO [main] org.apache.catalina.startup.VersionLoggerListener.log Java Home:             C:\Program Files\JetBrains\IntelliJ IDEA 2026.1.2\jbr
05-Jun-2026 11:49:08.212 INFO [main] org.apache.catalina.startup.VersionLoggerListener.log JVM Version:           25.0.2+1-b329.117
05-Jun-2026 11:49:08.213 INFO [main] org.apache.catalina.startup.VersionLoggerListener.log JVM Vendor:            JetBrains s.r.o.
05-Jun-2026 11:49:08.213 INFO [main] org.apache.catalina.startup.VersionLoggerListener.log CATALINA_BASE:         D:\JAVA_FULL_STACK\RestAPI\jerseyProject1\src\main\webapp
05-Jun-2026 11:49:08.213 INFO [main] org.apache.catalina.startup.VersionLoggerListener.log CATALINA_HOME:         C:\Program Files\Apache Software Foundation\Tomcat 10.1
05-Jun-2026 11:49:08.229 INFO [main] org.apache.catalina.startup.VersionLoggerListener.log Command line argument: --add-opens=java.base/java.lang=ALL-UNNAMED
05-Jun-2026 11:49:08.229 INFO [main] org.apache.catalina.startup.VersionLoggerListener.log Command line argument: --add-opens=java.base/java.io=ALL-UNNAMED
05-Jun-2026 11:49:08.229 INFO [main] org.apache.catalina.startup.VersionLoggerListener.log Command line argument: --add-opens=java.base/java.util=ALL-UNNAMED
05-Jun-2026 11:49:08.229 INFO [main] org.apache.catalina.startup.VersionLoggerListener.log Command line argument: --add-opens=java.base/java.util.concurrent=ALL-UNNAMED
05-Jun-2026 11:49:08.229 INFO [main] org.apache.catalina.startup.VersionLoggerListener.log Command line argument: --add-opens=java.rmi/sun.rmi.transport=ALL-UNNAMED
05-Jun-2026 11:49:08.229 INFO [main] org.apache.catalina.startup.VersionLoggerListener.log Command line argument: -Dcatalina.home=C:\Program Files\Apache Software Foundation\Tomcat 10.1
05-Jun-2026 11:49:08.230 INFO [main] org.apache.catalina.startup.VersionLoggerListener.log Command line argument: -Dcatalina.base=D:\JAVA_FULL_STACK\RestAPI\jerseyProject1\src\main\webapp
05-Jun-2026 11:49:08.230 INFO [main] org.apache.catalina.startup.VersionLoggerListener.log Command line argument: -Djava.io.tmpdir=D:\JAVA_FULL_STACK\RestAPI\jerseyProject1\src\main\webapp\temp
05-Jun-2026 11:49:08.230 INFO [main] org.apache.catalina.startup.VersionLoggerListener.log Command line argument: -Djava.util.logging.config.file=D:\JAVA_FULL_STACK\RestAPI\jerseyProject1\src\main\webapp\conf\logging.properties
05-Jun-2026 11:49:08.230 INFO [main] org.apache.catalina.startup.VersionLoggerListener.log Command line argument: -Djava.util.logging.manager=org.apache.juli.ClassLoaderLogManager
05-Jun-2026 11:49:08.230 INFO [main] org.apache.catalina.startup.VersionLoggerListener.log Command line argument: -javaagent:C:\Program Files\JetBrains\IntelliJ IDEA 2026.1.2\lib\idea_rt.jar=60376
05-Jun-2026 11:49:08.230 INFO [main] org.apache.catalina.startup.VersionLoggerListener.log Command line argument: -Dfile.encoding=UTF-8
05-Jun-2026 11:49:08.230 INFO [main] org.apache.catalina.startup.VersionLoggerListener.log Command line argument: -Dsun.stdout.encoding=UTF-8
05-Jun-2026 11:49:08.230 INFO [main] org.apache.catalina.startup.VersionLoggerListener.log Command line argument: -Dsun.stderr.encoding=UTF-8
05-Jun-2026 11:49:08.260 INFO [main] org.apache.catalina.core.AprLifecycleListener.lifecycleEvent The Apache Tomcat Native library which allows using OpenSSL was not found on the java.library.path: [C:\Program Files\JetBrains\IntelliJ IDEA 2026.1.2\jbr\bin;C:\WINDOWS\Sun\Java\bin;C:\WINDOWS\system32;C:\WINDOWS;C:\Program Files\Common Files\Oracle\Java\javapath;C:\WINDOWS\system32;C:\WINDOWS;C:\WINDOWS\System32\Wbem;C:\WINDOWS\System32\WindowsPowerShell\v1.0\;C:\WINDOWS\System32\OpenSSH\;C:\Program Files (x86)\NVIDIA Corporation\PhysX\Common;C:\Program Files\NVIDIA Corporation\NVIDIA NvDLISR;C:\Program Files\MySQL\MySQL Server 8.0\bin;C:\Program Files\nodejs\;C:\Program Files\Git\cmd;C:\Program Files\PuTTY\;C:\Program Files\dotnet\;C:\apache-maven-3.9.16-bin\apache-maven-3.9.16\bin;C:\Program Files\Java\jdk-26\bin;D:\gradle-8.14.5\bin;C:\Program Files\MySQL\MySQL Shell 8.0\bin\;D:\anaconda3;D:\anaconda3\Library\mingw-w64\bin;D:\anaconda3\Library\usr\bin;D:\anaconda3\Library\bin;D:\anaconda3\Scripts;C:\Users\Harsh Khatana\AppData\Local\Programs\Python\Python313\Scripts\;C:\Users\Harsh Khatana\AppData\Local\Programs\Python\Python313\;C:\Users\Harsh Khatana\AppData\Local\Programs\Python\Launcher\;C:\Users\Harsh Khatana\AppData\Local\Microsoft\WindowsApps;C:\Users\Harsh Khatana\AppData\Roaming\npm;D:\vs code setup\Microsoft VS Code\bin;;.]
05-Jun-2026 11:49:08.663 INFO [main] org.apache.coyote.AbstractProtocol.init Initializing ProtocolHandler ["http-nio-8080"]
05-Jun-2026 11:49:08.683 INFO [main] org.apache.catalina.startup.Catalina.load Server initialization in [802] milliseconds
05-Jun-2026 11:49:08.739 INFO [main] org.apache.catalina.core.StandardService.startInternal Starting service [Catalina]
05-Jun-2026 11:49:08.740 INFO [main] org.apache.catalina.core.StandardEngine.startInternal Starting Servlet engine: [Apache Tomcat/10.1.55]
05-Jun-2026 11:49:08.757 INFO [main] org.apache.catalina.startup.HostConfig.deployDescriptor Deploying deployment descriptor [D:\JAVA_FULL_STACK\RestAPI\jerseyProject1\src\main\webapp\conf\Catalina\localhost\jerseyProject1.xml]
05-Jun-2026 11:49:24.324 INFO [main] org.apache.jasper.servlet.TldScanner.scanJars At least one JAR was scanned for TLDs yet contained no TLDs. Enable debug logging for this logger for a complete list of JARs that were scanned but no TLDs were found in them. Skipping unneeded JARs during scanning can improve startup time and JSP compilation time.
05-Jun-2026 11:49:39.512 INFO [main] org.apache.catalina.startup.HostConfig.deployDescriptor Deployment of deployment descriptor [D:\JAVA_FULL_STACK\RestAPI\jerseyProject1\src\main\webapp\conf\Catalina\localhost\jerseyProject1.xml] has finished in [30,749] ms
05-Jun-2026 11:49:39.513 INFO [main] org.apache.catalina.startup.HostConfig.deployDescriptor Deploying deployment descriptor [D:\JAVA_FULL_STACK\RestAPI\jerseyProject1\src\main\webapp\conf\Catalina\localhost\registrationWebApp.xml]
05-Jun-2026 11:49:39.645 INFO [main] org.apache.catalina.startup.HostConfig.deployDescriptor Deployment of deployment descriptor [D:\JAVA_FULL_STACK\RestAPI\jerseyProject1\src\main\webapp\conf\Catalina\localhost\registrationWebApp.xml] has finished in [132] ms
05-Jun-2026 11:49:39.652 INFO [main] org.apache.coyote.AbstractProtocol.start Starting ProtocolHandler ["http-nio-8080"]
05-Jun-2026 11:49:39.701 INFO [main] org.apache.catalina.startup.Catalina.start Server startup in [31015] milliseconds
05-Jun-2026 11:56:12.943 INFO [Thread-1] org.apache.coyote.AbstractProtocol.pause Pausing ProtocolHandler ["http-nio-8080"]
05-Jun-2026 11:56:12.958 INFO [Thread-1] org.apache.catalina.core.StandardService.stopInternal Stopping service [Catalina]
05-Jun-2026 11:56:12.999 INFO [Thread-1] org.apache.coyote.AbstractProtocol.stop Stopping ProtocolHandler ["http-nio-8080"]
05-Jun-2026 11:56:13.003 INFO [Thread-1] org.apache.coyote.AbstractProtocol.destroy Destroying ProtocolHandler ["http-nio-8080"]
05-Jun-2026 11:56:16.370 INFO [main] org.apache.catalina.startup.VersionLoggerListener.log Server version name:   Apache Tomcat/10.1.55
05-Jun-2026 11:56:16.374 INFO [main] org.apache.catalina.startup.VersionLoggerListener.log Server built:          May 5 2026 13:33:02 UTC
05-Jun-2026 11:56:16.374 INFO [main] org.apache.catalina.startup.VersionLoggerListener.log Server version number: 10.1.55.0
05-Jun-2026 11:56:16.374 INFO [main] org.apache.catalina.startup.VersionLoggerListener.log OS Name:               Windows 11
05-Jun-2026 11:56:16.375 INFO [main] org.apache.catalina.startup.VersionLoggerListener.log OS Version:            10.0
05-Jun-2026 11:56:16.375 INFO [main] org.apache.catalina.startup.VersionLoggerListener.log Architecture:          amd64
05-Jun-2026 11:56:16.375 INFO [main] org.apache.catalina.startup.VersionLoggerListener.log Java Home:             C:\Program Files\JetBrains\IntelliJ IDEA 2026.1.2\jbr
05-Jun-2026 11:56:16.375 INFO [main] org.apache.catalina.startup.VersionLoggerListener.log JVM Version:           25.0.2+1-b329.117
05-Jun-2026 11:56:16.375 INFO [main] org.apache.catalina.startup.VersionLoggerListener.log JVM Vendor:            JetBrains s.r.o.
05-Jun-2026 11:56:16.375 INFO [main] org.apache.catalina.startup.VersionLoggerListener.log CATALINA_BASE:         D:\JAVA_FULL_STACK\RestAPI\jerseyProject1\src\main\webapp
05-Jun-2026 11:56:16.375 INFO [main] org.apache.catalina.startup.VersionLoggerListener.log CATALINA_HOME:         C:\Program Files\Apache Software Foundation\Tomcat 10.1
05-Jun-2026 11:56:16.393 INFO [main] org.apache.catalina.startup.VersionLoggerListener.log Command line argument: --add-opens=java.base/java.lang=ALL-UNNAMED
05-Jun-2026 11:56:16.394 INFO [main] org.apache.catalina.startup.VersionLoggerListener.log Command line argument: --add-opens=java.base/java.io=ALL-UNNAMED
05-Jun-2026 11:56:16.394 INFO [main] org.apache.catalina.startup.VersionLoggerListener.log Command line argument: --add-opens=java.base/java.util=ALL-UNNAMED
05-Jun-2026 11:56:16.394 INFO [main] org.apache.catalina.startup.VersionLoggerListener.log Command line argument: --add-opens=java.base/java.util.concurrent=ALL-UNNAMED
05-Jun-2026 11:56:16.394 INFO [main] org.apache.catalina.startup.VersionLoggerListener.log Command line argument: --add-opens=java.rmi/sun.rmi.transport=ALL-UNNAMED
05-Jun-2026 11:56:16.394 INFO [main] org.apache.catalina.startup.VersionLoggerListener.log Command line argument: -Dcatalina.home=C:\Program Files\Apache Software Foundation\Tomcat 10.1
05-Jun-2026 11:56:16.394 INFO [main] org.apache.catalina.startup.VersionLoggerListener.log Command line argument: -Dcatalina.base=D:\JAVA_FULL_STACK\RestAPI\jerseyProject1\src\main\webapp
05-Jun-2026 11:56:16.394 INFO [main] org.apache.catalina.startup.VersionLoggerListener.log Command line argument: -Djava.io.tmpdir=D:\JAVA_FULL_STACK\RestAPI\jerseyProject1\src\main\webapp\temp
05-Jun-2026 11:56:16.395 INFO [main] org.apache.catalina.startup.VersionLoggerListener.log Command line argument: -Djava.util.logging.config.file=D:\JAVA_FULL_STACK\RestAPI\jerseyProject1\src\main\webapp\conf\logging.properties
05-Jun-2026 11:56:16.395 INFO [main] org.apache.catalina.startup.VersionLoggerListener.log Command line argument: -Djava.util.logging.manager=org.apache.juli.ClassLoaderLogManager
05-Jun-2026 11:56:16.395 INFO [main] org.apache.catalina.startup.VersionLoggerListener.log Command line argument: -javaagent:C:\Program Files\JetBrains\IntelliJ IDEA 2026.1.2\lib\idea_rt.jar=61388
05-Jun-2026 11:56:16.395 INFO [main] org.apache.catalina.startup.VersionLoggerListener.log Command line argument: -Dfile.encoding=UTF-8
05-Jun-2026 11:56:16.395 INFO [main] org.apache.catalina.startup.VersionLoggerListener.log Command line argument: -Dsun.stdout.encoding=UTF-8
05-Jun-2026 11:56:16.395 INFO [main] org.apache.catalina.startup.VersionLoggerListener.log Command line argument: -Dsun.stderr.encoding=UTF-8
05-Jun-2026 11:56:16.429 INFO [main] org.apache.catalina.core.AprLifecycleListener.lifecycleEvent The Apache Tomcat Native library which allows using OpenSSL was not found on the java.library.path: [C:\Program Files\JetBrains\IntelliJ IDEA 2026.1.2\jbr\bin;C:\WINDOWS\Sun\Java\bin;C:\WINDOWS\system32;C:\WINDOWS;C:\Program Files\Common Files\Oracle\Java\javapath;C:\WINDOWS\system32;C:\WINDOWS;C:\WINDOWS\System32\Wbem;C:\WINDOWS\System32\WindowsPowerShell\v1.0\;C:\WINDOWS\System32\OpenSSH\;C:\Program Files (x86)\NVIDIA Corporation\PhysX\Common;C:\Program Files\NVIDIA Corporation\NVIDIA NvDLISR;C:\Program Files\MySQL\MySQL Server 8.0\bin;C:\Program Files\nodejs\;C:\Program Files\Git\cmd;C:\Program Files\PuTTY\;C:\Program Files\dotnet\;C:\apache-maven-3.9.16-bin\apache-maven-3.9.16\bin;C:\Program Files\Java\jdk-26\bin;D:\gradle-8.14.5\bin;C:\Program Files\MySQL\MySQL Shell 8.0\bin\;D:\anaconda3;D:\anaconda3\Library\mingw-w64\bin;D:\anaconda3\Library\usr\bin;D:\anaconda3\Library\bin;D:\anaconda3\Scripts;C:\Users\Harsh Khatana\AppData\Local\Programs\Python\Python313\Scripts\;C:\Users\Harsh Khatana\AppData\Local\Programs\Python\Python313\;C:\Users\Harsh Khatana\AppData\Local\Programs\Python\Launcher\;C:\Users\Harsh Khatana\AppData\Local\Microsoft\WindowsApps;C:\Users\Harsh Khatana\AppData\Roaming\npm;D:\vs code setup\Microsoft VS Code\bin;;.]
05-Jun-2026 11:56:16.782 INFO [main] org.apache.coyote.AbstractProtocol.init Initializing ProtocolHandler ["http-nio-8080"]
05-Jun-2026 11:56:16.808 INFO [main] org.apache.catalina.startup.Catalina.load Server initialization in [692] milliseconds
05-Jun-2026 11:56:16.876 INFO [main] org.apache.catalina.core.StandardService.startInternal Starting service [Catalina]
05-Jun-2026 11:56:16.877 INFO [main] org.apache.catalina.core.StandardEngine.startInternal Starting Servlet engine: [Apache Tomcat/10.1.55]
05-Jun-2026 11:56:16.896 INFO [main] org.apache.catalina.startup.HostConfig.deployDescriptor Deploying deployment descriptor [D:\JAVA_FULL_STACK\RestAPI\jerseyProject1\src\main\webapp\conf\Catalina\localhost\jerseyProject1.xml]
05-Jun-2026 11:56:33.136 INFO [main] org.apache.jasper.servlet.TldScanner.scanJars At least one JAR was scanned for TLDs yet contained no TLDs. Enable debug logging for this logger for a complete list of JARs that were scanned but no TLDs were found in them. Skipping unneeded JARs during scanning can improve startup time and JSP compilation time.
05-Jun-2026 11:57:02.238 INFO [main] org.apache.catalina.startup.HostConfig.deployDescriptor Deployment of deployment descriptor [D:\JAVA_FULL_STACK\RestAPI\jerseyProject1\src\main\webapp\conf\Catalina\localhost\jerseyProject1.xml] has finished in [45,336] ms
05-Jun-2026 11:57:02.241 INFO [main] org.apache.catalina.startup.HostConfig.deployDescriptor Deploying deployment descriptor [D:\JAVA_FULL_STACK\RestAPI\jerseyProject1\src\main\webapp\conf\Catalina\localhost\registrationWebApp.xml]
05-Jun-2026 11:57:02.363 INFO [main] org.apache.catalina.startup.HostConfig.deployDescriptor Deployment of deployment descriptor [D:\JAVA_FULL_STACK\RestAPI\jerseyProject1\src\main\webapp\conf\Catalina\localhost\registrationWebApp.xml] has finished in [123] ms
05-Jun-2026 11:57:02.370 INFO [main] org.apache.coyote.AbstractProtocol.start Starting ProtocolHandler ["http-nio-8080"]
05-Jun-2026 11:57:02.424 INFO [main] org.apache.catalina.startup.Catalina.start Server startup in [45613] milliseconds
05-Jun-2026 11:57:37.010 INFO [Thread-1] org.apache.coyote.AbstractProtocol.pause Pausing ProtocolHandler ["http-nio-8080"]
05-Jun-2026 11:57:37.024 INFO [Thread-1] org.apache.catalina.core.StandardService.stopInternal Stopping service [Catalina]
05-Jun-2026 11:57:37.073 INFO [Thread-1] org.apache.coyote.AbstractProtocol.stop Stopping ProtocolHandler ["http-nio-8080"]
05-Jun-2026 11:57:37.080 INFO [Thread-1] org.apache.coyote.AbstractProtocol.destroy Destroying ProtocolHandler ["http-nio-8080"]
